horizon,n_train,n_test,n_train_events,n_test_events,auc_ipcw,c_index_ipcw,brier_ipcw,target_state,transition,landmark,fold,model
1.526887086033821,91,23,64,1,0.7142857142857143,0.6818181818181819,0.04267032172494618,1,0->1,1.4514093101024628,1,parametric
1.6023648619651794,91,23,64,2,0.6569767441860463,0.6337323289650192,0.0801744581298813,1,0->1,1.4514093101024628,1,parametric
1.6778426378965379,91,23,64,5,0.764743343463955,0.7196763330887698,0.18438250591324548,1,0->1,1.4514093101024628,1,parametric
1.7533204138278962,91,23,64,5,0.8752909968770975,0.8042532652429282,0.16937615338543943,1,0->1,1.4514093101024628,1,parametric
1.8287981897592545,91,23,64,8,0.7585469382419624,0.7136832577136449,0.2500417770597739,1,0->1,1.4514093101024628,1,parametric
1.9042759656906127,91,23,64,8,0.6560002310519191,0.6313955367711577,0.22598123159889846,1,0->1,1.4514093101024628,1,parametric
1.979753741621971,91,23,64,10,0.6362950820411697,0.6644287888357868,0.2519674857493084,1,0->1,1.4514093101024628,1,parametric
2.0552315175533296,91,23,64,12,0.6980994668039737,0.613806954062867,0.2749867952994315,1,0->1,1.4514093101024628,1,parametric
2.1307092934846876,91,23,64,12,0.7144919277889229,0.6182730061974376,0.24198113902039065,1,0->1,1.4514093101024628,1,parametric
2.206187069416046,91,23,64,13,0.7684784656385562,0.6051693264669997,0.21218175743811615,1,0->1,1.4514093101024628,1,parametric
2.2816648453474047,91,23,64,13,0.7684784656385562,0.59996812769225,0.18236390153365356,1,0->1,1.4514093101024628,1,parametric
2.3571426212787627,91,23,64,13,0.7684784656385562,0.6227041428724583,0.16810703591038714,1,0->1,1.4514093101024628,1,parametric
2.4326203972101212,91,23,64,13,0.7592392328192781,0.6485128633212589,0.1561397096052941,1,0->1,1.4514093101024628,1,parametric
2.5080981731414793,91,23,64,13,0.6793651248924576,0.6434391413050817,0.13805790377457194,1,0->1,1.4514093101024628,1,parametric
2.583575949072838,91,23,64,13,0.6920635831182486,0.6243286289064456,0.14646983734128044,1,0->1,1.4514093101024628,1,parametric
2.6590537250041963,91,23,64,13,1.0,0.6295289707006535,0.050132970083225745,1,0->1,1.4514093101024628,1,parametric
2.7345315009355544,91,23,64,13,1.0,0.6147777630774713,0.049644133657662584,1,0->1,1.4514093101024628,1,parametric
2.8100092768669125,91,23,64,13,1.0,0.5892960633708051,0.0452898715571703,1,0->1,1.4514093101024628,1,parametric
2.885487052798271,91,23,64,13,1.0,0.6699110617168712,0.04503375892609955,1,0->1,1.4514093101024628,1,parametric
2.9609648287296295,91,23,64,14,,,,1,0->1,1.4514093101024628,1,parametric
3.036442604660988,91,23,64,14,,,,1,0->1,1.4514093101024628,1,parametric
3.111920380592346,91,23,64,14,,,,1,0->1,1.4514093101024628,1,parametric
3.187398156523704,91,23,64,14,,,,1,0->1,1.4514093101024628,1,parametric
3.2628759324550627,91,23,64,14,,,,1,0->1,1.4514093101024628,1,parametric
3.338353708386421,91,23,64,14,,,,1,0->1,1.4514093101024628,1,parametric
3.4138314843177797,91,23,64,14,,,,1,0->1,1.4514093101024628,1,parametric
3.489309260249138,91,23,64,14,,,,1,0->1,1.4514093101024628,1,parametric
3.5647870361804963,91,23,64,14,,,,1,0->1,1.4514093101024628,1,parametric
3.6402648121118544,91,23,64,14,,,,1,0->1,1.4514093101024628,1,parametric
3.715742588043213,91,23,64,14,,,,1,0->1,1.4514093101024628,1,parametric
1.526887086033821,208,52,108,1,0.33999999999999997,0.33333333333333337,0.01965808169464239,2,1->2,1.4514093101024628,1,parametric
1.6023648619651794,208,52,108,2,0.5827087421471406,0.5828034814925248,0.03810484359378863,2,1->2,1.4514093101024628,1,parametric
1.6778426378965379,208,52,108,5,0.6821342350405495,0.681327009586311,0.09400598979951501,2,1->2,1.4514093101024628,1,parametric
1.7533204138278962,208,52,108,7,0.7556251884534648,0.7412599789193948,0.12449776353249377,2,1->2,1.4514093101024628,1,parametric
1.8287981897592545,208,52,108,8,0.7926788626049116,0.7552593458228432,0.12760283818483326,2,1->2,1.4514093101024628,1,parametric
1.9042759656906127,208,52,108,11,0.7285565965730402,0.7175745815206517,0.17655813910813659,2,1->2,1.4514093101024628,1,parametric
1.979753741621971,208,52,108,12,0.6803451067767456,0.6799269072908534,0.19676899504501172,2,1->2,1.4514093101024628,1,parametric
2.0552315175533296,208,52,108,16,0.7167633154870651,0.6835691280591399,0.2259833599880317,2,1->2,1.4514093101024628,1,parametric
2.1307092934846876,208,52,108,17,0.7181759631094018,0.67124246808601,0.22673621308623423,2,1->2,1.4514093101024628,1,parametric
2.206187069416046,208,52,108,19,0.7130701341659167,0.6441944818846612,0.2335996113620837,2,1->2,1.4514093101024628,1,parametric
2.2816648453474047,208,52,108,23,0.7111570377781867,0.6479468879189523,0.25399541731998343,2,1->2,1.4514093101024628,1,parametric
2.3571426212787627,208,52,108,24,0.66567632592961,0.637361186730496,0.2686075992500264,2,1->2,1.4514093101024628,1,parametric
2.4326203972101212,208,52,108,24,0.708631663962564,0.657496879120454,0.2458327076937454,2,1->2,1.4514093101024628,1,parametric
2.5080981731414793,208,52,108,25,0.619760003301625,0.6558600054308644,0.2469312100151135,2,1->2,1.4514093101024628,1,parametric
2.583575949072838,208,52,108,25,0.6107112186285154,0.6550916907969733,0.22880506913260984,2,1->2,1.4514093101024628,1,parametric
2.6590537250041963,208,52,108,26,0.6856297688498325,0.6552505699062037,0.1724750345516889,2,1->2,1.4514093101024628,1,parametric
2.7345315009355544,208,52,108,26,0.5832757118457073,0.6550078864508273,0.15661751097353604,2,1->2,1.4514093101024628,1,parametric
2.8100092768669125,208,52,108,26,0.6013267706214127,0.6622683042198552,0.16215125914035433,2,1->2,1.4514093101024628,1,parametric
2.885487052798271,208,52,108,27,0.890223609924887,0.6731664633147815,0.1535695063834606,2,1->2,1.4514093101024628,1,parametric
2.9609648287296295,208,52,108,28,0.6418298032742298,0.6359903529906012,0.1889255649709747,2,1->2,1.4514093101024628,1,parametric
3.036442604660988,208,52,108,28,0.6620798951947567,0.645912139387451,0.2796417346081513,2,1->2,1.4514093101024628,1,parametric
3.111920380592346,208,52,108,29,,,,2,1->2,1.4514093101024628,1,parametric
3.187398156523704,208,52,108,29,,,,2,1->2,1.4514093101024628,1,parametric
3.2628759324550627,208,52,108,29,,,,2,1->2,1.4514093101024628,1,parametric
3.338353708386421,208,52,108,29,,,,2,1->2,1.4514093101024628,1,parametric
3.4138314843177797,208,52,108,29,,,,2,1->2,1.4514093101024628,1,parametric
3.489309260249138,208,52,108,29,,,,2,1->2,1.4514093101024628,1,parametric
3.5647870361804963,208,52,108,29,,,,2,1->2,1.4514093101024628,1,parametric
3.6402648121118544,208,52,108,29,,,,2,1->2,1.4514093101024628,1,parametric
3.715742588043213,208,52,108,29,,,,2,1->2,1.4514093101024628,1,parametric
1.526887086033821,289,72,59,0,,,,3,2->3,1.4514093101024628,1,parametric
1.6023648619651794,289,72,59,0,,,,3,2->3,1.4514093101024628,1,parametric
1.6778426378965379,289,72,59,1,,,,3,2->3,1.4514093101024628,1,parametric
1.7533204138278962,289,72,59,1,,,,3,2->3,1.4514093101024628,1,parametric
1.8287981897592545,289,72,59,1,,,,3,2->3,1.4514093101024628,1,parametric
1.9042759656906127,289,72,59,1,,,,3,2->3,1.4514093101024628,1,parametric
1.979753741621971,289,72,59,1,,,,3,2->3,1.4514093101024628,1,parametric
2.0552315175533296,289,72,59,1,,,,3,2->3,1.4514093101024628,1,parametric
2.1307092934846876,289,72,59,2,,,,3,2->3,1.4514093101024628,1,parametric
2.206187069416046,289,72,59,3,,,,3,2->3,1.4514093101024628,1,parametric
2.2816648453474047,289,72,59,4,,,,3,2->3,1.4514093101024628,1,parametric
2.3571426212787627,289,72,59,4,,,,3,2->3,1.4514093101024628,1,parametric
2.4326203972101212,289,72,59,4,,,,3,2->3,1.4514093101024628,1,parametric
2.5080981731414793,289,72,59,7,,,,3,2->3,1.4514093101024628,1,parametric
2.583575949072838,289,72,59,9,,,,3,2->3,1.4514093101024628,1,parametric
2.6590537250041963,289,72,59,10,,,,3,2->3,1.4514093101024628,1,parametric
2.7345315009355544,289,72,59,11,,,,3,2->3,1.4514093101024628,1,parametric
2.8100092768669125,289,72,59,11,,,,3,2->3,1.4514093101024628,1,parametric
2.885487052798271,289,72,59,11,,,,3,2->3,1.4514093101024628,1,parametric
2.9609648287296295,289,72,59,11,,,,3,2->3,1.4514093101024628,1,parametric
3.036442604660988,289,72,59,12,,,,3,2->3,1.4514093101024628,1,parametric
3.111920380592346,289,72,59,13,,,,3,2->3,1.4514093101024628,1,parametric
3.187398156523704,289,72,59,13,,,,3,2->3,1.4514093101024628,1,parametric
3.2628759324550627,289,72,59,13,,,,3,2->3,1.4514093101024628,1,parametric
3.338353708386421,289,72,59,13,,,,3,2->3,1.4514093101024628,1,parametric
3.4138314843177797,289,72,59,13,,,,3,2->3,1.4514093101024628,1,parametric
3.489309260249138,289,72,59,13,,,,3,2->3,1.4514093101024628,1,parametric
3.5647870361804963,289,72,59,13,,,,3,2->3,1.4514093101024628,1,parametric
3.6402648121118544,289,72,59,13,,,,3,2->3,1.4514093101024628,1,parametric
3.715742588043213,289,72,59,14,,,,3,2->3,1.4514093101024628,1,parametric
2.1607390602429706,33,5,18,0,,,,1,0->1,2.107118248939514,1,parametric
2.2143598715464274,33,5,18,1,1.0,1.0,0.18526634938842795,1,0->1,2.107118248939514,1,parametric
2.267980682849884,33,5,18,1,1.0,1.0,0.17230045446809916,1,0->1,2.107118248939514,1,parametric
2.3216014941533407,33,5,18,1,0.75,0.75,0.1674320401127759,1,0->1,2.107118248939514,1,parametric
2.375222305456797,33,5,18,1,0.75,0.75,0.16430938808249274,1,0->1,2.107118248939514,1,parametric
2.428843116760254,33,5,18,1,0.75,0.75,0.15452988240815677,1,0->1,2.107118248939514,1,parametric
2.4824639280637104,33,5,18,1,0.6666666666666667,0.75,0.14506362748209647,1,0->1,2.107118248939514,1,parametric
2.5360847393671673,33,5,18,1,0.6666666666666667,0.75,0.15823773761056137,1,0->1,2.107118248939514,1,parametric
2.5897055506706237,33,5,18,1,0.6666666666666667,0.75,0.1761824907997354,1,0->1,2.107118248939514,1,parametric
2.64332636197408,33,5,18,1,1.0,0.875,0.10029104348900209,1,0->1,2.107118248939514,1,parametric
2.696947173277537,33,5,18,1,1.0,0.75,0.10059221176695063,1,0->1,2.107118248939514,1,parametric
2.750567984580994,33,5,18,1,1.0,1.0,0.10006986152976191,1,0->1,2.107118248939514,1,parametric
2.8041887958844502,33,5,18,1,1.0,0.75,0.11303114172597539,1,0->1,2.107118248939514,1,parametric
2.8578096071879067,33,5,18,1,1.0,0.75,0.12186410592925764,1,0->1,2.107118248939514,1,parametric
2.9114304184913635,33,5,18,1,1.0,0.75,0.137877982161412,1,0->1,2.107118248939514,1,parametric
2.9650512297948204,33,5,18,2,,,,1,0->1,2.107118248939514,1,parametric
3.018672041098277,33,5,18,2,,,,1,0->1,2.107118248939514,1,parametric
3.072292852401733,33,5,18,2,,,,1,0->1,2.107118248939514,1,parametric
3.12591366370519,33,5,18,2,,,,1,0->1,2.107118248939514,1,parametric
3.1795344750086465,33,5,18,2,,,,1,0->1,2.107118248939514,1,parametric
3.233155286312103,33,5,18,2,,,,1,0->1,2.107118248939514,1,parametric
3.2867760976155598,33,5,18,2,,,,1,0->1,2.107118248939514,1,parametric
3.3403969089190166,33,5,18,2,,,,1,0->1,2.107118248939514,1,parametric
3.3940177202224735,33,5,18,2,,,,1,0->1,2.107118248939514,1,parametric
3.44763853152593,33,5,18,2,,,,1,0->1,2.107118248939514,1,parametric
3.5012593428293863,33,5,18,2,,,,1,0->1,2.107118248939514,1,parametric
3.554880154132843,33,5,18,2,,,,1,0->1,2.107118248939514,1,parametric
3.6085009654362996,33,5,18,2,,,,1,0->1,2.107118248939514,1,parametric
3.662121776739756,33,5,18,2,,,,1,0->1,2.107118248939514,1,parametric
3.715742588043213,33,5,18,2,,,,1,0->1,2.107118248939514,1,parametric
2.1607390602429706,94,26,43,1,0.9375,0.94,0.03616158500506825,2,1->2,2.107118248939514,1,parametric
2.2143598715464274,94,26,43,2,0.6421463166373294,0.6439826158902708,0.07619121979700437,2,1->2,2.107118248939514,1,parametric
2.267980682849884,94,26,43,6,0.6329451266514343,0.6330526405887138,0.23509831503455464,2,1->2,2.107118248939514,1,parametric
2.3216014941533407,94,26,43,7,0.5815733310760319,0.6061867165761581,0.2672539695564003,2,1->2,2.107118248939514,1,parametric
2.375222305456797,94,26,43,7,0.572582168951177,0.5966779348421692,0.2545676371761926,2,1->2,2.107118248939514,1,parametric
2.428843116760254,94,26,43,7,0.6160083607265275,0.601043191156907,0.23613472180369932,2,1->2,2.107118248939514,1,parametric
2.4824639280637104,94,26,43,8,0.723254924143719,0.6786996229550017,0.24271095998038722,2,1->2,2.107118248939514,1,parametric
2.5360847393671673,94,26,43,8,0.7265912516672279,0.6480400014550934,0.22553572897178603,2,1->2,2.107118248939514,1,parametric
2.5897055506706237,94,26,43,9,0.7388861736612786,0.6445371414351573,0.2555316107210247,2,1->2,2.107118248939514,1,parametric
2.64332636197408,94,26,43,9,0.7251385988851521,0.6526182244714709,0.22929000065537167,2,1->2,2.107118248939514,1,parametric
2.696947173277537,94,26,43,9,0.7118438098613957,0.6753285793275201,0.21450243370247365,2,1->2,2.107118248939514,1,parametric
2.750567984580994,94,26,43,9,0.6488458094485979,0.6746507654954955,0.20596556490904053,2,1->2,2.107118248939514,1,parametric
2.8041887958844502,94,26,43,9,0.6287207163203095,0.6630415686839246,0.216196728102171,2,1->2,2.107118248939514,1,parametric
2.8578096071879067,94,26,43,10,0.9040857188471978,0.6855027134874536,0.15659188191820259,2,1->2,2.107118248939514,1,parametric
2.9114304184913635,94,26,43,10,0.9040857188471978,0.6786986651302132,0.1873335600632367,2,1->2,2.107118248939514,1,parametric
2.9650512297948204,94,26,43,11,0.6173152851185437,0.5660726093224323,0.21462461471760982,2,1->2,2.107118248939514,1,parametric
3.018672041098277,94,26,43,11,0.5872227814623048,0.561335551690435,0.20501234710242502,2,1->2,2.107118248939514,1,parametric
3.072292852401733,94,26,43,12,,,,2,1->2,2.107118248939514,1,parametric
3.12591366370519,94,26,43,12,,,,2,1->2,2.107118248939514,1,parametric
3.1795344750086465,94,26,43,12,,,,2,1->2,2.107118248939514,1,parametric
3.233155286312103,94,26,43,12,,,,2,1->2,2.107118248939514,1,parametric
3.2867760976155598,94,26,43,12,,,,2,1->2,2.107118248939514,1,parametric
3.3403969089190166,94,26,43,12,,,,2,1->2,2.107118248939514,1,parametric
3.3940177202224735,94,26,43,12,,,,2,1->2,2.107118248939514,1,parametric
3.44763853152593,94,26,43,12,,,,2,1->2,2.107118248939514,1,parametric
3.5012593428293863,94,26,43,12,,,,2,1->2,2.107118248939514,1,parametric
3.554880154132843,94,26,43,12,,,,2,1->2,2.107118248939514,1,parametric
3.6085009654362996,94,26,43,12,,,,2,1->2,2.107118248939514,1,parametric
3.662121776739756,94,26,43,12,,,,2,1->2,2.107118248939514,1,parametric
3.715742588043213,94,26,43,12,,,,2,1->2,2.107118248939514,1,parametric
2.1607390602429706,191,47,45,0,,,,3,2->3,2.107118248939514,1,parametric
2.2143598715464274,191,47,45,1,,,,3,2->3,2.107118248939514,1,parametric
2.267980682849884,191,47,45,2,,,,3,2->3,2.107118248939514,1,parametric
2.3216014941533407,191,47,45,2,,,,3,2->3,2.107118248939514,1,parametric
2.375222305456797,191,47,45,2,,,,3,2->3,2.107118248939514,1,parametric
2.428843116760254,191,47,45,2,,,,3,2->3,2.107118248939514,1,parametric
2.4824639280637104,191,47,45,5,,,,3,2->3,2.107118248939514,1,parametric
2.5360847393671673,191,47,45,7,,,,3,2->3,2.107118248939514,1,parametric
2.5897055506706237,191,47,45,7,,,,3,2->3,2.107118248939514,1,parametric
2.64332636197408,191,47,45,8,,,,3,2->3,2.107118248939514,1,parametric
2.696947173277537,191,47,45,9,,,,3,2->3,2.107118248939514,1,parametric
2.750567984580994,191,47,45,9,,,,3,2->3,2.107118248939514,1,parametric
2.8041887958844502,191,47,45,9,,,,3,2->3,2.107118248939514,1,parametric
2.8578096071879067,191,47,45,9,,,,3,2->3,2.107118248939514,1,parametric
2.9114304184913635,191,47,45,9,,,,3,2->3,2.107118248939514,1,parametric
2.9650512297948204,191,47,45,9,,,,3,2->3,2.107118248939514,1,parametric
3.018672041098277,191,47,45,10,,,,3,2->3,2.107118248939514,1,parametric
3.072292852401733,191,47,45,11,,,,3,2->3,2.107118248939514,1,parametric
3.12591366370519,191,47,45,11,,,,3,2->3,2.107118248939514,1,parametric
3.1795344750086465,191,47,45,11,,,,3,2->3,2.107118248939514,1,parametric
3.233155286312103,191,47,45,11,,,,3,2->3,2.107118248939514,1,parametric
3.2867760976155598,191,47,45,11,,,,3,2->3,2.107118248939514,1,parametric
3.3403969089190166,191,47,45,11,,,,3,2->3,2.107118248939514,1,parametric
3.3940177202224735,191,47,45,11,,,,3,2->3,2.107118248939514,1,parametric
3.44763853152593,191,47,45,11,,,,3,2->3,2.107118248939514,1,parametric
3.5012593428293863,191,47,45,11,,,,3,2->3,2.107118248939514,1,parametric
3.554880154132843,191,47,45,11,,,,3,2->3,2.107118248939514,1,parametric
3.6085009654362996,191,47,45,11,,,,3,2->3,2.107118248939514,1,parametric
3.662121776739756,191,47,45,11,,,,3,2->3,2.107118248939514,1,parametric
3.715742588043213,191,47,45,12,,,,3,2->3,2.107118248939514,1,parametric
2.5358078122138976,12,3,8,0,,,,1,0->1,2.495120406150818,1,parametric
2.5764952182769774,12,3,8,0,,,,1,0->1,2.495120406150818,1,parametric
2.6171826243400576,12,3,8,0,,,,1,0->1,2.495120406150818,1,parametric
2.6578700304031373,12,3,8,0,,,,1,0->1,2.495120406150818,1,parametric
2.698557436466217,12,3,8,0,,,,1,0->1,2.495120406150818,1,parametric
2.739244842529297,12,3,8,0,,,,1,0->1,2.495120406150818,1,parametric
2.7799322485923765,12,3,8,0,,,,1,0->1,2.495120406150818,1,parametric
2.8206196546554567,12,3,8,0,,,,1,0->1,2.495120406150818,1,parametric
2.8613070607185365,12,3,8,0,,,,1,0->1,2.495120406150818,1,parametric
2.901994466781616,12,3,8,0,,,,1,0->1,2.495120406150818,1,parametric
2.942681872844696,12,3,8,0,,,,1,0->1,2.495120406150818,1,parametric
2.9833692789077757,12,3,8,1,,,,1,0->1,2.495120406150818,1,parametric
3.024056684970856,12,3,8,1,,,,1,0->1,2.495120406150818,1,parametric
3.0647440910339356,12,3,8,1,,,,1,0->1,2.495120406150818,1,parametric
3.1054314970970154,12,3,8,1,,,,1,0->1,2.495120406150818,1,parametric
3.146118903160095,12,3,8,1,,,,1,0->1,2.495120406150818,1,parametric
3.186806309223175,12,3,8,1,,,,1,0->1,2.495120406150818,1,parametric
3.227493715286255,12,3,8,1,,,,1,0->1,2.495120406150818,1,parametric
3.268181121349335,12,3,8,1,,,,1,0->1,2.495120406150818,1,parametric
3.3088685274124146,12,3,8,1,,,,1,0->1,2.495120406150818,1,parametric
3.3495559334754943,12,3,8,1,,,,1,0->1,2.495120406150818,1,parametric
3.390243339538574,12,3,8,1,,,,1,0->1,2.495120406150818,1,parametric
3.4309307456016542,12,3,8,1,,,,1,0->1,2.495120406150818,1,parametric
3.471618151664734,12,3,8,1,,,,1,0->1,2.495120406150818,1,parametric
3.5123055577278137,12,3,8,1,,,,1,0->1,2.495120406150818,1,parametric
3.552992963790894,12,3,8,1,,,,1,0->1,2.495120406150818,1,parametric
3.593680369853973,12,3,8,1,,,,1,0->1,2.495120406150818,1,parametric
3.6343677759170534,12,3,8,1,,,,1,0->1,2.495120406150818,1,parametric
3.675055181980133,12,3,8,1,,,,1,0->1,2.495120406150818,1,parametric
3.715742588043213,12,3,8,1,,,,1,0->1,2.495120406150818,1,parametric
2.5358078122138976,36,9,19,0,,,,2,1->2,2.495120406150818,1,parametric
2.5764952182769774,36,9,19,0,,,,2,1->2,2.495120406150818,1,parametric
2.6171826243400576,36,9,19,1,1.0,1.0,0.11274947728577511,2,1->2,2.495120406150818,1,parametric
2.6578700304031373,36,9,19,1,1.0,1.0,0.11113716252160938,2,1->2,2.495120406150818,1,parametric
2.698557436466217,36,9,19,1,0.75,0.8,0.10736449561832878,2,1->2,2.495120406150818,1,parametric
2.739244842529297,36,9,19,1,0.6666666666666667,0.8,0.10655657622754247,2,1->2,2.495120406150818,1,parametric
2.7799322485923765,36,9,19,1,0.6666666666666667,0.8,0.10950151528520043,2,1->2,2.495120406150818,1,parametric
2.8206196546554567,36,9,19,1,0.6666666666666667,0.8,0.10465193051913808,2,1->2,2.495120406150818,1,parametric
2.8613070607185365,36,9,19,2,1.0,0.8807995136998351,0.15390740301435207,2,1->2,2.495120406150818,1,parametric
2.901994466781616,36,9,19,2,1.0,0.8807995136998351,0.14453543016538106,2,1->2,2.495120406150818,1,parametric
2.942681872844696,36,9,19,2,1.0,0.8807995136998351,0.12559752169738436,2,1->2,2.495120406150818,1,parametric
2.9833692789077757,36,9,19,3,0.4400453997220304,0.4354747884221713,0.4390134814773007,2,1->2,2.495120406150818,1,parametric
3.024056684970856,36,9,19,3,0.4400453997220304,0.4354747884221713,0.41394340687471015,2,1->2,2.495120406150818,1,parametric
3.0647440910339356,36,9,19,4,,,,2,1->2,2.495120406150818,1,parametric
3.1054314970970154,36,9,19,4,,,,2,1->2,2.495120406150818,1,parametric
3.146118903160095,36,9,19,4,,,,2,1->2,2.495120406150818,1,parametric
3.186806309223175,36,9,19,4,,,,2,1->2,2.495120406150818,1,parametric
3.227493715286255,36,9,19,4,,,,2,1->2,2.495120406150818,1,parametric
3.268181121349335,36,9,19,4,,,,2,1->2,2.495120406150818,1,parametric
3.3088685274124146,36,9,19,4,,,,2,1->2,2.495120406150818,1,parametric
3.3495559334754943,36,9,19,4,,,,2,1->2,2.495120406150818,1,parametric
3.390243339538574,36,9,19,4,,,,2,1->2,2.495120406150818,1,parametric
3.4309307456016542,36,9,19,4,,,,2,1->2,2.495120406150818,1,parametric
3.471618151664734,36,9,19,4,,,,2,1->2,2.495120406150818,1,parametric
3.5123055577278137,36,9,19,4,,,,2,1->2,2.495120406150818,1,parametric
3.552992963790894,36,9,19,4,,,,2,1->2,2.495120406150818,1,parametric
3.593680369853973,36,9,19,4,,,,2,1->2,2.495120406150818,1,parametric
3.6343677759170534,36,9,19,4,,,,2,1->2,2.495120406150818,1,parametric
3.675055181980133,36,9,19,4,,,,2,1->2,2.495120406150818,1,parametric
3.715742588043213,36,9,19,4,,,,2,1->2,2.495120406150818,1,parametric
2.5358078122138976,88,23,25,2,,,,3,2->3,2.495120406150818,1,parametric
2.5764952182769774,88,23,25,2,,,,3,2->3,2.495120406150818,1,parametric
2.6171826243400576,88,23,25,2,,,,3,2->3,2.495120406150818,1,parametric
2.6578700304031373,88,23,25,3,,,,3,2->3,2.495120406150818,1,parametric
2.698557436466217,88,23,25,4,,,,3,2->3,2.495120406150818,1,parametric
2.739244842529297,88,23,25,4,,,,3,2->3,2.495120406150818,1,parametric
2.7799322485923765,88,23,25,4,,,,3,2->3,2.495120406150818,1,parametric
2.8206196546554567,88,23,25,4,,,,3,2->3,2.495120406150818,1,parametric
2.8613070607185365,88,23,25,4,,,,3,2->3,2.495120406150818,1,parametric
2.901994466781616,88,23,25,4,,,,3,2->3,2.495120406150818,1,parametric
2.942681872844696,88,23,25,4,,,,3,2->3,2.495120406150818,1,parametric
2.9833692789077757,88,23,25,4,,,,3,2->3,2.495120406150818,1,parametric
3.024056684970856,88,23,25,5,,,,3,2->3,2.495120406150818,1,parametric
3.0647440910339356,88,23,25,6,,,,3,2->3,2.495120406150818,1,parametric
3.1054314970970154,88,23,25,6,,,,3,2->3,2.495120406150818,1,parametric
3.146118903160095,88,23,25,6,,,,3,2->3,2.495120406150818,1,parametric
3.186806309223175,88,23,25,6,,,,3,2->3,2.495120406150818,1,parametric
3.227493715286255,88,23,25,6,,,,3,2->3,2.495120406150818,1,parametric
3.268181121349335,88,23,25,6,,,,3,2->3,2.495120406150818,1,parametric
3.3088685274124146,88,23,25,6,,,,3,2->3,2.495120406150818,1,parametric
3.3495559334754943,88,23,25,6,,,,3,2->3,2.495120406150818,1,parametric
3.390243339538574,88,23,25,6,,,,3,2->3,2.495120406150818,1,parametric
3.4309307456016542,88,23,25,6,,,,3,2->3,2.495120406150818,1,parametric
3.471618151664734,88,23,25,6,,,,3,2->3,2.495120406150818,1,parametric
3.5123055577278137,88,23,25,6,,,,3,2->3,2.495120406150818,1,parametric
3.552992963790894,88,23,25,6,,,,3,2->3,2.495120406150818,1,parametric
3.593680369853973,88,23,25,6,,,,3,2->3,2.495120406150818,1,parametric
3.6343677759170534,88,23,25,6,,,,3,2->3,2.495120406150818,1,parametric
3.675055181980133,88,23,25,6,,,,3,2->3,2.495120406150818,1,parametric
3.715742588043213,88,23,25,7,,,,3,2->3,2.495120406150818,1,parametric
1.526887086033821,87,27,57,1,0.8200000000000001,0.82,0.03525806260654919,1,0->1,1.4514093101024628,2,parametric
1.6023648619651794,87,27,57,1,0.88,0.88,0.0356367851208441,1,0->1,1.4514093101024628,2,parametric
1.6778426378965379,87,27,57,3,0.65538500917761,0.6381448393767237,0.0989799061205314,1,0->1,1.4514093101024628,2,parametric
1.7533204138278962,87,27,57,5,0.5777467033706076,0.5720682291598833,0.15681178770026863,1,0->1,1.4514093101024628,2,parametric
1.8287981897592545,87,27,57,9,0.5177097840365616,0.5292721879414354,0.25801388100346817,1,0->1,1.4514093101024628,2,parametric
1.9042759656906127,87,27,57,12,0.5153980602382573,0.509139268006426,0.31168913155898614,1,0->1,1.4514093101024628,2,parametric
1.979753741621971,87,27,57,13,0.556334511977186,0.5302015339843863,0.30476004096309073,1,0->1,1.4514093101024628,2,parametric
2.0552315175533296,87,27,57,16,0.6200966384122131,0.5544657471220331,0.325457886624609,1,0->1,1.4514093101024628,2,parametric
2.1307092934846876,87,27,57,16,0.663619063287867,0.5867684074714365,0.28736992944518275,1,0->1,1.4514093101024628,2,parametric
2.206187069416046,87,27,57,17,0.6445835266242491,0.6030475068027765,0.2619170493955548,1,0->1,1.4514093101024628,2,parametric
2.2816648453474047,87,27,57,17,0.7661960527128896,0.6200141451118832,0.2211415040675904,1,0->1,1.4514093101024628,2,parametric
2.3571426212787627,87,27,57,17,0.7507860118126477,0.6043876725625377,0.1971383768553423,1,0->1,1.4514093101024628,2,parametric
2.4326203972101212,87,27,57,17,0.7869998038856537,0.6390664997923623,0.20572894260558922,1,0->1,1.4514093101024628,2,parametric
2.5080981731414793,87,27,57,17,0.798155622978896,0.6563804802159121,0.23047563591834896,1,0->1,1.4514093101024628,2,parametric
2.583575949072838,87,27,57,19,0.8179210037819811,0.662506299814265,0.1814958130905038,1,0->1,1.4514093101024628,2,parametric
2.6590537250041963,87,27,57,20,0.7367206234783398,0.6456047426209752,0.15552668104300732,1,0->1,1.4514093101024628,2,parametric
2.7345315009355544,87,27,57,21,1.0,0.6627741794522959,0.0639394932579702,1,0->1,1.4514093101024628,2,parametric
2.8100092768669125,87,27,57,21,1.0,0.6777249952915457,0.059230023412328775,1,0->1,1.4514093101024628,2,parametric
2.885487052798271,87,27,57,21,1.0,0.6552547999445966,0.055578151018310464,1,0->1,1.4514093101024628,2,parametric
2.9609648287296295,87,27,57,21,1.0,0.6849053834485003,0.05193634647289039,1,0->1,1.4514093101024628,2,parametric
3.036442604660988,87,27,57,21,,,,1,0->1,1.4514093101024628,2,parametric
3.111920380592346,87,27,57,21,,,,1,0->1,1.4514093101024628,2,parametric
3.187398156523704,87,27,57,21,,,,1,0->1,1.4514093101024628,2,parametric
3.2628759324550627,87,27,57,21,,,,1,0->1,1.4514093101024628,2,parametric
3.338353708386421,87,27,57,21,,,,1,0->1,1.4514093101024628,2,parametric
3.4138314843177797,87,27,57,21,,,,1,0->1,1.4514093101024628,2,parametric
3.489309260249138,87,27,57,21,,,,1,0->1,1.4514093101024628,2,parametric
3.5647870361804963,87,27,57,21,,,,1,0->1,1.4514093101024628,2,parametric
3.6402648121118544,87,27,57,21,,,,1,0->1,1.4514093101024628,2,parametric
3.715742588043213,87,27,57,21,,,,1,0->1,1.4514093101024628,2,parametric
1.526887086033821,201,59,106,2,0.5989259065633763,0.5988312736839483,0.033644949034193905,2,1->2,1.4514093101024628,2,parametric
1.6023648619651794,201,59,106,5,0.7363906197307333,0.7094407947888021,0.0808074375861794,2,1->2,1.4514093101024628,2,parametric
1.6778426378965379,201,59,106,6,0.7318546525101939,0.7027891240759403,0.09099054015287,2,1->2,1.4514093101024628,2,parametric
1.7533204138278962,201,59,106,10,0.718280107222698,0.6766006245504592,0.14505993895786815,2,1->2,1.4514093101024628,2,parametric
1.8287981897592545,201,59,106,13,0.7199877857808092,0.6805180677442784,0.17496138245151502,2,1->2,1.4514093101024628,2,parametric
1.9042759656906127,201,59,106,17,0.7033604807100834,0.6742799619192531,0.22044623076854525,2,1->2,1.4514093101024628,2,parametric
1.979753741621971,201,59,106,19,0.7438320912991824,0.690975952480938,0.2207616960620736,2,1->2,1.4514093101024628,2,parametric
2.0552315175533296,201,59,106,22,0.7145818569033996,0.6758109163290786,0.25171001134589105,2,1->2,1.4514093101024628,2,parametric
2.1307092934846876,201,59,106,22,0.7181739506653404,0.687841130638995,0.232779697408657,2,1->2,1.4514093101024628,2,parametric
2.206187069416046,201,59,106,22,0.7173562965604778,0.7024957150706322,0.22626215884202427,2,1->2,1.4514093101024628,2,parametric
2.2816648453474047,201,59,106,23,0.7576544264827348,0.7167985817859214,0.21208786995277687,2,1->2,1.4514093101024628,2,parametric
2.3571426212787627,201,59,106,23,0.7543532694245755,0.7059269854638378,0.20395379191364488,2,1->2,1.4514093101024628,2,parametric
2.4326203972101212,201,59,106,24,0.831849701901907,0.737603323014222,0.19312808776985904,2,1->2,1.4514093101024628,2,parametric
2.5080981731414793,201,59,106,25,0.8529795131683687,0.7479865945945072,0.20938708610507356,2,1->2,1.4514093101024628,2,parametric
2.583575949072838,201,59,106,29,0.917448141579694,0.7302676967050065,0.16224727636966288,2,1->2,1.4514093101024628,2,parametric
2.6590537250041963,201,59,106,29,0.928980125793494,0.7323970449728248,0.14881589249038457,2,1->2,1.4514093101024628,2,parametric
2.7345315009355544,201,59,106,29,0.9363252469706538,0.7389360719210023,0.1472206932323144,2,1->2,1.4514093101024628,2,parametric
2.8100092768669125,201,59,106,30,0.9231157534773353,0.7466007724891719,0.14189539306022042,2,1->2,1.4514093101024628,2,parametric
2.885487052798271,201,59,106,30,0.9412465466047077,0.7413509536261268,0.09917652163522413,2,1->2,1.4514093101024628,2,parametric
2.9609648287296295,201,59,106,30,0.9252962904839228,0.747166452145482,0.09379261370582981,2,1->2,1.4514093101024628,2,parametric
3.036442604660988,201,59,106,31,,,,2,1->2,1.4514093101024628,2,parametric
3.111920380592346,201,59,106,31,,,,2,1->2,1.4514093101024628,2,parametric
3.187398156523704,201,59,106,31,,,,2,1->2,1.4514093101024628,2,parametric
3.2628759324550627,201,59,106,31,,,,2,1->2,1.4514093101024628,2,parametric
3.338353708386421,201,59,106,31,,,,2,1->2,1.4514093101024628,2,parametric
3.4138314843177797,201,59,106,31,,,,2,1->2,1.4514093101024628,2,parametric
3.489309260249138,201,59,106,31,,,,2,1->2,1.4514093101024628,2,parametric
3.5647870361804963,201,59,106,31,,,,2,1->2,1.4514093101024628,2,parametric
3.6402648121118544,201,59,106,31,,,,2,1->2,1.4514093101024628,2,parametric
3.715742588043213,201,59,106,31,,,,2,1->2,1.4514093101024628,2,parametric
1.526887086033821,284,77,56,0,,,,3,2->3,1.4514093101024628,2,parametric
1.6023648619651794,284,77,56,1,0.9071428571428571,0.9071428571428571,0.013568346160236635,3,2->3,1.4514093101024628,2,parametric
1.6778426378965379,284,77,56,1,0.9411764705882353,0.9357142857142857,0.013346930904034895,3,2->3,1.4514093101024628,2,parametric
1.7533204138278962,284,77,56,2,0.9374339731562996,0.9390946830428909,0.026674226047991804,3,2->3,1.4514093101024628,2,parametric
1.8287981897592545,284,77,56,2,0.9496146630105353,0.9513746130205988,0.02615459047546322,3,2->3,1.4514093101024628,2,parametric
1.9042759656906127,284,77,56,3,0.8292348714686049,0.8291846714252986,0.041828560602132296,3,2->3,1.4514093101024628,2,parametric
1.979753741621971,284,77,56,3,0.8006185226729385,0.804435554122074,0.04179730897196446,3,2->3,1.4514093101024628,2,parametric
2.0552315175533296,284,77,56,3,0.837973029371217,0.8374837979738337,0.041341601043820064,3,2->3,1.4514093101024628,2,parametric
2.1307092934846876,284,77,56,4,0.7102396558350181,0.694649535850867,0.05758703634292028,3,2->3,1.4514093101024628,2,parametric
2.206187069416046,284,77,56,5,0.8125921901032085,0.8013125275543426,0.07037312264975358,3,2->3,1.4514093101024628,2,parametric
2.2816648453474047,284,77,56,6,0.8168476302995132,0.8085834102849317,0.08405002863631696,3,2->3,1.4514093101024628,2,parametric
2.3571426212787627,284,77,56,7,0.874348873005319,0.8619637387867497,0.09541856390531121,3,2->3,1.4514093101024628,2,parametric
2.4326203972101212,284,77,56,7,0.8514222757665161,0.8274992762684115,0.09892491708536919,3,2->3,1.4514093101024628,2,parametric
2.5080981731414793,284,77,56,8,0.8468631525834147,0.8202696633066204,0.12615907886105204,3,2->3,1.4514093101024628,2,parametric
2.583575949072838,284,77,56,11,0.8190214381784091,0.7746475948404875,0.1782623696865663,3,2->3,1.4514093101024628,2,parametric
2.6590537250041963,284,77,56,11,0.7938712470506725,0.7755193602440165,0.19450160080606002,3,2->3,1.4514093101024628,2,parametric
2.7345315009355544,284,77,56,12,0.7790529808050657,0.7576490609211426,0.23223652978470674,3,2->3,1.4514093101024628,2,parametric
2.8100092768669125,284,77,56,15,0.8249177750914234,0.7534468940354366,0.26394506880026947,3,2->3,1.4514093101024628,2,parametric
2.885487052798271,284,77,56,15,0.7101897179933171,0.7513419805865991,0.24281703181253275,3,2->3,1.4514093101024628,2,parametric
2.9609648287296295,284,77,56,16,0.8502805476625759,0.7735690045516664,0.20313909953862364,3,2->3,1.4514093101024628,2,parametric
3.036442604660988,284,77,56,17,0.4439121143955325,0.7567237647838008,0.28169070950038494,3,2->3,1.4514093101024628,2,parametric
3.111920380592346,284,77,56,17,0.4439121143955325,0.7487812662347015,0.27215219467068713,3,2->3,1.4514093101024628,2,parametric
3.187398156523704,284,77,56,17,0.44391211439553246,0.7496937875692583,0.28168225040741074,3,2->3,1.4514093101024628,2,parametric
3.2628759324550627,284,77,56,17,,,,3,2->3,1.4514093101024628,2,parametric
3.338353708386421,284,77,56,17,,,,3,2->3,1.4514093101024628,2,parametric
3.4138314843177797,284,77,56,17,,,,3,2->3,1.4514093101024628,2,parametric
3.489309260249138,284,77,56,17,,,,3,2->3,1.4514093101024628,2,parametric
3.5647870361804963,284,77,56,17,,,,3,2->3,1.4514093101024628,2,parametric
3.6402648121118544,284,77,56,17,,,,3,2->3,1.4514093101024628,2,parametric
3.715742588043213,284,77,56,17,,,,3,2->3,1.4514093101024628,2,parametric
2.1607390602429706,28,10,15,0,,,,1,0->1,2.107118248939514,2,parametric
2.2143598715464274,28,10,15,1,1.0,1.0,0.09420922847656127,1,0->1,2.107118248939514,2,parametric
2.267980682849884,28,10,15,1,1.0,1.0,0.08311499921211848,1,0->1,2.107118248939514,2,parametric
2.3216014941533407,28,10,15,1,0.8333333333333333,0.8571428571428571,0.0811081181499432,1,0->1,2.107118248939514,2,parametric
2.375222305456797,28,10,15,1,0.6,0.7142857142857143,0.08752153601465654,1,0->1,2.107118248939514,2,parametric
2.428843116760254,28,10,15,1,0.8,0.8571428571428571,0.08766772198376602,1,0->1,2.107118248939514,2,parametric
2.4824639280637104,28,10,15,1,0.6,0.7142857142857143,0.09801849557187124,1,0->1,2.107118248939514,2,parametric
2.5360847393671673,28,10,15,2,0.5451009251471826,0.6022823046294384,0.20475994465715625,1,0->1,2.107118248939514,2,parametric
2.5897055506706237,28,10,15,4,0.6593848304788535,0.6170848359000568,0.37617655922893845,1,0->1,2.107118248939514,2,parametric
2.64332636197408,28,10,15,4,0.6593848304788535,0.6170848359000568,0.3703800710828079,1,0->1,2.107118248939514,2,parametric
2.696947173277537,28,10,15,5,1.0,0.640465344785488,0.4066515773601417,1,0->1,2.107118248939514,2,parametric
2.750567984580994,28,10,15,5,1.0,0.640465344785488,0.37987639213084434,1,0->1,2.107118248939514,2,parametric
2.8041887958844502,28,10,15,5,1.0,0.5314489738814446,0.3478497687847879,1,0->1,2.107118248939514,2,parametric
2.8578096071879067,28,10,15,5,1.0,0.5205893435765612,0.3223815580661126,1,0->1,2.107118248939514,2,parametric
2.9114304184913635,28,10,15,5,1.0,0.6131062350956751,0.2890299766279544,1,0->1,2.107118248939514,2,parametric
2.9650512297948204,28,10,15,5,1.0,0.6513249750903715,0.2796493197596388,1,0->1,2.107118248939514,2,parametric
3.018672041098277,28,10,15,5,1.0,0.6745475463824185,0.2692708388194104,1,0->1,2.107118248939514,2,parametric
3.072292852401733,28,10,15,5,,,,1,0->1,2.107118248939514,2,parametric
3.12591366370519,28,10,15,5,,,,1,0->1,2.107118248939514,2,parametric
3.1795344750086465,28,10,15,5,,,,1,0->1,2.107118248939514,2,parametric
3.233155286312103,28,10,15,5,,,,1,0->1,2.107118248939514,2,parametric
3.2867760976155598,28,10,15,5,,,,1,0->1,2.107118248939514,2,parametric
3.3403969089190166,28,10,15,5,,,,1,0->1,2.107118248939514,2,parametric
3.3940177202224735,28,10,15,5,,,,1,0->1,2.107118248939514,2,parametric
3.44763853152593,28,10,15,5,,,,1,0->1,2.107118248939514,2,parametric
3.5012593428293863,28,10,15,5,,,,1,0->1,2.107118248939514,2,parametric
3.554880154132843,28,10,15,5,,,,1,0->1,2.107118248939514,2,parametric
3.6085009654362996,28,10,15,5,,,,1,0->1,2.107118248939514,2,parametric
3.662121776739756,28,10,15,5,,,,1,0->1,2.107118248939514,2,parametric
3.715742588043213,28,10,15,5,,,,1,0->1,2.107118248939514,2,parametric
2.1607390602429706,94,26,46,0,,,,2,1->2,2.107118248939514,2,parametric
2.2143598715464274,94,26,46,1,0.6086956521739131,0.6086956521739131,0.04194068682370519,2,1->2,2.107118248939514,2,parametric
2.267980682849884,94,26,46,1,0.9500000000000001,0.9347826086956522,0.0383319034472756,2,1->2,2.107118248939514,2,parametric
2.3216014941533407,94,26,46,1,0.9444444444444444,0.9565217391304348,0.037848510147801925,2,1->2,2.107118248939514,2,parametric
2.375222305456797,94,26,46,1,0.8529411764705882,0.8260869565217391,0.04136261990392714,2,1->2,2.107118248939514,2,parametric
2.428843116760254,94,26,46,1,0.7352941176470589,0.7391304347826086,0.04769271028786627,2,1->2,2.107118248939514,2,parametric
2.4824639280637104,94,26,46,3,0.6565579019882732,0.664105473135058,0.14516016015250716,2,1->2,2.107118248939514,2,parametric
2.5360847393671673,94,26,46,4,0.6487259784166278,0.6296775974119975,0.20495906093020905,2,1->2,2.107118248939514,2,parametric
2.5897055506706237,94,26,46,7,0.6838425908724479,0.5995506601525136,0.35141632496193276,2,1->2,2.107118248939514,2,parametric
2.64332636197408,94,26,46,7,0.6937424831403679,0.5801749996161797,0.33660700590829923,2,1->2,2.107118248939514,2,parametric
2.696947173277537,94,26,46,7,0.727655768310696,0.6150212904397688,0.31261833896621904,2,1->2,2.107118248939514,2,parametric
2.750567984580994,94,26,46,8,0.892368986126899,0.6962767627160957,0.254464748373292,2,1->2,2.107118248939514,2,parametric
2.8041887958844502,94,26,46,8,0.8654612326586236,0.6834241461702723,0.2386373682510104,2,1->2,2.107118248939514,2,parametric
2.8578096071879067,94,26,46,8,0.8654612326586236,0.6905494848198344,0.23613017165408973,2,1->2,2.107118248939514,2,parametric
2.9114304184913635,94,26,46,8,0.8654612326586236,0.7126671176483734,0.19206998292575417,2,1->2,2.107118248939514,2,parametric
2.9650512297948204,94,26,46,8,0.8654612326586236,0.7206533135388623,0.174004167553639,2,1->2,2.107118248939514,2,parametric
3.018672041098277,94,26,46,9,0.8971666166266506,0.7254702030946998,0.22883925166575783,2,1->2,2.107118248939514,2,parametric
3.072292852401733,94,26,46,9,,,,2,1->2,2.107118248939514,2,parametric
3.12591366370519,94,26,46,9,,,,2,1->2,2.107118248939514,2,parametric
3.1795344750086465,94,26,46,9,,,,2,1->2,2.107118248939514,2,parametric
3.233155286312103,94,26,46,9,,,,2,1->2,2.107118248939514,2,parametric
3.2867760976155598,94,26,46,9,,,,2,1->2,2.107118248939514,2,parametric
3.3403969089190166,94,26,46,9,,,,2,1->2,2.107118248939514,2,parametric
3.3940177202224735,94,26,46,9,,,,2,1->2,2.107118248939514,2,parametric
3.44763853152593,94,26,46,9,,,,2,1->2,2.107118248939514,2,parametric
3.5012593428293863,94,26,46,9,,,,2,1->2,2.107118248939514,2,parametric
3.554880154132843,94,26,46,9,,,,2,1->2,2.107118248939514,2,parametric
3.6085009654362996,94,26,46,9,,,,2,1->2,2.107118248939514,2,parametric
3.662121776739756,94,26,46,9,,,,2,1->2,2.107118248939514,2,parametric
3.715742588043213,94,26,46,9,,,,2,1->2,2.107118248939514,2,parametric
2.1607390602429706,182,56,44,1,0.42452830188679247,0.4245283018867924,0.019142239179910075,3,2->3,2.107118248939514,2,parametric
2.2143598715464274,182,56,44,1,0.8365384615384616,0.8396226415094339,0.01856499784659196,3,2->3,2.107118248939514,2,parametric
2.267980682849884,182,56,44,2,0.9069122600928072,0.9056784280847013,0.038613738115818814,3,2->3,2.107118248939514,2,parametric
2.3216014941533407,182,56,44,2,0.9727157981024193,0.9704947142349021,0.03604009021680043,3,2->3,2.107118248939514,2,parametric
2.375222305456797,182,56,44,3,0.9806965848863016,0.9684365943150194,0.054628259273610036,3,2->3,2.107118248939514,2,parametric
2.428843116760254,182,56,44,3,0.9417497133506357,0.9370497336242432,0.051311873211714154,3,2->3,2.107118248939514,2,parametric
2.4824639280637104,182,56,44,3,0.9403461077124021,0.9270752520733232,0.049728142841180545,3,2->3,2.107118248939514,2,parametric
2.5360847393671673,182,56,44,5,0.7265118245058468,0.7158848716965848,0.10806343770213145,3,2->3,2.107118248939514,2,parametric
2.5897055506706237,182,56,44,7,0.7908465622413523,0.7592823860051954,0.15380357973652542,3,2->3,2.107118248939514,2,parametric
2.64332636197408,182,56,44,7,0.7755455251880656,0.7646691122351984,0.14832928242927354,3,2->3,2.107118248939514,2,parametric
2.696947173277537,182,56,44,8,0.7307745468161941,0.7250300988212379,0.19087273906663713,3,2->3,2.107118248939514,2,parametric
2.750567984580994,182,56,44,11,0.7126456532902455,0.6995871589223682,0.30256299509676315,3,2->3,2.107118248939514,2,parametric
2.8041887958844502,182,56,44,11,0.7659789716475165,0.697923191836332,0.2770574235126825,3,2->3,2.107118248939514,2,parametric
2.8578096071879067,182,56,44,11,0.7861534916949575,0.7137830338664137,0.25469873352247,3,2->3,2.107118248939514,2,parametric
2.9114304184913635,182,56,44,11,0.6507917978367919,0.7119171680336837,0.252032387082297,3,2->3,2.107118248939514,2,parametric
2.9650512297948204,182,56,44,12,0.7489985157460074,0.6993089648375053,0.2554289323140953,3,2->3,2.107118248939514,2,parametric
3.018672041098277,182,56,44,12,0.8328996271279624,0.6854907425317162,0.2182470866331673,3,2->3,2.107118248939514,2,parametric
3.072292852401733,182,56,44,13,0.6696232622572695,0.6931027234665597,0.26170945168485243,3,2->3,2.107118248939514,2,parametric
3.12591366370519,182,56,44,13,0.6299919560477892,0.6876416202196569,0.24212618737807806,3,2->3,2.107118248939514,2,parametric
3.1795344750086465,182,56,44,13,0.6696232622572695,0.712091936385077,0.21568745209235266,3,2->3,2.107118248939514,2,parametric
3.233155286312103,182,56,44,13,,,,3,2->3,2.107118248939514,2,parametric
3.2867760976155598,182,56,44,13,,,,3,2->3,2.107118248939514,2,parametric
3.3403969089190166,182,56,44,13,,,,3,2->3,2.107118248939514,2,parametric
3.3940177202224735,182,56,44,13,,,,3,2->3,2.107118248939514,2,parametric
3.44763853152593,182,56,44,13,,,,3,2->3,2.107118248939514,2,parametric
3.5012593428293863,182,56,44,13,,,,3,2->3,2.107118248939514,2,parametric
3.554880154132843,182,56,44,13,,,,3,2->3,2.107118248939514,2,parametric
3.6085009654362996,182,56,44,13,,,,3,2->3,2.107118248939514,2,parametric
3.662121776739756,182,56,44,13,,,,3,2->3,2.107118248939514,2,parametric
3.715742588043213,182,56,44,13,,,,3,2->3,2.107118248939514,2,parametric
2.5358078122138976,10,5,5,1,0.25,0.25,0.22239999966091598,1,0->1,2.495120406150818,2,parametric
2.5764952182769774,10,5,5,2,0.16666666666666669,0.21428571428571427,0.4276177941894536,1,0->1,2.495120406150818,2,parametric
2.6171826243400576,10,5,5,3,0.609375,0.5445344129554656,0.6496355583699548,1,0->1,2.495120406150818,2,parametric
2.6578700304031373,10,5,5,3,0.59375,0.4210526315789473,0.6087377691650395,1,0->1,2.495120406150818,2,parametric
2.698557436466217,10,5,5,4,1.0,0.6784565916398714,0.8350488962131081,1,0->1,2.495120406150818,2,parametric
2.739244842529297,10,5,5,4,1.0,0.5980707395498392,0.7880400019370191,1,0->1,2.495120406150818,2,parametric
2.7799322485923765,10,5,5,4,1.0,0.7990353697749195,0.7384710858408614,1,0->1,2.495120406150818,2,parametric
2.8206196546554567,10,5,5,4,1.0,0.7588424437299035,0.6984444327884252,1,0->1,2.495120406150818,2,parametric
2.8613070607185365,10,5,5,4,1.0,0.6784565916398714,0.6602666582107547,1,0->1,2.495120406150818,2,parametric
2.901994466781616,10,5,5,4,1.0,0.7186495176848875,0.6363066471142245,1,0->1,2.495120406150818,2,parametric
2.942681872844696,10,5,5,4,1.0,0.7186495176848875,0.5940400211694508,1,0->1,2.495120406150818,2,parametric
2.9833692789077757,10,5,5,4,1.0,0.8392282958199356,0.5657644646030008,1,0->1,2.495120406150818,2,parametric
3.024056684970856,10,5,5,4,1.0,0.7990353697749195,0.5307822074847754,1,0->1,2.495120406150818,2,parametric
3.0647440910339356,10,5,5,4,,,,1,0->1,2.495120406150818,2,parametric
3.1054314970970154,10,5,5,4,,,,1,0->1,2.495120406150818,2,parametric
3.146118903160095,10,5,5,4,,,,1,0->1,2.495120406150818,2,parametric
3.186806309223175,10,5,5,4,,,,1,0->1,2.495120406150818,2,parametric
3.227493715286255,10,5,5,4,,,,1,0->1,2.495120406150818,2,parametric
3.268181121349335,10,5,5,4,,,,1,0->1,2.495120406150818,2,parametric
3.3088685274124146,10,5,5,4,,,,1,0->1,2.495120406150818,2,parametric
3.3495559334754943,10,5,5,4,,,,1,0->1,2.495120406150818,2,parametric
3.390243339538574,10,5,5,4,,,,1,0->1,2.495120406150818,2,parametric
3.4309307456016542,10,5,5,4,,,,1,0->1,2.495120406150818,2,parametric
3.471618151664734,10,5,5,4,,,,1,0->1,2.495120406150818,2,parametric
3.5123055577278137,10,5,5,4,,,,1,0->1,2.495120406150818,2,parametric
3.552992963790894,10,5,5,4,,,,1,0->1,2.495120406150818,2,parametric
3.593680369853973,10,5,5,4,,,,1,0->1,2.495120406150818,2,parametric
3.6343677759170534,10,5,5,4,,,,1,0->1,2.495120406150818,2,parametric
3.675055181980133,10,5,5,4,,,,1,0->1,2.495120406150818,2,parametric
3.715742588043213,10,5,5,4,,,,1,0->1,2.495120406150818,2,parametric
2.5358078122138976,30,15,17,1,0.33333333333333337,0.3333333333333333,0.07443502044650811,2,1->2,2.495120406150818,2,parametric
2.5764952182769774,30,15,17,4,0.7046703296703296,0.6708183411753853,0.29265406546624706,2,1->2,2.495120406150818,2,parametric
2.6171826243400576,30,15,17,4,0.7880690737833594,0.7297490543408065,0.27853332602692527,2,1->2,2.495120406150818,2,parametric
2.6578700304031373,30,15,17,4,0.7880690737833594,0.7074222714272536,0.2732307844300148,2,1->2,2.495120406150818,2,parametric
2.698557436466217,30,15,17,4,0.6978021978021978,0.6098117907556049,0.26509346145701707,2,1->2,2.495120406150818,2,parametric
2.739244842529297,30,15,17,5,0.8779936737460462,0.6688211121894811,0.3172510255962867,2,1->2,2.495120406150818,2,parametric
2.7799322485923765,30,15,17,5,0.8348847718029824,0.6783352661838205,0.2906135808265818,2,1->2,2.495120406150818,2,parametric
2.8206196546554567,30,15,17,5,0.8161771351107094,0.6323831613529376,0.27309155381215955,2,1->2,2.495120406150818,2,parametric
2.8613070607185365,30,15,17,5,0.7248079530049707,0.6038406993699197,0.26094334450299744,2,1->2,2.495120406150818,2,parametric
2.901994466781616,30,15,17,5,0.7234523271577045,0.5943265453755804,0.24241115423298293,2,1->2,2.495120406150818,2,parametric
2.942681872844696,30,15,17,5,0.7234523271577045,0.5752982373869017,0.2201163738513385,2,1->2,2.495120406150818,2,parametric
2.9833692789077757,30,15,17,6,1.0,0.6398328024849386,0.26917061713184764,2,1->2,2.495120406150818,2,parametric
3.024056684970856,30,15,17,6,1.0,0.6484825708367554,0.2434842776472056,2,1->2,2.495120406150818,2,parametric
3.0647440910339356,30,15,17,6,,,,2,1->2,2.495120406150818,2,parametric
3.1054314970970154,30,15,17,6,,,,2,1->2,2.495120406150818,2,parametric
3.146118903160095,30,15,17,6,,,,2,1->2,2.495120406150818,2,parametric
3.186806309223175,30,15,17,6,,,,2,1->2,2.495120406150818,2,parametric
3.227493715286255,30,15,17,6,,,,2,1->2,2.495120406150818,2,parametric
3.268181121349335,30,15,17,6,,,,2,1->2,2.495120406150818,2,parametric
3.3088685274124146,30,15,17,6,,,,2,1->2,2.495120406150818,2,parametric
3.3495559334754943,30,15,17,6,,,,2,1->2,2.495120406150818,2,parametric
3.390243339538574,30,15,17,6,,,,2,1->2,2.495120406150818,2,parametric
3.4309307456016542,30,15,17,6,,,,2,1->2,2.495120406150818,2,parametric
3.471618151664734,30,15,17,6,,,,2,1->2,2.495120406150818,2,parametric
3.5123055577278137,30,15,17,6,,,,2,1->2,2.495120406150818,2,parametric
3.552992963790894,30,15,17,6,,,,2,1->2,2.495120406150818,2,parametric
3.593680369853973,30,15,17,6,,,,2,1->2,2.495120406150818,2,parametric
3.6343677759170534,30,15,17,6,,,,2,1->2,2.495120406150818,2,parametric
3.675055181980133,30,15,17,6,,,,2,1->2,2.495120406150818,2,parametric
3.715742588043213,30,15,17,6,,,,2,1->2,2.495120406150818,2,parametric
2.5358078122138976,77,34,23,1,0.43333333333333335,0.43333333333333335,0.031503994346747353,3,2->3,2.495120406150818,2,parametric
2.5764952182769774,77,34,23,3,0.576860280133488,0.5537692027180395,0.09612005005146806,3,2->3,2.495120406150818,2,parametric
2.6171826243400576,77,34,23,3,0.5353146782230094,0.5406697292025832,0.09432228682551293,3,2->3,2.495120406150818,2,parametric
2.6578700304031373,77,34,23,3,0.6079181681123362,0.5724526328366147,0.09271880714956657,3,2->3,2.495120406150818,2,parametric
2.698557436466217,77,34,23,4,0.5927492091222684,0.5661863458423425,0.1312177126575212,3,2->3,2.495120406150818,2,parametric
2.739244842529297,77,34,23,5,0.6523921931335628,0.6058426082563778,0.16963689108667346,3,2->3,2.495120406150818,2,parametric
2.7799322485923765,77,34,23,7,0.7123029584376654,0.6754815435100465,0.24067535122911543,3,2->3,2.495120406150818,2,parametric
2.8206196546554567,77,34,23,7,0.6947996257090054,0.6765178937357311,0.23471378470348384,3,2->3,2.495120406150818,2,parametric
2.8613070607185365,77,34,23,7,0.607042664517141,0.6542331578495996,0.2254006695824732,3,2->3,2.495120406150818,2,parametric
2.901994466781616,77,34,23,7,0.501133912648913,0.6198042666561202,0.21848230034110283,3,2->3,2.495120406150818,2,parametric
2.942681872844696,77,34,23,8,0.6910713154001609,0.6897851357174881,0.24630421660489088,3,2->3,2.495120406150818,2,parametric
2.9833692789077757,77,34,23,8,0.5139409548034866,0.6333309735276623,0.23995183231292425,3,2->3,2.495120406150818,2,parametric
3.024056684970856,77,34,23,8,0.509293969868991,0.6430215104084391,0.22610206137131567,3,2->3,2.495120406150818,2,parametric
3.0647440910339356,77,34,23,9,0.6323823223090451,0.6421393873101959,0.23920940809043548,3,2->3,2.495120406150818,2,parametric
3.1054314970970154,77,34,23,9,0.6323823223090452,0.6732919364999475,0.2230065945798452,3,2->3,2.495120406150818,2,parametric
3.146118903160095,77,34,23,9,0.6323823223090451,0.6659524094594693,0.20918595537035214,3,2->3,2.495120406150818,2,parametric
3.186806309223175,77,34,23,9,0.6323823223090451,0.6725364676390535,0.19202204066877027,3,2->3,2.495120406150818,2,parametric
3.227493715286255,77,34,23,9,,,,3,2->3,2.495120406150818,2,parametric
3.268181121349335,77,34,23,9,,,,3,2->3,2.495120406150818,2,parametric
3.3088685274124146,77,34,23,9,,,,3,2->3,2.495120406150818,2,parametric
3.3495559334754943,77,34,23,9,,,,3,2->3,2.495120406150818,2,parametric
3.390243339538574,77,34,23,9,,,,3,2->3,2.495120406150818,2,parametric
3.4309307456016542,77,34,23,9,,,,3,2->3,2.495120406150818,2,parametric
3.471618151664734,77,34,23,9,,,,3,2->3,2.495120406150818,2,parametric
3.5123055577278137,77,34,23,9,,,,3,2->3,2.495120406150818,2,parametric
3.552992963790894,77,34,23,9,,,,3,2->3,2.495120406150818,2,parametric
3.593680369853973,77,34,23,9,,,,3,2->3,2.495120406150818,2,parametric
3.6343677759170534,77,34,23,9,,,,3,2->3,2.495120406150818,2,parametric
3.675055181980133,77,34,23,9,,,,3,2->3,2.495120406150818,2,parametric
3.715742588043213,77,34,23,9,,,,3,2->3,2.495120406150818,2,parametric
1.526887086033821,97,17,64,1,0.71875,0.7187499999999999,0.05715729882580742,1,0->1,1.4514093101024628,3,parametric
1.6023648619651794,97,17,64,3,0.5728495524388493,0.6076677873620768,0.16595821224969398,1,0->1,1.4514093101024628,3,parametric
1.6778426378965379,97,17,64,3,0.6509023024268824,0.6457360938625252,0.15643612758614425,1,0->1,1.4514093101024628,3,parametric
1.7533204138278962,97,17,64,5,0.7171350782682564,0.6796902844449205,0.23380371036541567,1,0->1,1.4514093101024628,3,parametric
1.8287981897592545,97,17,64,6,0.6726339624216539,0.6803299954375042,0.2617505510323662,1,0->1,1.4514093101024628,3,parametric
1.9042759656906127,97,17,64,9,0.5204347177459576,0.5820204381573819,0.38010404065824877,1,0->1,1.4514093101024628,3,parametric
1.979753741621971,97,17,64,9,0.511142792978604,0.573933281717395,0.35316766475179007,1,0->1,1.4514093101024628,3,parametric
2.0552315175533296,97,17,64,10,0.49438749685575484,0.5321369546087771,0.34530622598584654,1,0->1,1.4514093101024628,3,parametric
2.1307092934846876,97,17,64,11,0.5262833893045205,0.5758243545748867,0.33215510266595066,1,0->1,1.4514093101024628,3,parametric
2.206187069416046,97,17,64,12,0.5049500290063687,0.5570511930604077,0.31778105588570305,1,0->1,1.4514093101024628,3,parametric
2.2816648453474047,97,17,64,12,0.47314507072750805,0.5176893521688047,0.29144100783946153,1,0->1,1.4514093101024628,3,parametric
2.3571426212787627,97,17,64,12,0.5123566541058618,0.4991642127426319,0.27480916648926834,1,0->1,1.4514093101024628,3,parametric
2.4326203972101212,97,17,64,12,0.4024283759965108,0.5400342252570591,0.24268105838261048,1,0->1,1.4514093101024628,3,parametric
2.5080981731414793,97,17,64,13,0.27547148418717077,0.47820278361641805,0.20670225006944407,1,0->1,1.4514093101024628,3,parametric
2.583575949072838,97,17,64,14,,,,1,0->1,1.4514093101024628,3,parametric
2.6590537250041963,97,17,64,14,,,,1,0->1,1.4514093101024628,3,parametric
2.7345315009355544,97,17,64,14,,,,1,0->1,1.4514093101024628,3,parametric
2.8100092768669125,97,17,64,14,,,,1,0->1,1.4514093101024628,3,parametric
2.885487052798271,97,17,64,14,,,,1,0->1,1.4514093101024628,3,parametric
2.9609648287296295,97,17,64,14,,,,1,0->1,1.4514093101024628,3,parametric
3.036442604660988,97,17,64,14,,,,1,0->1,1.4514093101024628,3,parametric
3.111920380592346,97,17,64,14,,,,1,0->1,1.4514093101024628,3,parametric
3.187398156523704,97,17,64,14,,,,1,0->1,1.4514093101024628,3,parametric
3.2628759324550627,97,17,64,14,,,,1,0->1,1.4514093101024628,3,parametric
3.338353708386421,97,17,64,14,,,,1,0->1,1.4514093101024628,3,parametric
3.4138314843177797,97,17,64,14,,,,1,0->1,1.4514093101024628,3,parametric
3.489309260249138,97,17,64,14,,,,1,0->1,1.4514093101024628,3,parametric
3.5647870361804963,97,17,64,14,,,,1,0->1,1.4514093101024628,3,parametric
3.6402648121118544,97,17,64,14,,,,1,0->1,1.4514093101024628,3,parametric
3.715742588043213,97,17,64,14,,,,1,0->1,1.4514093101024628,3,parametric
1.526887086033821,217,43,115,1,0.3414634146341463,0.3333333333333333,0.023728854362394622,2,1->2,1.4514093101024628,3,parametric
1.6023648619651794,217,43,115,1,0.5256410256410255,0.511904761904762,0.02422418743937954,2,1->2,1.4514093101024628,3,parametric
1.6778426378965379,217,43,115,4,0.7708698541408585,0.7366113931045624,0.08748580280735167,2,1->2,1.4514093101024628,3,parametric
1.7533204138278962,217,43,115,4,0.8296925643928372,0.7901456972027413,0.07945701009353323,2,1->2,1.4514093101024628,3,parametric
1.8287981897592545,217,43,115,7,0.7187679788040353,0.7084638829152945,0.13885177607192273,2,1->2,1.4514093101024628,3,parametric
1.9042759656906127,217,43,115,8,0.699793730444361,0.6958467002595681,0.14988813172903565,2,1->2,1.4514093101024628,3,parametric
1.979753741621971,217,43,115,8,0.7169502407260469,0.6963597398531096,0.14324332750498034,2,1->2,1.4514093101024628,3,parametric
2.0552315175533296,217,43,115,12,0.6895090539885491,0.6428046200244949,0.19422781416159085,2,1->2,1.4514093101024628,3,parametric
2.1307092934846876,217,43,115,15,0.7673238570118693,0.6832007037221471,0.2185772017038093,2,1->2,1.4514093101024628,3,parametric
2.206187069416046,217,43,115,17,0.7551461943079533,0.678962789685088,0.23345741137169576,2,1->2,1.4514093101024628,3,parametric
2.2816648453474047,217,43,115,17,0.7712306161650209,0.675644097016984,0.20893620323862924,2,1->2,1.4514093101024628,3,parametric
2.3571426212787627,217,43,115,18,0.7642805899225315,0.6780644660271796,0.211721872158712,2,1->2,1.4514093101024628,3,parametric
2.4326203972101212,217,43,115,18,0.7608093836837775,0.6985985535200945,0.19820189433796268,2,1->2,1.4514093101024628,3,parametric
2.5080981731414793,217,43,115,18,0.7579236456239313,0.6728646092656698,0.17739542777837425,2,1->2,1.4514093101024628,3,parametric
2.583575949072838,217,43,115,20,0.7400116863474251,0.6687458403521853,0.19965263384475646,2,1->2,1.4514093101024628,3,parametric
2.6590537250041963,217,43,115,21,0.8956895054919871,0.6841685815279636,0.16475712433626094,2,1->2,1.4514093101024628,3,parametric
2.7345315009355544,217,43,115,21,0.9145368224631066,0.6768673378128965,0.146489786144893,2,1->2,1.4514093101024628,3,parametric
2.8100092768669125,217,43,115,22,0.8820372104990244,0.656809840588418,0.1375008250756764,2,1->2,1.4514093101024628,3,parametric
2.885487052798271,217,43,115,22,,,,2,1->2,1.4514093101024628,3,parametric
2.9609648287296295,217,43,115,22,,,,2,1->2,1.4514093101024628,3,parametric
3.036442604660988,217,43,115,22,,,,2,1->2,1.4514093101024628,3,parametric
3.111920380592346,217,43,115,22,,,,2,1->2,1.4514093101024628,3,parametric
3.187398156523704,217,43,115,22,,,,2,1->2,1.4514093101024628,3,parametric
3.2628759324550627,217,43,115,22,,,,2,1->2,1.4514093101024628,3,parametric
3.338353708386421,217,43,115,22,,,,2,1->2,1.4514093101024628,3,parametric
3.4138314843177797,217,43,115,22,,,,2,1->2,1.4514093101024628,3,parametric
3.489309260249138,217,43,115,22,,,,2,1->2,1.4514093101024628,3,parametric
3.5647870361804963,217,43,115,22,,,,2,1->2,1.4514093101024628,3,parametric
3.6402648121118544,217,43,115,22,,,,2,1->2,1.4514093101024628,3,parametric
3.715742588043213,217,43,115,22,,,,2,1->2,1.4514093101024628,3,parametric
1.526887086033821,296,65,59,1,0.4918032786885246,0.4920634920634921,0.015543718237408832,3,2->3,1.4514093101024628,3,parametric
1.6023648619651794,296,65,59,1,0.4152542372881356,0.41269841269841273,0.015596195705670675,3,2->3,1.4514093101024628,3,parametric
1.6778426378965379,296,65,59,1,0.38181818181818183,0.373015873015873,0.015702556186834988,3,2->3,1.4514093101024628,3,parametric
1.7533204138278962,296,65,59,1,0.33636363636363636,0.3253968253968254,0.015889327583514988,3,2->3,1.4514093101024628,3,parametric
1.8287981897592545,296,65,59,1,0.7346938775510203,0.6984126984126984,0.016082240687998333,3,2->3,1.4514093101024628,3,parametric
1.9042759656906127,296,65,59,1,0.5888888888888888,0.5793650793650794,0.01705739873413597,3,2->3,1.4514093101024628,3,parametric
1.979753741621971,296,65,59,1,0.625,0.5873015873015873,0.017800182315502896,3,2->3,1.4514093101024628,3,parametric
2.0552315175533296,296,65,59,1,0.524390243902439,0.45238095238095244,0.019741342115041544,3,2->3,1.4514093101024628,3,parametric
2.1307092934846876,296,65,59,2,0.4746005042207113,0.4545175897903459,0.04231463712655516,3,2->3,1.4514093101024628,3,parametric
2.206187069416046,296,65,59,3,0.602369504859469,0.5645753031247183,0.06108486386679658,3,2->3,1.4514093101024628,3,parametric
2.2816648453474047,296,65,59,6,0.6987371199664136,0.6529497468386705,0.12339366086687316,3,2->3,1.4514093101024628,3,parametric
2.3571426212787627,296,65,59,7,0.6845674876285129,0.6129794860929986,0.1497159092210852,3,2->3,1.4514093101024628,3,parametric
2.4326203972101212,296,65,59,7,0.6919820332326592,0.6307164980874006,0.1535062084166817,3,2->3,1.4514093101024628,3,parametric
2.5080981731414793,296,65,59,7,0.6501244841815829,0.6142474822390438,0.15868731075778797,3,2->3,1.4514093101024628,3,parametric
2.583575949072838,296,65,59,8,0.6840361443255809,0.6498922280234868,0.1889874397623514,3,2->3,1.4514093101024628,3,parametric
2.6590537250041963,296,65,59,8,0.6659440661074081,0.6336638646998405,0.20516162164456647,3,2->3,1.4514093101024628,3,parametric
2.7345315009355544,296,65,59,8,0.6604189783527601,0.6355642779101958,0.21429058222418987,3,2->3,1.4514093101024628,3,parametric
2.8100092768669125,296,65,59,10,0.5705664531556341,0.5607361741995512,0.2521277851181395,3,2->3,1.4514093101024628,3,parametric
2.885487052798271,296,65,59,11,0.6238874037596047,0.6131673962078686,0.29035371495088463,3,2->3,1.4514093101024628,3,parametric
2.9609648287296295,296,65,59,12,0.449491940659123,0.508373842308084,0.37075115698566724,3,2->3,1.4514093101024628,3,parametric
3.036442604660988,296,65,59,13,0.4979967470165795,0.5454898219315548,0.4639217518954091,3,2->3,1.4514093101024628,3,parametric
3.111920380592346,296,65,59,14,0.3898264500435716,0.5335515684881895,0.49866859531870894,3,2->3,1.4514093101024628,3,parametric
3.187398156523704,296,65,59,14,0.3767121759367569,0.5363382244121858,0.5929768297557759,3,2->3,1.4514093101024628,3,parametric
3.2628759324550627,296,65,59,14,0.3767121759367569,0.4973090278027219,0.9837676230428747,3,2->3,1.4514093101024628,3,parametric
3.338353708386421,296,65,59,14,0.0,0.491840102577805,0.7991193664650571,3,2->3,1.4514093101024628,3,parametric
3.4138314843177797,296,65,59,14,,,,3,2->3,1.4514093101024628,3,parametric
3.489309260249138,296,65,59,14,,,,3,2->3,1.4514093101024628,3,parametric
3.5647870361804963,296,65,59,14,,,,3,2->3,1.4514093101024628,3,parametric
3.6402648121118544,296,65,59,14,,,,3,2->3,1.4514093101024628,3,parametric
3.715742588043213,296,65,59,14,,,,3,2->3,1.4514093101024628,3,parametric
2.1607390602429706,33,5,16,2,0.5963541666666667,0.5270004218815919,0.40451484658764264,1,0->1,2.107118248939514,3,parametric
2.2143598715464274,33,5,16,2,0.7578125,0.6621431584868513,0.3686947068748999,1,0->1,2.107118248939514,3,parametric
2.267980682849884,33,5,16,2,1.0,0.8648572633947406,0.35440541627016653,1,0->1,2.107118248939514,3,parametric
2.3216014941533407,33,5,16,2,0.671875,0.5855716495570242,0.34962682494299324,1,0->1,2.107118248939514,3,parametric
2.375222305456797,33,5,16,2,0.7526041666666667,0.653143017859654,0.3266920031873478,1,0->1,2.107118248939514,3,parametric
2.428843116760254,33,5,16,2,0.7578125,0.5945717901842216,0.3081110020649982,1,0->1,2.107118248939514,3,parametric
2.4824639280637104,33,5,16,2,0.515625,0.45942905357896213,0.30619646245543625,1,0->1,2.107118248939514,3,parametric
2.5360847393671673,33,5,16,3,0.7441803705221663,0.4198711665888235,0.4944235908323728,1,0->1,2.107118248939514,3,parametric
2.5897055506706237,33,5,16,4,,,,1,0->1,2.107118248939514,3,parametric
2.64332636197408,33,5,16,4,,,,1,0->1,2.107118248939514,3,parametric
2.696947173277537,33,5,16,4,,,,1,0->1,2.107118248939514,3,parametric
2.750567984580994,33,5,16,4,,,,1,0->1,2.107118248939514,3,parametric
2.8041887958844502,33,5,16,4,,,,1,0->1,2.107118248939514,3,parametric
2.8578096071879067,33,5,16,4,,,,1,0->1,2.107118248939514,3,parametric
2.9114304184913635,33,5,16,4,,,,1,0->1,2.107118248939514,3,parametric
2.9650512297948204,33,5,16,4,,,,1,0->1,2.107118248939514,3,parametric
3.018672041098277,33,5,16,4,,,,1,0->1,2.107118248939514,3,parametric
3.072292852401733,33,5,16,4,,,,1,0->1,2.107118248939514,3,parametric
3.12591366370519,33,5,16,4,,,,1,0->1,2.107118248939514,3,parametric
3.1795344750086465,33,5,16,4,,,,1,0->1,2.107118248939514,3,parametric
3.233155286312103,33,5,16,4,,,,1,0->1,2.107118248939514,3,parametric
3.2867760976155598,33,5,16,4,,,,1,0->1,2.107118248939514,3,parametric
3.3403969089190166,33,5,16,4,,,,1,0->1,2.107118248939514,3,parametric
3.3940177202224735,33,5,16,4,,,,1,0->1,2.107118248939514,3,parametric
3.44763853152593,33,5,16,4,,,,1,0->1,2.107118248939514,3,parametric
3.5012593428293863,33,5,16,4,,,,1,0->1,2.107118248939514,3,parametric
3.554880154132843,33,5,16,4,,,,1,0->1,2.107118248939514,3,parametric
3.6085009654362996,33,5,16,4,,,,1,0->1,2.107118248939514,3,parametric
3.662121776739756,33,5,16,4,,,,1,0->1,2.107118248939514,3,parametric
3.715742588043213,33,5,16,4,,,,1,0->1,2.107118248939514,3,parametric
2.1607390602429706,103,17,47,2,0.2692307692307692,0.30626188627083345,0.11962989729380823,2,1->2,2.107118248939514,3,parametric
2.2143598715464274,103,17,47,3,0.5633931768305491,0.504401824062411,0.1752564082760125,2,1->2,2.107118248939514,3,parametric
2.267980682849884,103,17,47,3,0.4026128768278033,0.3541251031428688,0.1712505146923079,2,1->2,2.107118248939514,3,parametric
2.3216014941533407,103,17,47,3,0.4433721737981616,0.36804168928657766,0.16491375900897562,2,1->2,2.107118248939514,3,parametric
2.375222305456797,103,17,47,4,0.6329964726028079,0.5129533790161247,0.21887703355678118,2,1->2,2.107118248939514,3,parametric
2.428843116760254,103,17,47,4,0.49982994866070385,0.41610769003824166,0.21804403437705022,2,1->2,2.107118248939514,3,parametric
2.4824639280637104,103,17,47,4,0.46838380647687544,0.417786512080025,0.20793381525060464,2,1->2,2.107118248939514,3,parametric
2.5360847393671673,103,17,47,5,0.6954266525028988,0.5638949657915648,0.2449562599440401,2,1->2,2.107118248939514,3,parametric
2.5897055506706237,103,17,47,6,0.4342359187040582,0.43358511044948833,0.35023949625754225,2,1->2,2.107118248939514,3,parametric
2.64332636197408,103,17,47,7,0.6117595260820348,0.519924800269594,0.36260637213594993,2,1->2,2.107118248939514,3,parametric
2.696947173277537,103,17,47,7,0.6117595260820348,0.5444626948333884,0.34042378582705446,2,1->2,2.107118248939514,3,parametric
2.750567984580994,103,17,47,7,0.6117595260820347,0.5444626948333884,0.3292515145884325,2,1->2,2.107118248939514,3,parametric
2.8041887958844502,103,17,47,8,0.7042621141943686,0.6151469499243203,0.31398445818619497,2,1->2,2.107118248939514,3,parametric
2.8578096071879067,103,17,47,8,,,,2,1->2,2.107118248939514,3,parametric
2.9114304184913635,103,17,47,8,,,,2,1->2,2.107118248939514,3,parametric
2.9650512297948204,103,17,47,8,,,,2,1->2,2.107118248939514,3,parametric
3.018672041098277,103,17,47,8,,,,2,1->2,2.107118248939514,3,parametric
3.072292852401733,103,17,47,8,,,,2,1->2,2.107118248939514,3,parametric
3.12591366370519,103,17,47,8,,,,2,1->2,2.107118248939514,3,parametric
3.1795344750086465,103,17,47,8,,,,2,1->2,2.107118248939514,3,parametric
3.233155286312103,103,17,47,8,,,,2,1->2,2.107118248939514,3,parametric
3.2867760976155598,103,17,47,8,,,,2,1->2,2.107118248939514,3,parametric
3.3403969089190166,103,17,47,8,,,,2,1->2,2.107118248939514,3,parametric
3.3940177202224735,103,17,47,8,,,,2,1->2,2.107118248939514,3,parametric
3.44763853152593,103,17,47,8,,,,2,1->2,2.107118248939514,3,parametric
3.5012593428293863,103,17,47,8,,,,2,1->2,2.107118248939514,3,parametric
3.554880154132843,103,17,47,8,,,,2,1->2,2.107118248939514,3,parametric
3.6085009654362996,103,17,47,8,,,,2,1->2,2.107118248939514,3,parametric
3.662121776739756,103,17,47,8,,,,2,1->2,2.107118248939514,3,parametric
3.715742588043213,103,17,47,8,,,,2,1->2,2.107118248939514,3,parametric
2.1607390602429706,198,40,44,1,0.4305555555555556,0.4358974358974359,0.025276747684709146,3,2->3,2.107118248939514,3,parametric
2.2143598715464274,198,40,44,2,0.3,0.309874150946299,0.05302115614358791,3,2->3,2.107118248939514,3,parametric
2.267980682849884,198,40,44,5,0.6001040164675872,0.6023279596578285,0.13623331857674179,3,2->3,2.107118248939514,3,parametric
2.3216014941533407,198,40,44,6,0.6621427615821833,0.6516543306197583,0.16284788771861672,3,2->3,2.107118248939514,3,parametric
2.375222305456797,198,40,44,6,0.6868985839068195,0.6498378943609433,0.15948099641629473,3,2->3,2.107118248939514,3,parametric
2.428843116760254,198,40,44,6,0.6639621578669709,0.6317617070808359,0.15752852535195094,3,2->3,2.107118248939514,3,parametric
2.4824639280637104,198,40,44,6,0.7123075974226079,0.6764421776097376,0.1511911933589256,3,2->3,2.107118248939514,3,parametric
2.5360847393671673,198,40,44,7,0.720190661393441,0.6703441942217451,0.19050291403666453,3,2->3,2.107118248939514,3,parametric
2.5897055506706237,198,40,44,7,0.6665262470584623,0.6358850104156193,0.18789150410214536,3,2->3,2.107118248939514,3,parametric
2.64332636197408,198,40,44,7,0.6556018679459867,0.6252986753989053,0.19305456229048507,3,2->3,2.107118248939514,3,parametric
2.696947173277537,198,40,44,7,0.6453407158019421,0.6159329672145439,0.20057270363304963,3,2->3,2.107118248939514,3,parametric
2.750567984580994,198,40,44,7,0.6342841834212554,0.6152453643425533,0.20933372414781362,3,2->3,2.107118248939514,3,parametric
2.8041887958844502,198,40,44,9,0.5745881987345405,0.5795293271802597,0.2636004659494715,3,2->3,2.107118248939514,3,parametric
2.8578096071879067,198,40,44,9,0.6171788327817818,0.6073539776684649,0.27046735192632776,3,2->3,2.107118248939514,3,parametric
2.9114304184913635,198,40,44,11,0.4590251946514641,0.5133107356000437,0.45606973554826447,3,2->3,2.107118248939514,3,parametric
2.9650512297948204,198,40,44,11,0.4525756521158804,0.5016514834809254,0.46321215198755167,3,2->3,2.107118248939514,3,parametric
3.018672041098277,198,40,44,12,0.5732125446201513,0.5578739925289106,0.4782020983937561,3,2->3,2.107118248939514,3,parametric
3.072292852401733,198,40,44,12,0.5249416977292938,0.5571702065927696,0.5214964772877009,3,2->3,2.107118248939514,3,parametric
3.12591366370519,198,40,44,13,0.44736065956004767,0.5348178653778897,0.646358932001059,3,2->3,2.107118248939514,3,parametric
3.1795344750086465,198,40,44,13,0.4473606595600478,0.5380083481014156,0.6458678519942647,3,2->3,2.107118248939514,3,parametric
3.233155286312103,198,40,44,13,0.4473606595600478,0.5199406227515097,0.8050808706300231,3,2->3,2.107118248939514,3,parametric
3.2867760976155598,198,40,44,13,0.10202543014177295,0.5227547819114139,0.8808068249388846,3,2->3,2.107118248939514,3,parametric
3.3403969089190166,198,40,44,13,0.10202543014177291,0.5232419681907553,0.8490180703463126,3,2->3,2.107118248939514,3,parametric
3.3940177202224735,198,40,44,13,,,,3,2->3,2.107118248939514,3,parametric
3.44763853152593,198,40,44,13,,,,3,2->3,2.107118248939514,3,parametric
3.5012593428293863,198,40,44,13,,,,3,2->3,2.107118248939514,3,parametric
3.554880154132843,198,40,44,13,,,,3,2->3,2.107118248939514,3,parametric
3.6085009654362996,198,40,44,13,,,,3,2->3,2.107118248939514,3,parametric
3.662121776739756,198,40,44,13,,,,3,2->3,2.107118248939514,3,parametric
3.715742588043213,198,40,44,13,,,,3,2->3,2.107118248939514,3,parametric
2.5358078122138976,13,2,7,1,1.0,1.0,0.5308875102281571,1,0->1,2.495120406150818,3,parametric
2.5764952182769774,13,2,7,2,,,,1,0->1,2.495120406150818,3,parametric
2.6171826243400576,13,2,7,2,,,,1,0->1,2.495120406150818,3,parametric
2.6578700304031373,13,2,7,2,,,,1,0->1,2.495120406150818,3,parametric
2.698557436466217,13,2,7,2,,,,1,0->1,2.495120406150818,3,parametric
2.739244842529297,13,2,7,2,,,,1,0->1,2.495120406150818,3,parametric
2.7799322485923765,13,2,7,2,,,,1,0->1,2.495120406150818,3,parametric
2.8206196546554567,13,2,7,2,,,,1,0->1,2.495120406150818,3,parametric
2.8613070607185365,13,2,7,2,,,,1,0->1,2.495120406150818,3,parametric
2.901994466781616,13,2,7,2,,,,1,0->1,2.495120406150818,3,parametric
2.942681872844696,13,2,7,2,,,,1,0->1,2.495120406150818,3,parametric
2.9833692789077757,13,2,7,2,,,,1,0->1,2.495120406150818,3,parametric
3.024056684970856,13,2,7,2,,,,1,0->1,2.495120406150818,3,parametric
3.0647440910339356,13,2,7,2,,,,1,0->1,2.495120406150818,3,parametric
3.1054314970970154,13,2,7,2,,,,1,0->1,2.495120406150818,3,parametric
3.146118903160095,13,2,7,2,,,,1,0->1,2.495120406150818,3,parametric
3.186806309223175,13,2,7,2,,,,1,0->1,2.495120406150818,3,parametric
3.227493715286255,13,2,7,2,,,,1,0->1,2.495120406150818,3,parametric
3.268181121349335,13,2,7,2,,,,1,0->1,2.495120406150818,3,parametric
3.3088685274124146,13,2,7,2,,,,1,0->1,2.495120406150818,3,parametric
3.3495559334754943,13,2,7,2,,,,1,0->1,2.495120406150818,3,parametric
3.390243339538574,13,2,7,2,,,,1,0->1,2.495120406150818,3,parametric
3.4309307456016542,13,2,7,2,,,,1,0->1,2.495120406150818,3,parametric
3.471618151664734,13,2,7,2,,,,1,0->1,2.495120406150818,3,parametric
3.5123055577278137,13,2,7,2,,,,1,0->1,2.495120406150818,3,parametric
3.552992963790894,13,2,7,2,,,,1,0->1,2.495120406150818,3,parametric
3.593680369853973,13,2,7,2,,,,1,0->1,2.495120406150818,3,parametric
3.6343677759170534,13,2,7,2,,,,1,0->1,2.495120406150818,3,parametric
3.675055181980133,13,2,7,2,,,,1,0->1,2.495120406150818,3,parametric
3.715742588043213,13,2,7,2,,,,1,0->1,2.495120406150818,3,parametric
2.5358078122138976,39,6,19,1,0.3,0.30000000000000004,0.19216851010048422,2,1->2,2.495120406150818,3,parametric
2.5764952182769774,39,6,19,2,0.7453319502074689,0.7675643396517183,0.3875437884147379,2,1->2,2.495120406150818,3,parametric
2.6171826243400576,39,6,19,2,0.8054979253112033,0.8194059177068886,0.37623540844548525,2,1->2,2.495120406150818,3,parametric
2.6578700304031373,39,6,19,3,0.7130423421966181,0.688575227574939,0.5673914644338547,2,1->2,2.495120406150818,3,parametric
2.698557436466217,39,6,19,3,0.7210781934991518,0.7015688020339081,0.54381304638201,2,1->2,2.495120406150818,3,parametric
2.739244842529297,39,6,19,3,0.5505107690776294,0.566244817500458,0.5313766611863353,2,1->2,2.495120406150818,3,parametric
2.7799322485923765,39,6,19,3,0.48829772673543276,0.6477984242167787,0.5102283989406194,2,1->2,2.495120406150818,3,parametric
2.8206196546554567,39,6,19,4,0.0,0.5266581406955655,0.7391186063835674,2,1->2,2.495120406150818,3,parametric
2.8613070607185365,39,6,19,4,,,,2,1->2,2.495120406150818,3,parametric
2.901994466781616,39,6,19,4,,,,2,1->2,2.495120406150818,3,parametric
2.942681872844696,39,6,19,4,,,,2,1->2,2.495120406150818,3,parametric
2.9833692789077757,39,6,19,4,,,,2,1->2,2.495120406150818,3,parametric
3.024056684970856,39,6,19,4,,,,2,1->2,2.495120406150818,3,parametric
3.0647440910339356,39,6,19,4,,,,2,1->2,2.495120406150818,3,parametric
3.1054314970970154,39,6,19,4,,,,2,1->2,2.495120406150818,3,parametric
3.146118903160095,39,6,19,4,,,,2,1->2,2.495120406150818,3,parametric
3.186806309223175,39,6,19,4,,,,2,1->2,2.495120406150818,3,parametric
3.227493715286255,39,6,19,4,,,,2,1->2,2.495120406150818,3,parametric
3.268181121349335,39,6,19,4,,,,2,1->2,2.495120406150818,3,parametric
3.3088685274124146,39,6,19,4,,,,2,1->2,2.495120406150818,3,parametric
3.3495559334754943,39,6,19,4,,,,2,1->2,2.495120406150818,3,parametric
3.390243339538574,39,6,19,4,,,,2,1->2,2.495120406150818,3,parametric
3.4309307456016542,39,6,19,4,,,,2,1->2,2.495120406150818,3,parametric
3.471618151664734,39,6,19,4,,,,2,1->2,2.495120406150818,3,parametric
3.5123055577278137,39,6,19,4,,,,2,1->2,2.495120406150818,3,parametric
3.552992963790894,39,6,19,4,,,,2,1->2,2.495120406150818,3,parametric
3.593680369853973,39,6,19,4,,,,2,1->2,2.495120406150818,3,parametric
3.6343677759170534,39,6,19,4,,,,2,1->2,2.495120406150818,3,parametric
3.675055181980133,39,6,19,4,,,,2,1->2,2.495120406150818,3,parametric
3.715742588043213,39,6,19,4,,,,2,1->2,2.495120406150818,3,parametric
2.5358078122138976,92,19,25,1,0.4166666666666667,0.4166666666666667,0.055673909164942165,3,2->3,2.495120406150818,3,parametric
2.5764952182769774,92,19,25,1,0.3529411764705882,0.36111111111111116,0.05572413444505634,3,2->3,2.495120406150818,3,parametric
2.6171826243400576,92,19,25,1,0.29411764705882354,0.3055555555555556,0.055959289667349844,3,2->3,2.495120406150818,3,parametric
2.6578700304031373,92,19,25,1,0.2647058823529412,0.2777777777777778,0.05634221952750675,3,2->3,2.495120406150818,3,parametric
2.698557436466217,92,19,25,1,0.14705882352941174,0.1388888888888889,0.05716385272055117,3,2->3,2.495120406150818,3,parametric
2.739244842529297,92,19,25,1,0.3125,0.36111111111111116,0.057584592362654716,3,2->3,2.495120406150818,3,parametric
2.7799322485923765,92,19,25,2,0.7070581302095288,0.7517444612891536,0.12487820349183747,3,2->3,2.495120406150818,3,parametric
2.8206196546554567,92,19,25,3,0.4425466468957807,0.49576026509601356,0.21076036427424538,3,2->3,2.495120406150818,3,parametric
2.8613070607185365,92,19,25,3,0.44284570745256774,0.5017064660239687,0.21406509707365223,3,2->3,2.495120406150818,3,parametric
2.901994466781616,92,19,25,5,0.41597761443896897,0.42926103052908543,0.4276090862245712,3,2->3,2.495120406150818,3,parametric
2.942681872844696,92,19,25,5,0.25091207497409695,0.38168852807057474,0.4349535851972154,3,2->3,2.495120406150818,3,parametric
2.9833692789077757,92,19,25,5,0.3138792166477403,0.41134036782156286,0.4198655876218174,3,2->3,2.495120406150818,3,parametric
3.024056684970856,92,19,25,6,0.3760034537555044,0.4300371815453323,0.5393016694749493,3,2->3,2.495120406150818,3,parametric
3.0647440910339356,92,19,25,6,0.22749402880540703,0.4101393329131765,0.555637574863567,3,2->3,2.495120406150818,3,parametric
3.1054314970970154,92,19,25,7,0.4120540120974768,0.43908060877009303,0.5947844369209938,3,2->3,2.495120406150818,3,parametric
3.146118903160095,92,19,25,7,0.42571252084544897,0.44612427644077973,0.5699169415541216,3,2->3,2.495120406150818,3,parametric
3.186806309223175,92,19,25,7,0.4120540120974768,0.4478851933584513,0.6206680702158166,3,2->3,2.495120406150818,3,parametric
3.227493715286255,92,19,25,7,0.37949400947172146,0.4361173396154647,0.7065397296555931,3,2->3,2.495120406150818,3,parametric
3.268181121349335,92,19,25,7,0.4120540120974768,0.4426024426054364,0.8324431042724711,3,2->3,2.495120406150818,3,parametric
3.3088685274124146,92,19,25,7,0.08882849152591786,0.4426024426054364,0.7174474604372799,3,2->3,2.495120406150818,3,parametric
3.3495559334754943,92,19,25,7,0.08882849152591786,0.43908060877009303,0.735724636351691,3,2->3,2.495120406150818,3,parametric
3.390243339538574,92,19,25,7,0.08882849152591786,0.419066735119463,0.7373959621465497,3,2->3,2.495120406150818,3,parametric
3.4309307456016542,92,19,25,7,,,,3,2->3,2.495120406150818,3,parametric
3.471618151664734,92,19,25,7,,,,3,2->3,2.495120406150818,3,parametric
3.5123055577278137,92,19,25,7,,,,3,2->3,2.495120406150818,3,parametric
3.552992963790894,92,19,25,7,,,,3,2->3,2.495120406150818,3,parametric
3.593680369853973,92,19,25,7,,,,3,2->3,2.495120406150818,3,parametric
3.6343677759170534,92,19,25,7,,,,3,2->3,2.495120406150818,3,parametric
3.675055181980133,92,19,25,7,,,,3,2->3,2.495120406150818,3,parametric
3.715742588043213,92,19,25,7,,,,3,2->3,2.495120406150818,3,parametric
1.526887086033821,86,28,61,0,,,,1,0->1,1.4514093101024628,4,parametric
1.6023648619651794,86,28,61,1,0.5,0.5000000000000001,0.0365731047125115,1,0->1,1.4514093101024628,4,parametric
1.6778426378965379,86,28,61,2,0.6785714285714286,0.6444444444444445,0.06620206450777197,1,0->1,1.4514093101024628,4,parametric
1.7533204138278962,86,28,61,3,0.6161057692307692,0.6067334945315378,0.09605107260526632,1,0->1,1.4514093101024628,4,parametric
1.8287981897592545,86,28,61,7,0.7858606557377049,0.7483956382727073,0.1751682929822995,1,0->1,1.4514093101024628,4,parametric
1.9042759656906127,86,28,61,9,0.7166395999503895,0.7110823875172424,0.20900340787614585,1,0->1,1.4514093101024628,4,parametric
1.979753741621971,86,28,61,10,0.6060128400779337,0.6523752380722662,0.2325334601001039,1,0->1,1.4514093101024628,4,parametric
2.0552315175533296,86,28,61,11,0.624083581413169,0.6455847369287465,0.22695396796627115,1,0->1,1.4514093101024628,4,parametric
2.1307092934846876,86,28,61,11,0.6046406853459935,0.6349430976699969,0.21527406810242725,1,0->1,1.4514093101024628,4,parametric
2.206187069416046,86,28,61,14,0.6752672835162553,0.6635189615521913,0.22350109657362768,1,0->1,1.4514093101024628,4,parametric
2.2816648453474047,86,28,61,14,0.6024918393239769,0.6681665033392713,0.20802983521235546,1,0->1,1.4514093101024628,4,parametric
2.3571426212787627,86,28,61,14,0.6882243962271157,0.6780240927546791,0.17739199377929013,1,0->1,1.4514093101024628,4,parametric
2.4326203972101212,86,28,61,14,0.6880583829399185,0.6798071387139808,0.1865351439676423,1,0->1,1.4514093101024628,4,parametric
2.5080981731414793,86,28,61,16,0.6478552669974864,0.6811678737471729,0.18863902730985488,1,0->1,1.4514093101024628,4,parametric
2.583575949072838,86,28,61,16,0.48589145024811486,0.6855173429804938,0.1765093123667791,1,0->1,1.4514093101024628,4,parametric
2.6590537250041963,86,28,61,17,0.8528072614466389,0.6832777190091357,0.10612163976560016,1,0->1,1.4514093101024628,4,parametric
2.7345315009355544,86,28,61,17,0.8528072614466389,0.6635528212678247,0.12094075368226506,1,0->1,1.4514093101024628,4,parametric
2.8100092768669125,86,28,61,17,0.8528072614466389,0.6570811974665963,0.11173871963188386,1,0->1,1.4514093101024628,4,parametric
2.885487052798271,86,28,61,17,0.852807261446639,0.6402682822653889,0.11494797477603358,1,0->1,1.4514093101024628,4,parametric
2.9609648287296295,86,28,61,17,0.8238412693283645,0.6333780922405406,0.12295640538104154,1,0->1,1.4514093101024628,4,parametric
3.036442604660988,86,28,61,17,0.7948752772100903,0.6228688066899145,0.018522270810125918,1,0->1,1.4514093101024628,4,parametric
3.111920380592346,86,28,61,17,0.7948752772100903,0.624748169728032,0.012710380493605447,1,0->1,1.4514093101024628,4,parametric
3.187398156523704,86,28,61,17,,,,1,0->1,1.4514093101024628,4,parametric
3.2628759324550627,86,28,61,17,,,,1,0->1,1.4514093101024628,4,parametric
3.338353708386421,86,28,61,17,,,,1,0->1,1.4514093101024628,4,parametric
3.4138314843177797,86,28,61,17,,,,1,0->1,1.4514093101024628,4,parametric
3.489309260249138,86,28,61,17,,,,1,0->1,1.4514093101024628,4,parametric
3.5647870361804963,86,28,61,17,,,,1,0->1,1.4514093101024628,4,parametric
3.6402648121118544,86,28,61,17,,,,1,0->1,1.4514093101024628,4,parametric
3.715742588043213,86,28,61,17,,,,1,0->1,1.4514093101024628,4,parametric
1.526887086033821,201,59,103,1,0.8928571428571428,0.896551724137931,,2,1->2,1.4514093101024628,4,parametric
1.6023648619651794,201,59,103,2,0.7674691872389836,0.7778556524489477,,2,1->2,1.4514093101024628,4,parametric
1.6778426378965379,201,59,103,4,0.8562463386487614,0.8401800566312461,,2,1->2,1.4514093101024628,4,parametric
1.7533204138278962,201,59,103,5,0.787354359233959,0.7757793331678177,,2,1->2,1.4514093101024628,4,parametric
1.8287981897592545,201,59,103,9,0.7092412344622687,0.7009682911084633,,2,1->2,1.4514093101024628,4,parametric
1.9042759656906127,201,59,103,13,0.7488497848133794,0.7139585064243681,,2,1->2,1.4514093101024628,4,parametric
1.979753741621971,201,59,103,15,0.7070226116762632,0.6804595349175356,,2,1->2,1.4514093101024628,4,parametric
2.0552315175533296,201,59,103,19,0.7578666938201496,0.6995436136266714,,2,1->2,1.4514093101024628,4,parametric
2.1307092934846876,201,59,103,19,0.7621223269495613,0.7201452728567685,,2,1->2,1.4514093101024628,4,parametric
2.206187069416046,201,59,103,23,0.7681889688831935,0.7117787330674787,,2,1->2,1.4514093101024628,4,parametric
2.2816648453474047,201,59,103,23,0.8302369206442326,0.7234945903261558,,2,1->2,1.4514093101024628,4,parametric
2.3571426212787627,201,59,103,24,0.8597589355648196,0.7301953534871134,,2,1->2,1.4514093101024628,4,parametric
2.4326203972101212,201,59,103,24,0.8429917965002137,0.7274387886746566,,2,1->2,1.4514093101024628,4,parametric
2.5080981731414793,201,59,103,27,0.7697942974412232,0.6970657783301094,,2,1->2,1.4514093101024628,4,parametric
2.583575949072838,201,59,103,29,0.6766495746038607,0.6822499495593017,,2,1->2,1.4514093101024628,4,parametric
2.6590537250041963,201,59,103,30,0.7022485919720975,0.6868190115050709,,2,1->2,1.4514093101024628,4,parametric
2.7345315009355544,201,59,103,30,0.6707854250547064,0.6698222946487815,,2,1->2,1.4514093101024628,4,parametric
2.8100092768669125,201,59,103,32,0.7760056030147578,0.6712552401206143,,2,1->2,1.4514093101024628,4,parametric
2.885487052798271,201,59,103,33,0.9557918416033526,0.7008785161392471,,2,1->2,1.4514093101024628,4,parametric
2.9609648287296295,201,59,103,34,0.7809811926537165,0.662869436858928,,2,1->2,1.4514093101024628,4,parametric
3.036442604660988,201,59,103,34,0.7712032684613344,0.6609959645124169,,2,1->2,1.4514093101024628,4,parametric
3.111920380592346,201,59,103,34,0.7809811926537166,0.6596346597324138,,2,1->2,1.4514093101024628,4,parametric
3.187398156523704,201,59,103,34,,,,2,1->2,1.4514093101024628,4,parametric
3.2628759324550627,201,59,103,34,,,,2,1->2,1.4514093101024628,4,parametric
3.338353708386421,201,59,103,34,,,,2,1->2,1.4514093101024628,4,parametric
3.4138314843177797,201,59,103,34,,,,2,1->2,1.4514093101024628,4,parametric
3.489309260249138,201,59,103,34,,,,2,1->2,1.4514093101024628,4,parametric
3.5647870361804963,201,59,103,34,,,,2,1->2,1.4514093101024628,4,parametric
3.6402648121118544,201,59,103,34,,,,2,1->2,1.4514093101024628,4,parametric
3.715742588043213,201,59,103,34,,,,2,1->2,1.4514093101024628,4,parametric
1.526887086033821,284,77,59,0,,,,3,2->3,1.4514093101024628,4,parametric
1.6023648619651794,284,77,59,0,,,,3,2->3,1.4514093101024628,4,parametric
1.6778426378965379,284,77,59,0,,,,3,2->3,1.4514093101024628,4,parametric
1.7533204138278962,284,77,59,0,,,,3,2->3,1.4514093101024628,4,parametric
1.8287981897592545,284,77,59,0,,,,3,2->3,1.4514093101024628,4,parametric
1.9042759656906127,284,77,59,1,0.9047619047619048,0.9047619047619048,0.015580319994409316,3,2->3,1.4514093101024628,4,parametric
1.979753741621971,284,77,59,1,0.8833333333333333,0.8888888888888888,0.016110517389335093,3,2->3,1.4514093101024628,4,parametric
2.0552315175533296,284,77,59,2,0.648784518591569,0.652861845961263,0.03218978139271598,3,2->3,1.4514093101024628,4,parametric
2.1307092934846876,284,77,59,2,0.7397048598194439,0.742779960390022,0.03170784712091309,3,2->3,1.4514093101024628,4,parametric
2.206187069416046,284,77,59,5,0.7830819579782363,0.7711097409484424,0.07977197479779236,3,2->3,1.4514093101024628,4,parametric
2.2816648453474047,284,77,59,6,0.7852877151026458,0.7543948164713746,0.09896268630908583,3,2->3,1.4514093101024628,4,parametric
2.3571426212787627,284,77,59,7,0.7124916136098601,0.7058613910388262,0.11914505521711771,3,2->3,1.4514093101024628,4,parametric
2.4326203972101212,284,77,59,7,0.7516081010165451,0.726108524809785,0.11362533825333739,3,2->3,1.4514093101024628,4,parametric
2.5080981731414793,284,77,59,9,0.641777800807505,0.6267269033240843,0.16615323173809096,3,2->3,1.4514093101024628,4,parametric
2.583575949072838,284,77,59,10,0.6381872267491151,0.6214471780111013,0.1863305162927013,3,2->3,1.4514093101024628,4,parametric
2.6590537250041963,284,77,59,11,0.6642796737384796,0.6177275188605995,0.21365609350337297,3,2->3,1.4514093101024628,4,parametric
2.7345315009355544,284,77,59,11,0.6459029025645394,0.5760294508641775,0.20051940095051055,3,2->3,1.4514093101024628,4,parametric
2.8100092768669125,284,77,59,11,0.6260208451878296,0.5566405610499422,0.19480941845071367,3,2->3,1.4514093101024628,4,parametric
2.885487052798271,284,77,59,14,0.5674703661000078,0.5143074147380258,0.2903501403384603,3,2->3,1.4514093101024628,4,parametric
2.9609648287296295,284,77,59,14,0.6869991733024347,0.5658494910455462,0.27363347401394245,3,2->3,1.4514093101024628,4,parametric
3.036442604660988,284,77,59,14,0.9052186947845535,0.5808634148818463,0.231970742486855,3,2->3,1.4514093101024628,4,parametric
3.111920380592346,284,77,59,14,0.8615071124226105,0.5560435439896523,0.21504546035409658,3,2->3,1.4514093101024628,4,parametric
3.187398156523704,284,77,59,14,1.0,0.5713287528773283,0.1855192711871077,3,2->3,1.4514093101024628,4,parametric
3.2628759324550627,284,77,59,14,,,,3,2->3,1.4514093101024628,4,parametric
3.338353708386421,284,77,59,14,,,,3,2->3,1.4514093101024628,4,parametric
3.4138314843177797,284,77,59,14,,,,3,2->3,1.4514093101024628,4,parametric
3.489309260249138,284,77,59,14,,,,3,2->3,1.4514093101024628,4,parametric
3.5647870361804963,284,77,59,14,,,,3,2->3,1.4514093101024628,4,parametric
3.6402648121118544,284,77,59,14,,,,3,2->3,1.4514093101024628,4,parametric
3.715742588043213,284,77,59,14,,,,3,2->3,1.4514093101024628,4,parametric
2.1607390602429706,28,10,14,1,0.2222222222222222,0.22222222222222224,0.10837800030899059,1,0->1,2.107118248939514,4,parametric
2.2143598715464274,28,10,14,3,0.6428571428571428,0.6052365640790079,0.3083621220112124,1,0->1,2.107118248939514,4,parametric
2.267980682849884,28,10,14,3,0.6927083333333334,0.5810289389067524,0.29707953621431127,1,0->1,2.107118248939514,4,parametric
2.3216014941533407,28,10,14,3,0.69140625,0.619568213137345,0.27744150614202506,1,0->1,2.107118248939514,4,parametric
2.375222305456797,28,10,14,3,0.65625,0.6482315112540193,0.2602030087363537,1,0->1,2.107118248939514,4,parametric
2.428843116760254,28,10,14,3,0.759375,0.7554432705558108,0.23679293148589525,1,0->1,2.107118248939514,4,parametric
2.4824639280637104,28,10,14,4,0.6286878881987579,0.6452877596713821,0.34184598976423264,1,0->1,2.107118248939514,4,parametric
2.5360847393671673,28,10,14,5,0.5356876769482939,0.6287494563670261,0.4316924117657378,1,0->1,2.107118248939514,4,parametric
2.5897055506706237,28,10,14,6,0.7186627094972067,0.6492587944260803,0.4755934530062788,1,0->1,2.107118248939514,4,parametric
2.64332636197408,28,10,14,6,0.7810754189944134,0.6015602104526065,0.4372621793191735,1,0->1,2.107118248939514,4,parametric
2.696947173277537,28,10,14,6,0.33807611731843573,0.5865388082207169,0.4152988859151117,1,0->1,2.107118248939514,4,parametric
2.750567984580994,28,10,14,6,0.33807611731843573,0.42274653352820923,0.39410094333708867,1,0->1,2.107118248939514,4,parametric
2.8041887958844502,28,10,14,6,0.7810754189944134,0.5051750660553415,0.35811836150301113,1,0->1,2.107118248939514,4,parametric
2.8578096071879067,28,10,14,6,0.7810754189944134,0.611388992271199,0.3067270810792364,1,0->1,2.107118248939514,4,parametric
2.9114304184913635,28,10,14,6,0.7810754189944134,0.622509471386402,0.29224521300347606,1,0->1,2.107118248939514,4,parametric
2.9650512297948204,28,10,14,6,0.7810754189944135,0.5031991131547062,0.2743522290159763,1,0->1,2.107118248939514,4,parametric
3.018672041098277,28,10,14,6,0.6023481145251397,0.4728016051600502,0.2844449915322678,1,0->1,2.107118248939514,4,parametric
3.072292852401733,28,10,14,6,0.6023481145251397,0.4535245762805972,0.1333614768233092,1,0->1,2.107118248939514,4,parametric
3.12591366370519,28,10,14,6,0.6619238826815643,0.43850317404870737,0.12023133537031423,1,0->1,2.107118248939514,4,parametric
3.1795344750086465,28,10,14,6,,,,1,0->1,2.107118248939514,4,parametric
3.233155286312103,28,10,14,6,,,,1,0->1,2.107118248939514,4,parametric
3.2867760976155598,28,10,14,6,,,,1,0->1,2.107118248939514,4,parametric
3.3403969089190166,28,10,14,6,,,,1,0->1,2.107118248939514,4,parametric
3.3940177202224735,28,10,14,6,,,,1,0->1,2.107118248939514,4,parametric
3.44763853152593,28,10,14,6,,,,1,0->1,2.107118248939514,4,parametric
3.5012593428293863,28,10,14,6,,,,1,0->1,2.107118248939514,4,parametric
3.554880154132843,28,10,14,6,,,,1,0->1,2.107118248939514,4,parametric
3.6085009654362996,28,10,14,6,,,,1,0->1,2.107118248939514,4,parametric
3.662121776739756,28,10,14,6,,,,1,0->1,2.107118248939514,4,parametric
3.715742588043213,28,10,14,6,,,,1,0->1,2.107118248939514,4,parametric
2.1607390602429706,94,26,40,3,0.47027307293466986,0.43858743693430685,,2,1->2,2.107118248939514,4,parametric
2.2143598715464274,94,26,40,4,0.6616691973924653,0.6254338379776327,,2,1->2,2.107118248939514,4,parametric
2.267980682849884,94,26,40,4,0.5511760946339412,0.4930451381411779,,2,1->2,2.107118248939514,4,parametric
2.3216014941533407,94,26,40,5,0.570328913183091,0.5561336816064264,,2,1->2,2.107118248939514,4,parametric
2.375222305456797,94,26,40,5,0.5906078758336014,0.5657743175362192,,2,1->2,2.107118248939514,4,parametric
2.428843116760254,94,26,40,5,0.626986010946454,0.5836045106067692,,2,1->2,2.107118248939514,4,parametric
2.4824639280637104,94,26,40,7,0.41260450884828603,0.4132382051633747,,2,1->2,2.107118248939514,4,parametric
2.5360847393671673,94,26,40,9,0.4354459595208067,0.45190813328775226,,2,1->2,2.107118248939514,4,parametric
2.5897055506706237,94,26,40,11,0.30603207953538997,0.3969486442552602,,2,1->2,2.107118248939514,4,parametric
2.64332636197408,94,26,40,11,0.3255053217373139,0.3929051771153437,,2,1->2,2.107118248939514,4,parametric
2.696947173277537,94,26,40,11,0.27470145663836315,0.36745236397196757,,2,1->2,2.107118248939514,4,parametric
2.750567984580994,94,26,40,11,0.301333688786131,0.3666075731519284,,2,1->2,2.107118248939514,4,parametric
2.8041887958844502,94,26,40,13,0.4939516106383805,0.4859962117153176,,2,1->2,2.107118248939514,4,parametric
2.8578096071879067,94,26,40,14,0.5754074044834401,0.5292950657859573,,2,1->2,2.107118248939514,4,parametric
2.9114304184913635,94,26,40,14,0.5941509442394257,0.5260957387907714,,2,1->2,2.107118248939514,4,parametric
2.9650512297948204,94,26,40,15,0.8687193800655051,0.5819301922710459,,2,1->2,2.107118248939514,4,parametric
3.018672041098277,94,26,40,15,0.7882305333446554,0.5720890751189431,,2,1->2,2.107118248939514,4,parametric
3.072292852401733,94,26,40,15,0.8438004536886394,0.5775505482357831,,2,1->2,2.107118248939514,4,parametric
3.12591366370519,94,26,40,15,0.8438004536886394,0.596867140979977,,2,1->2,2.107118248939514,4,parametric
3.1795344750086465,94,26,40,15,,,,2,1->2,2.107118248939514,4,parametric
3.233155286312103,94,26,40,15,,,,2,1->2,2.107118248939514,4,parametric
3.2867760976155598,94,26,40,15,,,,2,1->2,2.107118248939514,4,parametric
3.3403969089190166,94,26,40,15,,,,2,1->2,2.107118248939514,4,parametric
3.3940177202224735,94,26,40,15,,,,2,1->2,2.107118248939514,4,parametric
3.44763853152593,94,26,40,15,,,,2,1->2,2.107118248939514,4,parametric
3.5012593428293863,94,26,40,15,,,,2,1->2,2.107118248939514,4,parametric
3.554880154132843,94,26,40,15,,,,2,1->2,2.107118248939514,4,parametric
3.6085009654362996,94,26,40,15,,,,2,1->2,2.107118248939514,4,parametric
3.662121776739756,94,26,40,15,,,,2,1->2,2.107118248939514,4,parametric
3.715742588043213,94,26,40,15,,,,2,1->2,2.107118248939514,4,parametric
2.1607390602429706,186,52,45,2,0.44680851063829785,0.4484077902556613,0.040793672775268686,3,2->3,2.107118248939514,4,parametric
2.2143598715464274,186,52,45,3,0.6154115633478983,0.6055539708103858,0.06146881265482604,3,2->3,2.107118248939514,4,parametric
2.267980682849884,186,52,45,3,0.5665463837398486,0.5572754817986596,0.06080499735821088,3,2->3,2.107118248939514,4,parametric
2.3216014941533407,186,52,45,5,0.7879532565772257,0.742236827275832,0.10209826938341435,3,2->3,2.107118248939514,4,parametric
2.375222305456797,186,52,45,5,0.8330794642857873,0.7707826987886495,0.0976241836526812,3,2->3,2.107118248939514,4,parametric
2.428843116760254,186,52,45,5,0.8603456890502518,0.7950340975486783,0.09344179836011574,3,2->3,2.107118248939514,4,parametric
2.4824639280637104,186,52,45,7,0.7287749304030228,0.6960712277237749,0.15111438032374275,3,2->3,2.107118248939514,4,parametric
2.5360847393671673,186,52,45,8,0.7061903596456653,0.6846178667772737,0.1765052283463565,3,2->3,2.107118248939514,4,parametric
2.5897055506706237,186,52,45,8,0.711068308625848,0.667570205909831,0.172244927478245,3,2->3,2.107118248939514,4,parametric
2.64332636197408,186,52,45,9,0.6381947705206412,0.6035153902709324,0.20670086497791024,3,2->3,2.107118248939514,4,parametric
2.696947173277537,186,52,45,9,0.6590372192102343,0.6147179117724115,0.20073917349463935,3,2->3,2.107118248939514,4,parametric
2.750567984580994,186,52,45,9,0.6360968919787566,0.5914394193547701,0.1945686772225283,3,2->3,2.107118248939514,4,parametric
2.8041887958844502,186,52,45,9,0.6692388232649593,0.5896368822904918,0.18855101096951082,3,2->3,2.107118248939514,4,parametric
2.8578096071879067,186,52,45,11,0.7794969027375447,0.641498276484548,0.2551513259603171,3,2->3,2.107118248939514,4,parametric
2.9114304184913635,186,52,45,12,0.8710941779440704,0.6895882829270489,0.2776450418269926,3,2->3,2.107118248939514,4,parametric
2.9650512297948204,186,52,45,12,0.8265493782901552,0.6802289367353503,0.2625081182714281,3,2->3,2.107118248939514,4,parametric
3.018672041098277,186,52,45,12,0.8633729476659313,0.6862843644921431,0.2377271377910492,3,2->3,2.107118248939514,4,parametric
3.072292852401733,186,52,45,12,0.8428369345201469,0.6791246813475449,0.22834127945131105,3,2->3,2.107118248939514,4,parametric
3.12591366370519,186,52,45,12,0.8428369345201469,0.6839155293620098,0.21355412365329024,3,2->3,2.107118248939514,4,parametric
3.1795344750086465,186,52,45,12,0.8428369345201469,0.6705594106935029,0.19485008738387058,3,2->3,2.107118248939514,4,parametric
3.233155286312103,186,52,45,12,0.8428369345201469,0.6658436947153756,0.18580905581418067,3,2->3,2.107118248939514,4,parametric
3.2867760976155598,186,52,45,12,,,,3,2->3,2.107118248939514,4,parametric
3.3403969089190166,186,52,45,12,,,,3,2->3,2.107118248939514,4,parametric
3.3940177202224735,186,52,45,12,,,,3,2->3,2.107118248939514,4,parametric
3.44763853152593,186,52,45,12,,,,3,2->3,2.107118248939514,4,parametric
3.5012593428293863,186,52,45,12,,,,3,2->3,2.107118248939514,4,parametric
3.554880154132843,186,52,45,12,,,,3,2->3,2.107118248939514,4,parametric
3.6085009654362996,186,52,45,12,,,,3,2->3,2.107118248939514,4,parametric
3.662121776739756,186,52,45,12,,,,3,2->3,2.107118248939514,4,parametric
3.715742588043213,186,52,45,12,,,,3,2->3,2.107118248939514,4,parametric
2.5358078122138976,11,4,7,1,0.0,0.0,0.2751649996852876,1,0->1,2.495120406150818,4,parametric
2.5764952182769774,11,4,7,1,0.0,0.0,0.2704625050485137,1,0->1,2.495120406150818,4,parametric
2.6171826243400576,11,4,7,2,0.5,0.25,0.49208502293467576,1,0->1,2.495120406150818,4,parametric
2.6578700304031373,11,4,7,2,0.75,0.375,0.47179685737937715,1,0->1,2.495120406150818,4,parametric
2.698557436466217,11,4,7,2,0.5,0.25,0.462831866119206,1,0->1,2.495120406150818,4,parametric
2.739244842529297,11,4,7,2,0.5,0.25,0.44606376318514385,1,0->1,2.495120406150818,4,parametric
2.7799322485923765,11,4,7,2,0.75,0.375,0.4083337417191272,1,0->1,2.495120406150818,4,parametric
2.8206196546554567,11,4,7,2,0.75,0.375,0.3834324902045728,1,0->1,2.495120406150818,4,parametric
2.8613070607185365,11,4,7,2,1.0,0.5,0.356152488473654,1,0->1,2.495120406150818,4,parametric
2.901994466781616,11,4,7,2,1.0,0.5,0.3283775007998947,1,0->1,2.495120406150818,4,parametric
2.942681872844696,11,4,7,2,1.0,0.5,0.3077249947875743,1,0->1,2.495120406150818,4,parametric
2.9833692789077757,11,4,7,2,1.0,0.5,0.2676265739820903,1,0->1,2.495120406150818,4,parametric
3.024056684970856,11,4,7,2,1.0,0.75,0.23010624613165911,1,0->1,2.495120406150818,4,parametric
3.0647440910339356,11,4,7,2,1.0,0.75,0.18856750553369528,1,0->1,2.495120406150818,4,parametric
3.1054314970970154,11,4,7,2,1.0,0.75,0.1612599946761132,1,0->1,2.495120406150818,4,parametric
3.146118903160095,11,4,7,2,1.0,0.75,0.129497499691844,1,0->1,2.495120406150818,4,parametric
3.186806309223175,11,4,7,2,,,,1,0->1,2.495120406150818,4,parametric
3.227493715286255,11,4,7,2,,,,1,0->1,2.495120406150818,4,parametric
3.268181121349335,11,4,7,2,,,,1,0->1,2.495120406150818,4,parametric
3.3088685274124146,11,4,7,2,,,,1,0->1,2.495120406150818,4,parametric
3.3495559334754943,11,4,7,2,,,,1,0->1,2.495120406150818,4,parametric
3.390243339538574,11,4,7,2,,,,1,0->1,2.495120406150818,4,parametric
3.4309307456016542,11,4,7,2,,,,1,0->1,2.495120406150818,4,parametric
3.471618151664734,11,4,7,2,,,,1,0->1,2.495120406150818,4,parametric
3.5123055577278137,11,4,7,2,,,,1,0->1,2.495120406150818,4,parametric
3.552992963790894,11,4,7,2,,,,1,0->1,2.495120406150818,4,parametric
3.593680369853973,11,4,7,2,,,,1,0->1,2.495120406150818,4,parametric
3.6343677759170534,11,4,7,2,,,,1,0->1,2.495120406150818,4,parametric
3.675055181980133,11,4,7,2,,,,1,0->1,2.495120406150818,4,parametric
3.715742588043213,11,4,7,2,,,,1,0->1,2.495120406150818,4,parametric
2.5358078122138976,33,12,15,2,0.5627240143369177,0.5631578947368421,,2,1->2,2.495120406150818,4,parametric
2.5764952182769774,33,12,15,3,0.33255616786774056,0.32763770498597733,,2,1->2,2.495120406150818,4,parametric
2.6171826243400576,33,12,15,4,0.26592145805631656,0.27798925631563925,,2,1->2,2.495120406150818,4,parametric
2.6578700304031373,33,12,15,4,0.18542904898458318,0.24159243052000318,,2,1->2,2.495120406150818,4,parametric
2.698557436466217,33,12,15,4,0.2486983547203665,0.2717856134857707,,2,1->2,2.495120406150818,4,parametric
2.739244842529297,33,12,15,4,0.22881188488916654,0.2737728349376581,,2,1->2,2.495120406150818,4,parametric
2.7799322485923765,33,12,15,5,0.43492108339813396,0.4209437128945191,,2,1->2,2.495120406150818,4,parametric
2.8206196546554567,33,12,15,7,0.7613067254887496,0.6175434188323695,,2,1->2,2.495120406150818,4,parametric
2.8613070607185365,33,12,15,7,0.8367314140618596,0.6064215706778926,,2,1->2,2.495120406150818,4,parametric
2.901994466781616,33,12,15,7,0.8402317184941479,0.6310981684973082,,2,1->2,2.495120406150818,4,parametric
2.942681872844696,33,12,15,7,0.8402317184941479,0.633064878773329,,2,1->2,2.495120406150818,4,parametric
2.9833692789077757,33,12,15,8,0.9293030944237369,0.6702327637894337,,2,1->2,2.495120406150818,4,parametric
3.024056684970856,33,12,15,8,1.0,0.6409210372960301,,2,1->2,2.495120406150818,4,parametric
3.0647440910339356,33,12,15,8,1.0,0.6482107037972064,,2,1->2,2.495120406150818,4,parametric
3.1054314970970154,33,12,15,8,1.0,0.6306755259812536,,2,1->2,2.495120406150818,4,parametric
3.146118903160095,33,12,15,8,1.0,0.6229268689405022,,2,1->2,2.495120406150818,4,parametric
3.186806309223175,33,12,15,8,,,,2,1->2,2.495120406150818,4,parametric
3.227493715286255,33,12,15,8,,,,2,1->2,2.495120406150818,4,parametric
3.268181121349335,33,12,15,8,,,,2,1->2,2.495120406150818,4,parametric
3.3088685274124146,33,12,15,8,,,,2,1->2,2.495120406150818,4,parametric
3.3495559334754943,33,12,15,8,,,,2,1->2,2.495120406150818,4,parametric
3.390243339538574,33,12,15,8,,,,2,1->2,2.495120406150818,4,parametric
3.4309307456016542,33,12,15,8,,,,2,1->2,2.495120406150818,4,parametric
3.471618151664734,33,12,15,8,,,,2,1->2,2.495120406150818,4,parametric
3.5123055577278137,33,12,15,8,,,,2,1->2,2.495120406150818,4,parametric
3.552992963790894,33,12,15,8,,,,2,1->2,2.495120406150818,4,parametric
3.593680369853973,33,12,15,8,,,,2,1->2,2.495120406150818,4,parametric
3.6343677759170534,33,12,15,8,,,,2,1->2,2.495120406150818,4,parametric
3.675055181980133,33,12,15,8,,,,2,1->2,2.495120406150818,4,parametric
3.715742588043213,33,12,15,8,,,,2,1->2,2.495120406150818,4,parametric
2.5358078122138976,88,23,27,1,0.42105263157894735,0.42857142857142855,0.04559067279770266,3,2->3,2.495120406150818,4,parametric
2.5764952182769774,88,23,27,1,0.4117647058823529,0.35714285714285715,0.04565070927182267,3,2->3,2.495120406150818,4,parametric
2.6171826243400576,88,23,27,2,0.7204831115249696,0.6316218328185618,0.08795421394234194,3,2->3,2.495120406150818,4,parametric
2.6578700304031373,88,23,27,2,0.7171555295193145,0.6193425605791805,0.08518630010161393,3,2->3,2.495120406150818,4,parametric
2.698557436466217,88,23,27,2,0.8668967197737949,0.7544145552123744,0.08085709887387864,3,2->3,2.495120406150818,4,parametric
2.739244842529297,88,23,27,2,0.8924935044326807,0.7421352829729932,0.0762896167354546,3,2->3,2.495120406150818,4,parametric
2.7799322485923765,88,23,27,2,0.9223564198680471,0.778973099691137,0.07208683501129463,3,2->3,2.495120406150818,4,parametric
2.8206196546554567,88,23,27,3,0.8617496307150367,0.7868831645733259,0.1370889459336674,3,2->3,2.495120406150818,4,parametric
2.8613070607185365,88,23,27,4,0.9100087937899334,0.8288728586532024,0.18048674371286455,3,2->3,2.495120406150818,4,parametric
2.901994466781616,88,23,27,5,0.7704855956503137,0.7751436509331758,0.26142492702167724,3,2->3,2.495120406150818,4,parametric
2.942681872844696,88,23,27,5,0.7914522967569719,0.7667704369433125,0.25390998227211,3,2->3,2.495120406150818,4,parametric
2.9833692789077757,88,23,27,5,0.8432746325027886,0.7839475660331802,0.23799542899088036,3,2->3,2.495120406150818,4,parametric
3.024056684970856,88,23,27,5,1.0,0.7755542319912097,0.2288595302695312,3,2->3,2.495120406150818,4,parametric
3.0647440910339356,88,23,27,5,1.0,0.7340063159645541,0.22129878170986625,3,2->3,2.495120406150818,4,parametric
3.1054314970970154,88,23,27,5,1.0,0.7623785394193638,0.20841729446271728,3,2->3,2.495120406150818,4,parametric
3.146118903160095,88,23,27,5,0.9661041317053711,0.7995345579220707,0.19384263046341293,3,2->3,2.495120406150818,4,parametric
3.186806309223175,88,23,27,5,1.0,0.8039264554460194,0.1817339106408046,3,2->3,2.495120406150818,4,parametric
3.227493715286255,88,23,27,5,1.0,0.7907507628741736,0.17357309611000193,3,2->3,2.495120406150818,4,parametric
3.268181121349335,88,23,27,5,,,,3,2->3,2.495120406150818,4,parametric
3.3088685274124146,88,23,27,5,,,,3,2->3,2.495120406150818,4,parametric
3.3495559334754943,88,23,27,5,,,,3,2->3,2.495120406150818,4,parametric
3.390243339538574,88,23,27,5,,,,3,2->3,2.495120406150818,4,parametric
3.4309307456016542,88,23,27,5,,,,3,2->3,2.495120406150818,4,parametric
3.471618151664734,88,23,27,5,,,,3,2->3,2.495120406150818,4,parametric
3.5123055577278137,88,23,27,5,,,,3,2->3,2.495120406150818,4,parametric
3.552992963790894,88,23,27,5,,,,3,2->3,2.495120406150818,4,parametric
3.593680369853973,88,23,27,5,,,,3,2->3,2.495120406150818,4,parametric
3.6343677759170534,88,23,27,5,,,,3,2->3,2.495120406150818,4,parametric
3.675055181980133,88,23,27,5,,,,3,2->3,2.495120406150818,4,parametric
3.715742588043213,88,23,27,5,,,,3,2->3,2.495120406150818,4,parametric
1.526887086033821,95,19,66,0,,,,1,0->1,1.4514093101024628,5,parametric
1.6023648619651794,95,19,66,0,,,,1,0->1,1.4514093101024628,5,parametric
1.6778426378965379,95,19,66,2,0.5588235294117647,0.5428571428571429,0.10273042642032158,1,0->1,1.4514093101024628,5,parametric
1.7533204138278962,95,19,66,2,0.7058823529411764,0.7142857142857143,0.09810414805019045,1,0->1,1.4514093101024628,5,parametric
1.8287981897592545,95,19,66,3,0.7214282878805922,0.6750723658692819,0.13324277343508384,1,0->1,1.4514093101024628,5,parametric
1.9042759656906127,95,19,66,6,0.7887037149738676,0.7611555009775909,0.21392483698760406,1,0->1,1.4514093101024628,5,parametric
1.979753741621971,95,19,66,7,0.817778134722442,0.7665426863361906,0.22162643922135855,1,0->1,1.4514093101024628,5,parametric
2.0552315175533296,95,19,66,8,0.8294436908297439,0.8078441523796918,0.22882934461204205,1,0->1,1.4514093101024628,5,parametric
2.1307092934846876,95,19,66,9,0.7853732995149424,0.7924701912069297,0.23890350675655833,1,0->1,1.4514093101024628,5,parametric
2.206187069416046,95,19,66,10,0.6299301221713683,0.7074418583866643,0.24586643718156384,1,0->1,1.4514093101024628,5,parametric
2.2816648453474047,95,19,66,11,0.4622603252869454,0.6458223551039082,0.27733333928230186,1,0->1,1.4514093101024628,5,parametric
2.3571426212787627,95,19,66,11,0.4368601882936712,0.6335754748090582,0.2632460328966873,1,0->1,1.4514093101024628,5,parametric
2.4326203972101212,95,19,66,12,0.2181854691965613,0.5902356495302447,0.21018443218658517,1,0->1,1.4514093101024628,5,parametric
2.5080981731414793,95,19,66,12,,,,1,0->1,1.4514093101024628,5,parametric
2.583575949072838,95,19,66,12,,,,1,0->1,1.4514093101024628,5,parametric
2.6590537250041963,95,19,66,12,,,,1,0->1,1.4514093101024628,5,parametric
2.7345315009355544,95,19,66,12,,,,1,0->1,1.4514093101024628,5,parametric
2.8100092768669125,95,19,66,12,,,,1,0->1,1.4514093101024628,5,parametric
2.885487052798271,95,19,66,12,,,,1,0->1,1.4514093101024628,5,parametric
2.9609648287296295,95,19,66,12,,,,1,0->1,1.4514093101024628,5,parametric
3.036442604660988,95,19,66,12,,,,1,0->1,1.4514093101024628,5,parametric
3.111920380592346,95,19,66,12,,,,1,0->1,1.4514093101024628,5,parametric
3.187398156523704,95,19,66,12,,,,1,0->1,1.4514093101024628,5,parametric
3.2628759324550627,95,19,66,12,,,,1,0->1,1.4514093101024628,5,parametric
3.338353708386421,95,19,66,12,,,,1,0->1,1.4514093101024628,5,parametric
3.4138314843177797,95,19,66,12,,,,1,0->1,1.4514093101024628,5,parametric
3.489309260249138,95,19,66,12,,,,1,0->1,1.4514093101024628,5,parametric
3.5647870361804963,95,19,66,12,,,,1,0->1,1.4514093101024628,5,parametric
3.6402648121118544,95,19,66,12,,,,1,0->1,1.4514093101024628,5,parametric
3.715742588043213,95,19,66,12,,,,1,0->1,1.4514093101024628,5,parametric
1.526887086033821,213,47,116,0,,,,2,1->2,1.4514093101024628,5,parametric
1.6023648619651794,213,47,116,0,,,,2,1->2,1.4514093101024628,5,parametric
1.6778426378965379,213,47,116,3,0.7688576183562204,0.7697662970643429,0.06140997054186318,2,1->2,1.4514093101024628,5,parametric
1.7533204138278962,213,47,116,4,0.79528886158942,0.7708207167829607,0.07789195639178745,2,1->2,1.4514093101024628,5,parametric
1.8287981897592545,213,47,116,6,0.737734627403239,0.7379580057939632,0.11486890914186436,2,1->2,1.4514093101024628,5,parametric
1.9042759656906127,213,47,116,8,0.6599885126394934,0.6935423208768482,0.14904893355788906,2,1->2,1.4514093101024628,5,parametric
1.979753741621971,213,47,116,9,0.6864304834700432,0.7021334192238412,0.15822506531560157,2,1->2,1.4514093101024628,5,parametric
2.0552315175533296,213,47,116,9,0.6626724303125435,0.6964788029927449,0.15905538169734282,2,1->2,1.4514093101024628,5,parametric
2.1307092934846876,213,47,116,11,0.6186875977676675,0.6483300896276986,0.19437853012717646,2,1->2,1.4514093101024628,5,parametric
2.206187069416046,213,47,116,13,0.6796581806489425,0.6834285126573021,0.19327915297438472,2,1->2,1.4514093101024628,5,parametric
2.2816648453474047,213,47,116,15,0.6717419581078915,0.664517254241366,0.21896071304299627,2,1->2,1.4514093101024628,5,parametric
2.3571426212787627,213,47,116,16,0.713402681204968,0.675929332570867,0.20331452086120852,2,1->2,1.4514093101024628,5,parametric
2.4326203972101212,213,47,116,18,0.42432001848079737,0.6307199282995768,0.24120034491832845,2,1->2,1.4514093101024628,5,parametric
2.5080981731414793,213,47,116,20,0.4668873414108758,0.6418530665908218,0.17482981566302822,2,1->2,1.4514093101024628,5,parametric
2.583575949072838,213,47,116,21,0.849846882869443,0.6358135841402549,0.12114825398224452,2,1->2,1.4514093101024628,5,parametric
2.6590537250041963,213,47,116,21,,,,2,1->2,1.4514093101024628,5,parametric
2.7345315009355544,213,47,116,21,,,,2,1->2,1.4514093101024628,5,parametric
2.8100092768669125,213,47,116,21,,,,2,1->2,1.4514093101024628,5,parametric
2.885487052798271,213,47,116,21,,,,2,1->2,1.4514093101024628,5,parametric
2.9609648287296295,213,47,116,21,,,,2,1->2,1.4514093101024628,5,parametric
3.036442604660988,213,47,116,21,,,,2,1->2,1.4514093101024628,5,parametric
3.111920380592346,213,47,116,21,,,,2,1->2,1.4514093101024628,5,parametric
3.187398156523704,213,47,116,21,,,,2,1->2,1.4514093101024628,5,parametric
3.2628759324550627,213,47,116,21,,,,2,1->2,1.4514093101024628,5,parametric
3.338353708386421,213,47,116,21,,,,2,1->2,1.4514093101024628,5,parametric
3.4138314843177797,213,47,116,21,,,,2,1->2,1.4514093101024628,5,parametric
3.489309260249138,213,47,116,21,,,,2,1->2,1.4514093101024628,5,parametric
3.5647870361804963,213,47,116,21,,,,2,1->2,1.4514093101024628,5,parametric
3.6402648121118544,213,47,116,21,,,,2,1->2,1.4514093101024628,5,parametric
3.715742588043213,213,47,116,21,,,,2,1->2,1.4514093101024628,5,parametric
1.526887086033821,291,70,59,0,,,,3,2->3,1.4514093101024628,5,parametric
1.6023648619651794,291,70,59,1,0.9015151515151515,0.9029850746268657,0.015103723017375392,3,2->3,1.4514093101024628,5,parametric
1.6778426378965379,291,70,59,3,0.530081505114024,0.5333145143022378,0.0464873250704859,3,2->3,1.4514093101024628,5,parametric
1.7533204138278962,291,70,59,3,0.508318967525509,0.5150999381535104,0.04716814370869096,3,2->3,1.4514093101024628,5,parametric
1.8287981897592545,291,70,59,4,0.5915263686386736,0.5931152734891014,0.06280319407329979,3,2->3,1.4514093101024628,5,parametric
1.9042759656906127,291,70,59,5,0.7452801078220699,0.7369827676296004,0.07457915764308508,3,2->3,1.4514093101024628,5,parametric
1.979753741621971,291,70,59,7,0.7006063136332312,0.6969846993870942,0.10707502157417487,3,2->3,1.4514093101024628,5,parametric
2.0552315175533296,291,70,59,7,0.7821708892423114,0.7602155170176103,0.1032547864975971,3,2->3,1.4514093101024628,5,parametric
2.1307092934846876,291,70,59,7,0.8271997921844467,0.7779760093667522,0.10040222840825673,3,2->3,1.4514093101024628,5,parametric
2.206187069416046,291,70,59,8,0.8055528266688581,0.7428548654640914,0.11296775341428153,3,2->3,1.4514093101024628,5,parametric
2.2816648453474047,291,70,59,9,0.7458946035864534,0.7158107337871266,0.13177506752961596,3,2->3,1.4514093101024628,5,parametric
2.3571426212787627,291,70,59,9,0.7553173352375592,0.7103670486279183,0.13147227161337227,3,2->3,1.4514093101024628,5,parametric
2.4326203972101212,291,70,59,10,0.5814683650424571,0.6436919830520595,0.1499306549659591,3,2->3,1.4514093101024628,5,parametric
2.5080981731414793,291,70,59,10,0.6061480436143689,0.6246043128141342,0.14552202097896036,3,2->3,1.4514093101024628,5,parametric
2.583575949072838,291,70,59,11,0.6825294346039766,0.6444404889722138,0.15406101151145948,3,2->3,1.4514093101024628,5,parametric
2.6590537250041963,291,70,59,11,0.5700220991282671,0.6104587578168025,0.14570673988841532,3,2->3,1.4514093101024628,5,parametric
2.7345315009355544,291,70,59,11,0.5752524223844995,0.6120996482758896,0.14427583204357694,3,2->3,1.4514093101024628,5,parametric
2.8100092768669125,291,70,59,11,0.5819147296510122,0.6157138426379899,0.14767065605117236,3,2->3,1.4514093101024628,5,parametric
2.885487052798271,291,70,59,11,0.5038354247598558,0.6071761261559736,0.1738129090950074,3,2->3,1.4514093101024628,5,parametric
2.9609648287296295,291,70,59,12,0.5383050335680731,0.618705237424532,0.18797946057801973,3,2->3,1.4514093101024628,5,parametric
3.036442604660988,291,70,59,13,0.9001250892214646,0.6669829599103924,0.1216448660589093,3,2->3,1.4514093101024628,5,parametric
3.111920380592346,291,70,59,13,0.917231652152499,0.6534296407681502,0.09383923590356649,3,2->3,1.4514093101024628,5,parametric
3.187398156523704,291,70,59,14,,,,3,2->3,1.4514093101024628,5,parametric
3.2628759324550627,291,70,59,14,,,,3,2->3,1.4514093101024628,5,parametric
3.338353708386421,291,70,59,14,,,,3,2->3,1.4514093101024628,5,parametric
3.4138314843177797,291,70,59,14,,,,3,2->3,1.4514093101024628,5,parametric
3.489309260249138,291,70,59,14,,,,3,2->3,1.4514093101024628,5,parametric
3.5647870361804963,291,70,59,14,,,,3,2->3,1.4514093101024628,5,parametric
3.6402648121118544,291,70,59,14,,,,3,2->3,1.4514093101024628,5,parametric
3.715742588043213,291,70,59,14,,,,3,2->3,1.4514093101024628,5,parametric
2.1607390602429706,30,8,17,1,0.08333333333333331,0.08333333333333333,0.1296714281763351,1,0->1,2.107118248939514,5,parametric
2.2143598715464274,30,8,17,1,0.6666666666666666,0.6666666666666666,0.12239385377165003,1,0->1,2.107118248939514,5,parametric
2.267980682849884,30,8,17,2,0.5468085106382978,0.5834985133795837,0.23649329764215157,1,0->1,2.107118248939514,5,parametric
2.3216014941533407,30,8,17,2,0.625,0.6825239511067064,0.2237087576962959,1,0->1,2.107118248939514,5,parametric
2.375222305456797,30,8,17,2,0.5,0.7699041955731747,0.20665930704645202,1,0->1,2.107118248939514,5,parametric
2.428843116760254,30,8,17,3,0.0,0.702359411034238,0.33150456061674677,1,0->1,2.107118248939514,5,parametric
2.4824639280637104,30,8,17,3,0.0,0.702359411034238,0.3097255279589127,1,0->1,2.107118248939514,5,parametric
2.5360847393671673,30,8,17,3,,,,1,0->1,2.107118248939514,5,parametric
2.5897055506706237,30,8,17,3,,,,1,0->1,2.107118248939514,5,parametric
2.64332636197408,30,8,17,3,,,,1,0->1,2.107118248939514,5,parametric
2.696947173277537,30,8,17,3,,,,1,0->1,2.107118248939514,5,parametric
2.750567984580994,30,8,17,3,,,,1,0->1,2.107118248939514,5,parametric
2.8041887958844502,30,8,17,3,,,,1,0->1,2.107118248939514,5,parametric
2.8578096071879067,30,8,17,3,,,,1,0->1,2.107118248939514,5,parametric
2.9114304184913635,30,8,17,3,,,,1,0->1,2.107118248939514,5,parametric
2.9650512297948204,30,8,17,3,,,,1,0->1,2.107118248939514,5,parametric
3.018672041098277,30,8,17,3,,,,1,0->1,2.107118248939514,5,parametric
3.072292852401733,30,8,17,3,,,,1,0->1,2.107118248939514,5,parametric
3.12591366370519,30,8,17,3,,,,1,0->1,2.107118248939514,5,parametric
3.1795344750086465,30,8,17,3,,,,1,0->1,2.107118248939514,5,parametric
3.233155286312103,30,8,17,3,,,,1,0->1,2.107118248939514,5,parametric
3.2867760976155598,30,8,17,3,,,,1,0->1,2.107118248939514,5,parametric
3.3403969089190166,30,8,17,3,,,,1,0->1,2.107118248939514,5,parametric
3.3940177202224735,30,8,17,3,,,,1,0->1,2.107118248939514,5,parametric
3.44763853152593,30,8,17,3,,,,1,0->1,2.107118248939514,5,parametric
3.5012593428293863,30,8,17,3,,,,1,0->1,2.107118248939514,5,parametric
3.554880154132843,30,8,17,3,,,,1,0->1,2.107118248939514,5,parametric
3.6085009654362996,30,8,17,3,,,,1,0->1,2.107118248939514,5,parametric
3.662121776739756,30,8,17,3,,,,1,0->1,2.107118248939514,5,parametric
3.715742588043213,30,8,17,3,,,,1,0->1,2.107118248939514,5,parametric
2.1607390602429706,95,25,44,2,0.5764705882352941,0.5668031469995424,0.0789560791206904,2,1->2,2.107118248939514,5,parametric
2.2143598715464274,95,25,44,3,0.6925611727002541,0.7037191097775621,0.1153869827676624,2,1->2,2.107118248939514,5,parametric
2.267980682849884,95,25,44,5,0.7008675538492615,0.6816738162034243,0.19425251807963387,2,1->2,2.107118248939514,5,parametric
2.3216014941533407,95,25,44,5,0.6889439805625107,0.7037125105747809,0.18701239665771197,2,1->2,2.107118248939514,5,parametric
2.375222305456797,95,25,44,6,0.5421319916521496,0.6193190229110833,0.22040508320926555,2,1->2,2.107118248939514,5,parametric
2.428843116760254,95,25,44,8,0.40646607327168505,0.6110569278667461,0.3031398761090626,2,1->2,2.107118248939514,5,parametric
2.4824639280637104,95,25,44,9,0.5141980856688143,0.6084529643364192,0.31719078165523346,2,1->2,2.107118248939514,5,parametric
2.5360847393671673,95,25,44,11,1.0,0.6741984394200715,0.3346082927206611,2,1->2,2.107118248939514,5,parametric
2.5897055506706237,95,25,44,11,1.0,0.6751056547592527,0.29569897628379604,2,1->2,2.107118248939514,5,parametric
2.64332636197408,95,25,44,11,,,,2,1->2,2.107118248939514,5,parametric
2.696947173277537,95,25,44,11,,,,2,1->2,2.107118248939514,5,parametric
2.750567984580994,95,25,44,11,,,,2,1->2,2.107118248939514,5,parametric
2.8041887958844502,95,25,44,11,,,,2,1->2,2.107118248939514,5,parametric
2.8578096071879067,95,25,44,11,,,,2,1->2,2.107118248939514,5,parametric
2.9114304184913635,95,25,44,11,,,,2,1->2,2.107118248939514,5,parametric
2.9650512297948204,95,25,44,11,,,,2,1->2,2.107118248939514,5,parametric
3.018672041098277,95,25,44,11,,,,2,1->2,2.107118248939514,5,parametric
3.072292852401733,95,25,44,11,,,,2,1->2,2.107118248939514,5,parametric
3.12591366370519,95,25,44,11,,,,2,1->2,2.107118248939514,5,parametric
3.1795344750086465,95,25,44,11,,,,2,1->2,2.107118248939514,5,parametric
3.233155286312103,95,25,44,11,,,,2,1->2,2.107118248939514,5,parametric
3.2867760976155598,95,25,44,11,,,,2,1->2,2.107118248939514,5,parametric
3.3403969089190166,95,25,44,11,,,,2,1->2,2.107118248939514,5,parametric
3.3940177202224735,95,25,44,11,,,,2,1->2,2.107118248939514,5,parametric
3.44763853152593,95,25,44,11,,,,2,1->2,2.107118248939514,5,parametric
3.5012593428293863,95,25,44,11,,,,2,1->2,2.107118248939514,5,parametric
3.554880154132843,95,25,44,11,,,,2,1->2,2.107118248939514,5,parametric
3.6085009654362996,95,25,44,11,,,,2,1->2,2.107118248939514,5,parametric
3.662121776739756,95,25,44,11,,,,2,1->2,2.107118248939514,5,parametric
3.715742588043213,95,25,44,11,,,,2,1->2,2.107118248939514,5,parametric
2.1607390602429706,195,43,50,0,,,,3,2->3,2.107118248939514,5,parametric
2.2143598715464274,195,43,50,2,0.984375,0.9692307692307691,0.0485485299380664,3,2->3,2.107118248939514,5,parametric
2.267980682849884,195,43,50,2,1.0,1.0,0.047592972712770014,3,2->3,2.107118248939514,5,parametric
2.3216014941533407,195,43,50,2,0.95,0.9461538461538461,0.04649205920505858,3,2->3,2.107118248939514,5,parametric
2.375222305456797,195,43,50,2,0.9021739130434783,0.9076923076923077,0.04492795824468632,3,2->3,2.107118248939514,5,parametric
2.428843116760254,195,43,50,3,0.7261299998956345,0.7648893903761533,0.07627150925094014,3,2->3,2.107118248939514,5,parametric
2.4824639280637104,195,43,50,3,0.7013907691023195,0.7346020979225242,0.07349596419796335,3,2->3,2.107118248939514,5,parametric
2.5360847393671673,195,43,50,3,0.6470981816663776,0.7142687142959087,0.07177432318200898,3,2->3,2.107118248939514,5,parametric
2.5897055506706237,195,43,50,4,0.6464431410666429,0.6562744045167463,0.10901223236613428,3,2->3,2.107118248939514,5,parametric
2.64332636197408,195,43,50,4,0.560035293858304,0.6249074240300274,0.10471123900566114,3,2->3,2.107118248939514,5,parametric
2.696947173277537,195,43,50,4,0.6601856415403964,0.6679709547843017,0.10011968640276718,3,2->3,2.107118248939514,5,parametric
2.750567984580994,195,43,50,4,0.6601856415403965,0.6600212325919423,0.0988379281015005,3,2->3,2.107118248939514,5,parametric
2.8041887958844502,195,43,50,4,0.6601856415403965,0.6444477325658664,0.09618426403639903,3,2->3,2.107118248939514,5,parametric
2.8578096071879067,195,43,50,4,0.6469428740340141,0.6599642243366965,0.09644011299747002,3,2->3,2.107118248939514,5,parametric
2.9114304184913635,195,43,50,4,0.5293392962712588,0.5973523324601666,0.10505179470624078,3,2->3,2.107118248939514,5,parametric
2.9650512297948204,195,43,50,5,0.401907707586611,0.5450112035401156,0.19250105406595666,3,2->3,2.107118248939514,5,parametric
3.018672041098277,195,43,50,6,0.5651399689814546,0.5455919079612658,0.2369244125008557,3,2->3,2.107118248939514,5,parametric
3.072292852401733,195,43,50,6,1.0,0.5455919079612658,0.1657255519233597,3,2->3,2.107118248939514,5,parametric
3.12591366370519,195,43,50,6,1.0,0.5436142865625494,0.15388461022558006,3,2->3,2.107118248939514,5,parametric
3.1795344750086465,195,43,50,6,1.0,0.535922695668239,0.1396217874754037,3,2->3,2.107118248939514,5,parametric
3.233155286312103,195,43,50,7,,,,3,2->3,2.107118248939514,5,parametric
3.2867760976155598,195,43,50,7,,,,3,2->3,2.107118248939514,5,parametric
3.3403969089190166,195,43,50,7,,,,3,2->3,2.107118248939514,5,parametric
3.3940177202224735,195,43,50,7,,,,3,2->3,2.107118248939514,5,parametric
3.44763853152593,195,43,50,7,,,,3,2->3,2.107118248939514,5,parametric
3.5012593428293863,195,43,50,7,,,,3,2->3,2.107118248939514,5,parametric
3.554880154132843,195,43,50,7,,,,3,2->3,2.107118248939514,5,parametric
3.6085009654362996,195,43,50,7,,,,3,2->3,2.107118248939514,5,parametric
3.662121776739756,195,43,50,7,,,,3,2->3,2.107118248939514,5,parametric
3.715742588043213,195,43,50,7,,,,3,2->3,2.107118248939514,5,parametric
2.5358078122138976,14,1,9,0,,,,1,0->1,2.495120406150818,5,parametric
2.5764952182769774,14,1,9,0,,,,1,0->1,2.495120406150818,5,parametric
2.6171826243400576,14,1,9,0,,,,1,0->1,2.495120406150818,5,parametric
2.6578700304031373,14,1,9,0,,,,1,0->1,2.495120406150818,5,parametric
2.698557436466217,14,1,9,0,,,,1,0->1,2.495120406150818,5,parametric
2.739244842529297,14,1,9,0,,,,1,0->1,2.495120406150818,5,parametric
2.7799322485923765,14,1,9,0,,,,1,0->1,2.495120406150818,5,parametric
2.8206196546554567,14,1,9,0,,,,1,0->1,2.495120406150818,5,parametric
2.8613070607185365,14,1,9,0,,,,1,0->1,2.495120406150818,5,parametric
2.901994466781616,14,1,9,0,,,,1,0->1,2.495120406150818,5,parametric
2.942681872844696,14,1,9,0,,,,1,0->1,2.495120406150818,5,parametric
2.9833692789077757,14,1,9,0,,,,1,0->1,2.495120406150818,5,parametric
3.024056684970856,14,1,9,0,,,,1,0->1,2.495120406150818,5,parametric
3.0647440910339356,14,1,9,0,,,,1,0->1,2.495120406150818,5,parametric
3.1054314970970154,14,1,9,0,,,,1,0->1,2.495120406150818,5,parametric
3.146118903160095,14,1,9,0,,,,1,0->1,2.495120406150818,5,parametric
3.186806309223175,14,1,9,0,,,,1,0->1,2.495120406150818,5,parametric
3.227493715286255,14,1,9,0,,,,1,0->1,2.495120406150818,5,parametric
3.268181121349335,14,1,9,0,,,,1,0->1,2.495120406150818,5,parametric
3.3088685274124146,14,1,9,0,,,,1,0->1,2.495120406150818,5,parametric
3.3495559334754943,14,1,9,0,,,,1,0->1,2.495120406150818,5,parametric
3.390243339538574,14,1,9,0,,,,1,0->1,2.495120406150818,5,parametric
3.4309307456016542,14,1,9,0,,,,1,0->1,2.495120406150818,5,parametric
3.471618151664734,14,1,9,0,,,,1,0->1,2.495120406150818,5,parametric
3.5123055577278137,14,1,9,0,,,,1,0->1,2.495120406150818,5,parametric
3.552992963790894,14,1,9,0,,,,1,0->1,2.495120406150818,5,parametric
3.593680369853973,14,1,9,0,,,,1,0->1,2.495120406150818,5,parametric
3.6343677759170534,14,1,9,0,,,,1,0->1,2.495120406150818,5,parametric
3.675055181980133,14,1,9,0,,,,1,0->1,2.495120406150818,5,parametric
3.715742588043213,14,1,9,0,,,,1,0->1,2.495120406150818,5,parametric
2.5358078122138976,42,3,22,1,1.0,1.0,0.34803473088200193,2,1->2,2.495120406150818,5,parametric
2.5764952182769774,42,3,22,1,1.0,1.0,0.327495529915553,2,1->2,2.495120406150818,5,parametric
2.6171826243400576,42,3,22,1,1.0,1.0,0.28108810905544135,2,1->2,2.495120406150818,5,parametric
2.6578700304031373,42,3,22,1,,,,2,1->2,2.495120406150818,5,parametric
2.698557436466217,42,3,22,1,,,,2,1->2,2.495120406150818,5,parametric
2.739244842529297,42,3,22,1,,,,2,1->2,2.495120406150818,5,parametric
2.7799322485923765,42,3,22,1,,,,2,1->2,2.495120406150818,5,parametric
2.8206196546554567,42,3,22,1,,,,2,1->2,2.495120406150818,5,parametric
2.8613070607185365,42,3,22,1,,,,2,1->2,2.495120406150818,5,parametric
2.901994466781616,42,3,22,1,,,,2,1->2,2.495120406150818,5,parametric
2.942681872844696,42,3,22,1,,,,2,1->2,2.495120406150818,5,parametric
2.9833692789077757,42,3,22,1,,,,2,1->2,2.495120406150818,5,parametric
3.024056684970856,42,3,22,1,,,,2,1->2,2.495120406150818,5,parametric
3.0647440910339356,42,3,22,1,,,,2,1->2,2.495120406150818,5,parametric
3.1054314970970154,42,3,22,1,,,,2,1->2,2.495120406150818,5,parametric
3.146118903160095,42,3,22,1,,,,2,1->2,2.495120406150818,5,parametric
3.186806309223175,42,3,22,1,,,,2,1->2,2.495120406150818,5,parametric
3.227493715286255,42,3,22,1,,,,2,1->2,2.495120406150818,5,parametric
3.268181121349335,42,3,22,1,,,,2,1->2,2.495120406150818,5,parametric
3.3088685274124146,42,3,22,1,,,,2,1->2,2.495120406150818,5,parametric
3.3495559334754943,42,3,22,1,,,,2,1->2,2.495120406150818,5,parametric
3.390243339538574,42,3,22,1,,,,2,1->2,2.495120406150818,5,parametric
3.4309307456016542,42,3,22,1,,,,2,1->2,2.495120406150818,5,parametric
3.471618151664734,42,3,22,1,,,,2,1->2,2.495120406150818,5,parametric
3.5123055577278137,42,3,22,1,,,,2,1->2,2.495120406150818,5,parametric
3.552992963790894,42,3,22,1,,,,2,1->2,2.495120406150818,5,parametric
3.593680369853973,42,3,22,1,,,,2,1->2,2.495120406150818,5,parametric
3.6343677759170534,42,3,22,1,,,,2,1->2,2.495120406150818,5,parametric
3.675055181980133,42,3,22,1,,,,2,1->2,2.495120406150818,5,parametric
3.715742588043213,42,3,22,1,,,,2,1->2,2.495120406150818,5,parametric
2.5358078122138976,99,12,28,0,,,,3,2->3,2.495120406150818,5,parametric
2.5764952182769774,99,12,28,1,1.0,1.0,0.08583335074282256,3,2->3,2.495120406150818,5,parametric
2.6171826243400576,99,12,28,1,1.0,1.0,0.08061644892881878,3,2->3,2.495120406150818,5,parametric
2.6578700304031373,99,12,28,1,1.0,1.0,0.07225014034722842,3,2->3,2.495120406150818,5,parametric
2.698557436466217,99,12,28,1,1.0,1.0,0.0633340216237123,3,2->3,2.495120406150818,5,parametric
2.739244842529297,99,12,28,1,1.0,1.0,0.05214581106477206,3,2->3,2.495120406150818,5,parametric
2.7799322485923765,99,12,28,1,1.0,1.0,0.04376392645593786,3,2->3,2.495120406150818,5,parametric
2.8206196546554567,99,12,28,1,1.0,1.0,0.04124749603609707,3,2->3,2.495120406150818,5,parametric
2.8613070607185365,99,12,28,1,1.0,1.0,0.035818815386235346,3,2->3,2.495120406150818,5,parametric
2.901994466781616,99,12,28,1,1.0,1.0,0.03369012407348687,3,2->3,2.495120406150818,5,parametric
2.942681872844696,99,12,28,1,1.0,1.0,0.030029477509112307,3,2->3,2.495120406150818,5,parametric
2.9833692789077757,99,12,28,2,0.5142841222617534,0.5442004959874397,0.21703026693393612,3,2->3,2.495120406150818,5,parametric
3.024056684970856,99,12,28,3,1.0,0.9322084318772864,0.3812193191291619,3,2->3,2.495120406150818,5,parametric
3.0647440910339356,99,12,28,3,1.0,0.7966252956318592,0.35363345118209705,3,2->3,2.495120406150818,5,parametric
3.1054314970970154,99,12,28,3,1.0,0.7288337275091458,0.3307709819661408,3,2->3,2.495120406150818,5,parametric
3.146118903160095,99,12,28,3,1.0,0.7288337275091458,0.300208706856065,3,2->3,2.495120406150818,5,parametric
3.186806309223175,99,12,28,4,,,,3,2->3,2.495120406150818,5,parametric
3.227493715286255,99,12,28,4,,,,3,2->3,2.495120406150818,5,parametric
3.268181121349335,99,12,28,4,,,,3,2->3,2.495120406150818,5,parametric
3.3088685274124146,99,12,28,4,,,,3,2->3,2.495120406150818,5,parametric
3.3495559334754943,99,12,28,4,,,,3,2->3,2.495120406150818,5,parametric
3.390243339538574,99,12,28,4,,,,3,2->3,2.495120406150818,5,parametric
3.4309307456016542,99,12,28,4,,,,3,2->3,2.495120406150818,5,parametric
3.471618151664734,99,12,28,4,,,,3,2->3,2.495120406150818,5,parametric
3.5123055577278137,99,12,28,4,,,,3,2->3,2.495120406150818,5,parametric
3.552992963790894,99,12,28,4,,,,3,2->3,2.495120406150818,5,parametric
3.593680369853973,99,12,28,4,,,,3,2->3,2.495120406150818,5,parametric
3.6343677759170534,99,12,28,4,,,,3,2->3,2.495120406150818,5,parametric
3.675055181980133,99,12,28,4,,,,3,2->3,2.495120406150818,5,parametric
3.715742588043213,99,12,28,4,,,,3,2->3,2.495120406150818,5,parametric
