"id","horizon","survival","fold","landmark"
4,0.406175843377908,0.960215838940614,1,0.370852038264275
6,0.406175843377908,0.98939257070583,1,0.370852038264275
8,0.406175843377908,0.995452896770132,1,0.370852038264275
25,0.406175843377908,0.997638516990273,1,0.370852038264275
26,0.406175843377908,0.908084119112737,1,0.370852038264275
34,0.406175843377908,0.996808061228222,1,0.370852038264275
43,0.406175843377908,0.99759576721191,1,0.370852038264275
46,0.406175843377908,0.987261463486987,1,0.370852038264275
47,0.406175843377908,0.998380211794343,1,0.370852038264275
58,0.406175843377908,0.996829323515721,1,0.370852038264275
61,0.406175843377908,0.99646916169671,1,0.370852038264275
64,0.406175843377908,0.927475993395999,1,0.370852038264275
74,0.406175843377908,0.964555351097192,1,0.370852038264275
78,0.406175843377908,0.929038664318698,1,0.370852038264275
83,0.406175843377908,0.991960610213565,1,0.370852038264275
85,0.406175843377908,0.980542158379952,1,0.370852038264275
105,0.406175843377908,0.989032060682487,1,0.370852038264275
109,0.406175843377908,0.998904232135498,1,0.370852038264275
110,0.406175843377908,0.99051425375553,1,0.370852038264275
115,0.406175843377908,0.998212330704164,1,0.370852038264275
125,0.406175843377908,0.978575644402836,1,0.370852038264275
147,0.406175843377908,0.980644069895998,1,0.370852038264275
158,0.406175843377908,0.94668321969796,1,0.370852038264275
166,0.406175843377908,0.997725731159136,1,0.370852038264275
173,0.406175843377908,0.996530021024409,1,0.370852038264275
174,0.406175843377908,0.995809078547967,1,0.370852038264275
176,0.406175843377908,0.988706070700661,1,0.370852038264275
181,0.406175843377908,0.973840305099841,1,0.370852038264275
183,0.406175843377908,0.993111604691988,1,0.370852038264275
186,0.406175843377908,0.927138686560746,1,0.370852038264275
197,0.406175843377908,0.998633785184357,1,0.370852038264275
198,0.406175843377908,0.998371444981947,1,0.370852038264275
210,0.406175843377908,0.990293036288389,1,0.370852038264275
212,0.406175843377908,0.997696288749409,1,0.370852038264275
214,0.406175843377908,0.91454699732853,1,0.370852038264275
226,0.406175843377908,0.994264417181908,1,0.370852038264275
232,0.406175843377908,0.997314241500423,1,0.370852038264275
240,0.406175843377908,0.998226130367037,1,0.370852038264275
252,0.406175843377908,0.974153410673337,1,0.370852038264275
261,0.406175843377908,0.984898504544015,1,0.370852038264275
262,0.406175843377908,0.99408415444483,1,0.370852038264275
278,0.406175843377908,0.938742339529267,1,0.370852038264275
290,0.406175843377908,0.981045533250233,1,0.370852038264275
292,0.406175843377908,0.828735372074276,1,0.370852038264275
293,0.406175843377908,0.866143474519914,1,0.370852038264275
310,0.406175843377908,0.982862470492844,1,0.370852038264275
4,0.441499648491542,0.919632930204186,1,0.370852038264275
6,0.441499648491542,0.978638542180543,1,0.370852038264275
8,0.441499648491542,0.990472169023311,1,0.370852038264275
25,0.441499648491542,0.99527001201029,1,0.370852038264275
26,0.441499648491542,0.820099137553901,1,0.370852038264275
34,0.441499648491542,0.993549454488114,1,0.370852038264275
43,0.441499648491542,0.995369198333849,1,0.370852038264275
46,0.441499648491542,0.972629789684084,1,0.370852038264275
47,0.441499648491542,0.996748406685915,1,0.370852038264275
58,0.441499648491542,0.993359881380868,1,0.370852038264275
61,0.441499648491542,0.99294171722938,1,0.370852038264275
64,0.441499648491542,0.852613349116362,1,0.370852038264275
74,0.441499648491542,0.930230985390454,1,0.370852038264275
78,0.441499648491542,0.855237111718742,1,0.370852038264275
83,0.441499648491542,0.984226117326437,1,0.370852038264275
85,0.441499648491542,0.963283288677031,1,0.370852038264275
105,0.441499648491542,0.975992911913715,1,0.370852038264275
109,0.441499648491542,0.997839330523255,1,0.370852038264275
110,0.441499648491542,0.98016717707626,1,0.370852038264275
115,0.441499648491542,0.996426358367244,1,0.370852038264275
125,0.441499648491542,0.955249949679626,1,0.370852038264275
147,0.441499648491542,0.960603803566932,1,0.370852038264275
158,0.441499648491542,0.886170973636501,1,0.370852038264275
166,0.441499648491542,0.995609681646803,1,0.370852038264275
173,0.441499648491542,0.99337459196283,1,0.370852038264275
174,0.441499648491542,0.991415367933434,1,0.370852038264275
176,0.441499648491542,0.976532621218098,1,0.370852038264275
181,0.441499648491542,0.943962337682854,1,0.370852038264275
183,0.441499648491542,0.985092790619145,1,0.370852038264275
186,0.441499648491542,0.853210099397401,1,0.370852038264275
197,0.441499648491542,0.99726784726744,1,0.370852038264275
198,0.441499648491542,0.996632770174216,1,0.370852038264275
210,0.441499648491542,0.980317804072784,1,0.370852038264275
212,0.441499648491542,0.995600522153835,1,0.370852038264275
214,0.441499648491542,0.828575635467125,1,0.370852038264275
226,0.441499648491542,0.988098016503048,1,0.370852038264275
232,0.441499648491542,0.994595183635548,1,0.370852038264275
240,0.441499648491542,0.996509047983509,1,0.370852038264275
252,0.441499648491542,0.947201417944942,1,0.370852038264275
261,0.441499648491542,0.969418332138176,1,0.370852038264275
262,0.441499648491542,0.987751133136512,1,0.370852038264275
278,0.441499648491542,0.872194441767328,1,0.370852038264275
290,0.441499648491542,0.961739821961931,1,0.370852038264275
292,0.441499648491542,0.682034001665736,1,0.370852038264275
293,0.441499648491542,0.755757233461098,1,0.370852038264275
310,0.441499648491542,0.965036923169541,1,0.370852038264275
4,0.476823453605175,0.879612855646516,1,0.370852038264275
6,0.476823453605175,0.967505317771149,1,0.370852038264275
8,0.476823453605175,0.98507169258791,1,0.370852038264275
25,0.476823453605175,0.993028962434816,1,0.370852038264275
26,0.476823453605175,0.733055724296727,1,0.370852038264275
34,0.476823453605175,0.990360599752978,1,0.370852038264275
43,0.476823453605175,0.993059387757324,1,0.370852038264275
46,0.476823453605175,0.9582111822552,1,0.370852038264275
47,0.476823453605175,0.995151261030414,1,0.370852038264275
58,0.476823453605175,0.989763485155678,1,0.370852038264275
61,0.476823453605175,0.989011711821802,1,0.370852038264275
64,0.476823453605175,0.772952657319456,1,0.370852038264275
74,0.476823453605175,0.894297395392247,1,0.370852038264275
78,0.476823453605175,0.779467469843274,1,0.370852038264275
83,0.476823453605175,0.976220136322386,1,0.370852038264275
85,0.476823453605175,0.945532349936842,1,0.370852038264275
105,0.476823453605175,0.961488134135527,1,0.370852038264275
109,0.476823453605175,0.996732819197695,1,0.370852038264275
110,0.476823453605175,0.968801926128332,1,0.370852038264275
115,0.476823453605175,0.994515729139769,1,0.370852038264275
125,0.476823453605175,0.930402883929925,1,0.370852038264275
147,0.476823453605175,0.941175647690257,1,0.370852038264275
158,0.476823453605175,0.817613369189467,1,0.370852038264275
166,0.476823453605175,0.993615424392762,1,0.370852038264275
173,0.476823453605175,0.990031278786541,1,0.370852038264275
174,0.476823453605175,0.986693434083173,1,0.370852038264275
176,0.476823453605175,0.963630772480565,1,0.370852038264275
181,0.476823453605175,0.910148329647401,1,0.370852038264275
183,0.476823453605175,0.976097220992331,1,0.370852038264275
186,0.476823453605175,0.779538130507887,1,0.370852038264275
197,0.476823453605175,0.995872754465347,1,0.370852038264275
198,0.476823453605175,0.994867862839555,1,0.370852038264275
210,0.476823453605175,0.969197941821241,1,0.370852038264275
212,0.476823453605175,0.993466227930736,1,0.370852038264275
214,0.476823453605175,0.741656366779113,1,0.370852038264275
226,0.476823453605175,0.981971273215681,1,0.370852038264275
232,0.476823453605175,0.991675431587879,1,0.370852038264275
240,0.476823453605175,0.994780353017687,1,0.370852038264275
252,0.476823453605175,0.919073651060264,1,0.370852038264275
261,0.476823453605175,0.953013931310429,1,0.370852038264275
262,0.476823453605175,0.981570253212611,1,0.370852038264275
278,0.476823453605175,0.801725962908152,1,0.370852038264275
290,0.476823453605175,0.942311942665994,1,0.370852038264275
292,0.476823453605175,0.563754460750842,1,0.370852038264275
293,0.476823453605175,0.664682182322046,1,0.370852038264275
310,0.476823453605175,0.947677157883751,1,0.370852038264275
4,0.512147258718809,0.838212178480847,1,0.370852038264275
6,0.512147258718809,0.956253407180433,1,0.370852038264275
8,0.512147258718809,0.979196067185899,1,0.370852038264275
25,0.512147258718809,0.990323151065154,1,0.370852038264275
26,0.512147258718809,0.657011029484297,1,0.370852038264275
34,0.512147258718809,0.987004708957937,1,0.370852038264275
43,0.512147258718809,0.990870777525646,1,0.370852038264275
46,0.512147258718809,0.94503481643271,1,0.370852038264275
47,0.512147258718809,0.993522006761961,1,0.370852038264275
58,0.512147258718809,0.98576223208387,1,0.370852038264275
61,0.512147258718809,0.984826221678135,1,0.370852038264275
64,0.512147258718809,0.690608823475431,1,0.370852038264275
74,0.512147258718809,0.858165096834975,1,0.370852038264275
78,0.512147258718809,0.703724661170903,1,0.370852038264275
83,0.512147258718809,0.968202472436044,1,0.370852038264275
85,0.512147258718809,0.927111772285617,1,0.370852038264275
105,0.512147258718809,0.944258677861574,1,0.370852038264275
109,0.512147258718809,0.995659654518745,1,0.370852038264275
110,0.512147258718809,0.956536173586854,1,0.370852038264275
115,0.512147258718809,0.992510063743291,1,0.370852038264275
125,0.512147258718809,0.90351059482261,1,0.370852038264275
147,0.512147258718809,0.921878341570996,1,0.370852038264275
158,0.512147258718809,0.74720509333855,1,0.370852038264275
166,0.512147258718809,0.991678232747284,1,0.370852038264275
173,0.512147258718809,0.986636928691881,1,0.370852038264275
174,0.512147258718809,0.981711385901626,1,0.370852038264275
176,0.512147258718809,0.950084116600151,1,0.370852038264275
181,0.512147258718809,0.872367720709227,1,0.370852038264275
183,0.512147258718809,0.966003398230746,1,0.370852038264275
186,0.512147258718809,0.70678342866159,1,0.370852038264275
197,0.512147258718809,0.994685781516564,1,0.370852038264275
198,0.512147258718809,0.992803705581283,1,0.370852038264275
210,0.512147258718809,0.956892025753,1,0.370852038264275
212,0.512147258718809,0.991645987036356,1,0.370852038264275
214,0.512147258718809,0.653720438740592,1,0.370852038264275
226,0.512147258718809,0.975366828911715,1,0.370852038264275
232,0.512147258718809,0.988367917078255,1,0.370852038264275
240,0.512147258718809,0.992833305378833,1,0.370852038264275
252,0.512147258718809,0.889967126095213,1,0.370852038264275
261,0.512147258718809,0.936670248306303,1,0.370852038264275
262,0.512147258718809,0.97524536163962,1,0.370852038264275
278,0.512147258718809,0.72672092667177,1,0.370852038264275
290,0.512147258718809,0.920613593121166,1,0.370852038264275
292,0.512147258718809,0.452966208725258,1,0.370852038264275
293,0.512147258718809,0.589048397338476,1,0.370852038264275
310,0.512147258718809,0.930685445998635,1,0.370852038264275
4,0.547471063832442,0.791628366207654,1,0.370852038264275
6,0.547471063832442,0.944653713337119,1,0.370852038264275
8,0.547471063832442,0.972708785841988,1,0.370852038264275
25,0.547471063832442,0.987957962065372,1,0.370852038264275
26,0.547471063832442,0.575800722903632,1,0.370852038264275
34,0.547471063832442,0.983594240069287,1,0.370852038264275
43,0.547471063832442,0.988660966497691,1,0.370852038264275
46,0.547471063832442,0.93184039448989,1,0.370852038264275
47,0.547471063832442,0.991927165573824,1,0.370852038264275
58,0.547471063832442,0.981843362541096,1,0.370852038264275
61,0.547471063832442,0.980442166011528,1,0.370852038264275
64,0.547471063832442,0.610059857672146,1,0.370852038264275
74,0.547471063832442,0.821954634552275,1,0.370852038264275
78,0.547471063832442,0.627898366626843,1,0.370852038264275
83,0.547471063832442,0.959422782332904,1,0.370852038264275
85,0.547471063832442,0.912692230620464,1,0.370852038264275
105,0.547471063832442,0.925096320718723,1,0.370852038264275
109,0.547471063832442,0.994545464288195,1,0.370852038264275
110,0.547471063832442,0.942729828515477,1,0.370852038264275
115,0.547471063832442,0.990492003941759,1,0.370852038264275
125,0.547471063832442,0.875004397115252,1,0.370852038264275
147,0.547471063832442,0.902725927120628,1,0.370852038264275
158,0.547471063832442,0.669514179892571,1,0.370852038264275
166,0.547471063832442,0.989856664931793,1,0.370852038264275
173,0.547471063832442,0.983123838097484,1,0.370852038264275
174,0.547471063832442,0.97667629512973,1,0.370852038264275
176,0.547471063832442,0.935381210078126,1,0.370852038264275
181,0.547471063832442,0.830860205589871,1,0.370852038264275
183,0.547471063832442,0.954465924448269,1,0.370852038264275
186,0.547471063832442,0.637325807816926,1,0.370852038264275
197,0.547471063832442,0.993234662033786,1,0.370852038264275
198,0.547471063832442,0.990674151047271,1,0.370852038264275
210,0.547471063832442,0.944973031661215,1,0.370852038264275
212,0.547471063832442,0.98960117254356,1,0.370852038264275
214,0.547471063832442,0.570611795826631,1,0.370852038264275
226,0.547471063832442,0.968452246977395,1,0.370852038264275
232,0.547471063832442,0.984961014236915,1,0.370852038264275
240,0.547471063832442,0.990944941716393,1,0.370852038264275
252,0.547471063832442,0.859869756080383,1,0.370852038264275
261,0.547471063832442,0.919882718329029,1,0.370852038264275
262,0.547471063832442,0.968760967782206,1,0.370852038264275
278,0.547471063832442,0.650536910990352,1,0.370852038264275
290,0.547471063832442,0.899571208428633,1,0.370852038264275
292,0.547471063832442,0.368239682337022,1,0.370852038264275
293,0.547471063832442,0.52575415748564,1,0.370852038264275
310,0.547471063832442,0.913078623740195,1,0.370852038264275
4,0.582794868946075,0.736817974825128,1,0.370852038264275
6,0.582794868946075,0.932790200591092,1,0.370852038264275
8,0.582794868946075,0.965805164097788,1,0.370852038264275
25,0.582794868946075,0.985488341865563,1,0.370852038264275
26,0.582794868946075,0.504447801933395,1,0.370852038264275
34,0.582794868946075,0.980095040120513,1,0.370852038264275
43,0.582794868946075,0.986409697848392,1,0.370852038264275
46,0.582794868946075,0.918877589417629,1,0.370852038264275
47,0.582794868946075,0.990296024764796,1,0.370852038264275
58,0.582794868946075,0.977450839618428,1,0.370852038264275
61,0.582794868946075,0.975664083261999,1,0.370852038264275
64,0.582794868946075,0.529381319629099,1,0.370852038264275
74,0.582794868946075,0.785806766846187,1,0.370852038264275
78,0.582794868946075,0.554274266119278,1,0.370852038264275
83,0.582794868946075,0.951127199963792,1,0.370852038264275
85,0.582794868946075,0.89482665935106,1,0.370852038264275
105,0.582794868946075,0.902605175497972,1,0.370852038264275
109,0.582794868946075,0.993424875051074,1,0.370852038264275
110,0.582794868946075,0.92730271755987,1,0.370852038264275
115,0.582794868946075,0.988364568593201,1,0.370852038264275
125,0.582794868946075,0.844241891516301,1,0.370852038264275
147,0.582794868946075,0.883661907563278,1,0.370852038264275
158,0.582794868946075,0.589667523469805,1,0.370852038264275
166,0.582794868946075,0.988190629971451,1,0.370852038264275
173,0.582794868946075,0.97959974476608,1,0.370852038264275
174,0.582794868946075,0.971291298535265,1,0.370852038264275
176,0.582794868946075,0.919976954655501,1,0.370852038264275
181,0.582794868946075,0.786189750300759,1,0.370852038264275
183,0.582794868946075,0.941403582542828,1,0.370852038264275
186,0.582794868946075,0.569436548033898,1,0.370852038264275
197,0.582794868946075,0.991820073617435,1,0.370852038264275
198,0.582794868946075,0.988502217662142,1,0.370852038264275
210,0.582794868946075,0.93145314219783,1,0.370852038264275
212,0.582794868946075,0.987897628453389,1,0.370852038264275
214,0.582794868946075,0.49213171231217,1,0.370852038264275
226,0.582794868946075,0.96138242576764,1,0.370852038264275
232,0.582794868946075,0.98127857249487,1,0.370852038264275
240,0.582794868946075,0.988985594794238,1,0.370852038264275
252,0.582794868946075,0.828879403207931,1,0.370852038264275
261,0.582794868946075,0.902637273868769,1,0.370852038264275
262,0.582794868946075,0.962101347385465,1,0.370852038264275
278,0.582794868946075,0.574232423542383,1,0.370852038264275
290,0.582794868946075,0.877641215465383,1,0.370852038264275
292,0.582794868946075,0.292000646603992,1,0.370852038264275
293,0.582794868946075,0.472500782460606,1,0.370852038264275
310,0.582794868946075,0.894945187857382,1,0.370852038264275
4,0.618118674059709,0.684738500901025,1,0.370852038264275
6,0.618118674059709,0.920910597943752,1,0.370852038264275
8,0.618118674059709,0.958265455164416,1,0.370852038264275
25,0.618118674059709,0.982443590308945,1,0.370852038264275
26,0.618118674059709,0.443427526281865,1,0.370852038264275
34,0.618118674059709,0.976437116989134,1,0.370852038264275
43,0.618118674059709,0.984233189815242,1,0.370852038264275
46,0.618118674059709,0.905225287064699,1,0.370852038264275
47,0.618118674059709,0.988702394984492,1,0.370852038264275
58,0.618118674059709,0.972588188763483,1,0.370852038264275
61,0.618118674059709,0.970484843139392,1,0.370852038264275
64,0.618118674059709,0.45183229879203,1,0.370852038264275
74,0.618118674059709,0.751230361417782,1,0.370852038264275
78,0.618118674059709,0.484288048552903,1,0.370852038264275
83,0.618118674059709,0.942691758474023,1,0.370852038264275
85,0.618118674059709,0.876141787533028,1,0.370852038264275
105,0.618118674059709,0.877664160424577,1,0.370852038264275
109,0.618118674059709,0.99228740740161,1,0.370852038264275
110,0.618118674059709,0.910382372115018,1,0.370852038264275
115,0.618118674059709,0.986146125810465,1,0.370852038264275
125,0.618118674059709,0.812012837788261,1,0.370852038264275
147,0.618118674059709,0.864706105265976,1,0.370852038264275
158,0.618118674059709,0.507931682833387,1,0.370852038264275
166,0.618118674059709,0.986596538934304,1,0.370852038264275
173,0.618118674059709,0.976000073398171,1,0.370852038264275
174,0.618118674059709,0.965292710992835,1,0.370852038264275
176,0.618118674059709,0.903890387458505,1,0.370852038264275
181,0.618118674059709,0.739221826927359,1,0.370852038264275
183,0.618118674059709,0.926584328936403,1,0.370852038264275
186,0.618118674059709,0.505517837691385,1,0.370852038264275
197,0.618118674059709,0.990375496577704,1,0.370852038264275
198,0.618118674059709,0.986050360782081,1,0.370852038264275
210,0.618118674059709,0.916050201517314,1,0.370852038264275
212,0.618118674059709,0.98626777998086,1,0.370852038264275
214,0.618118674059709,0.419677071180955,1,0.370852038264275
226,0.618118674059709,0.953714326546518,1,0.370852038264275
232,0.618118674059709,0.977045653439747,1,0.370852038264275
240,0.618118674059709,0.986946316129542,1,0.370852038264275
252,0.618118674059709,0.797127734900609,1,0.370852038264275
261,0.618118674059709,0.884349550749781,1,0.370852038264275
262,0.618118674059709,0.954887891032112,1,0.370852038264275
278,0.618118674059709,0.499966850684879,1,0.370852038264275
290,0.618118674059709,0.853952192507961,1,0.370852038264275
292,0.618118674059709,0.235574989781459,1,0.370852038264275
293,0.618118674059709,0.427594811585384,1,0.370852038264275
310,0.618118674059709,0.877561715761878,1,0.370852038264275
4,0.653442479173342,0.631037701797651,1,0.370852038264275
6,0.653442479173342,0.908484775926113,1,0.370852038264275
8,0.653442479173342,0.950054360453089,1,0.370852038264275
25,0.653442479173342,0.979776581276862,1,0.370852038264275
26,0.653442479173342,0.385363419131961,1,0.370852038264275
34,0.653442479173342,0.972716901257142,1,0.370852038264275
43,0.653442479173342,0.982191064333731,1,0.370852038264275
46,0.653442479173342,0.892632628004327,1,0.370852038264275
47,0.653442479173342,0.987079639403747,1,0.370852038264275
58,0.653442479173342,0.967512637486113,1,0.370852038264275
61,0.653442479173342,0.96497622211627,1,0.370852038264275
64,0.653442479173342,0.379563365231954,1,0.370852038264275
74,0.653442479173342,0.715693513330969,1,0.370852038264275
78,0.653442479173342,0.419146936826708,1,0.370852038264275
83,0.653442479173342,0.933537829613439,1,0.370852038264275
85,0.653442479173342,0.858043179118176,1,0.370852038264275
105,0.653442479173342,0.849490413576042,1,0.370852038264275
109,0.653442479173342,0.99109826494186,1,0.370852038264275
110,0.653442479173342,0.891711370454568,1,0.370852038264275
115,0.653442479173342,0.983880028968048,1,0.370852038264275
125,0.653442479173342,0.778157591456123,1,0.370852038264275
147,0.653442479173342,0.845857119941796,1,0.370852038264275
158,0.653442479173342,0.428771274946867,1,0.370852038264275
166,0.653442479173342,0.985009757746598,1,0.370852038264275
173,0.653442479173342,0.972316464476859,1,0.370852038264275
174,0.653442479173342,0.959211795720827,1,0.370852038264275
176,0.653442479173342,0.886566677639182,1,0.370852038264275
181,0.653442479173342,0.690985301406974,1,0.370852038264275
183,0.653442479173342,0.910052375247013,1,0.370852038264275
186,0.653442479173342,0.446414595096695,1,0.370852038264275
197,0.653442479173342,0.988842771939776,1,0.370852038264275
198,0.653442479173342,0.983307219141585,1,0.370852038264275
210,0.653442479173342,0.900271042659959,1,0.370852038264275
212,0.653442479173342,0.984433818675197,1,0.370852038264275
214,0.653442479173342,0.354173416642834,1,0.370852038264275
226,0.653442479173342,0.945883362153266,1,0.370852038264275
232,0.653442479173342,0.972702828216945,1,0.370852038264275
240,0.653442479173342,0.984817494936098,1,0.370852038264275
252,0.653442479173342,0.764779677207812,1,0.370852038264275
261,0.653442479173342,0.866145342210587,1,0.370852038264275
262,0.653442479173342,0.947812156448439,1,0.370852038264275
278,0.653442479173342,0.429343732824417,1,0.370852038264275
290,0.653442479173342,0.830313531719542,1,0.370852038264275
292,0.653442479173342,0.189860627701555,1,0.370852038264275
293,0.653442479173342,0.389712130383496,1,0.370852038264275
310,0.653442479173342,0.860045645722514,1,0.370852038264275
4,0.688766284286976,0.57264829610848,1,0.370852038264275
6,0.688766284286976,0.895749002246457,1,0.370852038264275
8,0.688766284286976,0.941148107873149,1,0.370852038264275
25,0.688766284286976,0.977015680487746,1,0.370852038264275
26,0.688766284286976,0.331812045322021,1,0.370852038264275
34,0.688766284286976,0.968895032312065,1,0.370852038264275
43,0.688766284286976,0.980035298535341,1,0.370852038264275
46,0.688766284286976,0.881432645445793,1,0.370852038264275
47,0.688766284286976,0.985457204826405,1,0.370852038264275
58,0.688766284286976,0.962274923578965,1,0.370852038264275
61,0.688766284286976,0.959048752970179,1,0.370852038264275
64,0.688766284286976,0.313665425446072,1,0.370852038264275
74,0.688766284286976,0.680696119582821,1,0.370852038264275
78,0.688766284286976,0.359725806582304,1,0.370852038264275
83,0.688766284286976,0.924565448769792,1,0.370852038264275
85,0.688766284286976,0.841107629902364,1,0.370852038264275
105,0.688766284286976,0.817841854615923,1,0.370852038264275
109,0.688766284286976,0.989917249560968,1,0.370852038264275
110,0.688766284286976,0.87114722798701,1,0.370852038264275
115,0.688766284286976,0.981450376495845,1,0.370852038264275
125,0.688766284286976,0.742669171324181,1,0.370852038264275
147,0.688766284286976,0.827116433727168,1,0.370852038264275
158,0.688766284286976,0.352659313323518,1,0.370852038264275
166,0.688766284286976,0.983525454767812,1,0.370852038264275
173,0.688766284286976,0.968610833088108,1,0.370852038264275
174,0.688766284286976,0.952820458461905,1,0.370852038264275
176,0.688766284286976,0.86799319818419,1,0.370852038264275
181,0.688766284286976,0.642437928132553,1,0.370852038264275
183,0.688766284286976,0.891208796882567,1,0.370852038264275
186,0.688766284286976,0.392730438487497,1,0.370852038264275
197,0.688766284286976,0.987168242893218,1,0.370852038264275
198,0.688766284286976,0.980430240933371,1,0.370852038264275
210,0.688766284286976,0.883994798359605,1,0.370852038264275
212,0.688766284286976,0.98287072354182,1,0.370852038264275
214,0.688766284286976,0.295175234238597,1,0.370852038264275
226,0.688766284286976,0.937637122792319,1,0.370852038264275
232,0.688766284286976,0.967987068841777,1,0.370852038264275
240,0.688766284286976,0.982427681099419,1,0.370852038264275
252,0.688766284286976,0.732029847297424,1,0.370852038264275
261,0.688766284286976,0.847477820652508,1,0.370852038264275
262,0.688766284286976,0.940513156035543,1,0.370852038264275
278,0.688766284286976,0.364578073977233,1,0.370852038264275
290,0.688766284286976,0.805134241804364,1,0.370852038264275
292,0.688766284286976,0.15295739302569,1,0.370852038264275
293,0.688766284286976,0.357740455622161,1,0.370852038264275
310,0.688766284286976,0.841812561594373,1,0.370852038264275
4,0.724090089400609,0.518533837823495,1,0.370852038264275
6,0.724090089400609,0.882690998106288,1,0.370852038264275
8,0.724090089400609,0.931393036317166,1,0.370852038264275
25,0.724090089400609,0.974209509448762,1,0.370852038264275
26,0.724090089400609,0.287087248119904,1,0.370852038264275
34,0.724090089400609,0.964899977957785,1,0.370852038264275
43,0.724090089400609,0.977802211962905,1,0.370852038264275
46,0.724090089400609,0.869206154808855,1,0.370852038264275
47,0.724090089400609,0.983825431815345,1,0.370852038264275
58,0.724090089400609,0.956411290749281,1,0.370852038264275
61,0.724090089400609,0.952765665597169,1,0.370852038264275
64,0.724090089400609,0.255791300511406,1,0.370852038264275
74,0.724090089400609,0.64639413110355,1,0.370852038264275
78,0.724090089400609,0.306524729202769,1,0.370852038264275
83,0.724090089400609,0.915600136697599,1,0.370852038264275
85,0.724090089400609,0.822926358812372,1,0.370852038264275
105,0.724090089400609,0.782832927922565,1,0.370852038264275
109,0.724090089400609,0.988733002336791,1,0.370852038264275
110,0.724090089400609,0.848611255846179,1,0.370852038264275
115,0.724090089400609,0.978895364547244,1,0.370852038264275
125,0.724090089400609,0.705887735610184,1,0.370852038264275
147,0.724090089400609,0.807873719248583,1,0.370852038264275
158,0.724090089400609,0.283378568867643,1,0.370852038264275
166,0.724090089400609,0.982079050189812,1,0.370852038264275
173,0.724090089400609,0.964963030220304,1,0.370852038264275
174,0.724090089400609,0.945620748762951,1,0.370852038264275
176,0.724090089400609,0.848563402951399,1,0.370852038264275
181,0.724090089400609,0.594246378330263,1,0.370852038264275
183,0.724090089400609,0.870119327169236,1,0.370852038264275
186,0.724090089400609,0.344630123676948,1,0.370852038264275
197,0.724090089400609,0.985564186347634,1,0.370852038264275
198,0.724090089400609,0.977471918468174,1,0.370852038264275
210,0.724090089400609,0.865779174789333,1,0.370852038264275
212,0.724090089400609,0.981418758935217,1,0.370852038264275
214,0.724090089400609,0.244661212441375,1,0.370852038264275
226,0.724090089400609,0.928947364515424,1,0.370852038264275
232,0.724090089400609,0.962860437404373,1,0.370852038264275
240,0.724090089400609,0.98007987905288,1,0.370852038264275
252,0.724090089400609,0.69909546667821,1,0.370852038264275
261,0.724090089400609,0.828359503274154,1,0.370852038264275
262,0.724090089400609,0.932974538816517,1,0.370852038264275
278,0.724090089400609,0.307415326221956,1,0.370852038264275
290,0.724090089400609,0.779860870289348,1,0.370852038264275
292,0.724090089400609,0.120605218743179,1,0.370852038264275
293,0.724090089400609,0.330714467168181,1,0.370852038264275
310,0.724090089400609,0.824016073144738,1,0.370852038264275
4,0.759413894514243,0.465787817266927,1,0.370852038264275
6,0.759413894514243,0.869300653189722,1,0.370852038264275
8,0.759413894514243,0.920925635845523,1,0.370852038264275
25,0.759413894514243,0.971240334422861,1,0.370852038264275
26,0.759413894514243,0.250481047897827,1,0.370852038264275
34,0.759413894514243,0.960701769219638,1,0.370852038264275
43,0.759413894514243,0.975639772018055,1,0.370852038264275
46,0.759413894514243,0.856920207540825,1,0.370852038264275
47,0.759413894514243,0.98210047433167,1,0.370852038264275
58,0.759413894514243,0.950014952634148,1,0.370852038264275
61,0.759413894514243,0.945880861089127,1,0.370852038264275
64,0.759413894514243,0.2047701449301,1,0.370852038264275
74,0.759413894514243,0.612837326013589,1,0.370852038264275
78,0.759413894514243,0.259639436372202,1,0.370852038264275
83,0.759413894514243,0.90681395922143,1,0.370852038264275
85,0.759413894514243,0.804757590746769,1,0.370852038264275
105,0.759413894514243,0.743867323460817,1,0.370852038264275
109,0.759413894514243,0.987492376876728,1,0.370852038264275
110,0.759413894514243,0.823579941992763,1,0.370852038264275
115,0.759413894514243,0.97618381607913,1,0.370852038264275
125,0.759413894514243,0.66755420243664,1,0.370852038264275
147,0.759413894514243,0.789169416991101,1,0.370852038264275
158,0.759413894514243,0.222864162735185,1,0.370852038264275
166,0.759413894514243,0.980667697601547,1,0.370852038264275
173,0.759413894514243,0.960988967307806,1,0.370852038264275
174,0.759413894514243,0.938271598645721,1,0.370852038264275
176,0.759413894514243,0.828059922527422,1,0.370852038264275
181,0.759413894514243,0.546731701975159,1,0.370852038264275
183,0.759413894514243,0.846576988202307,1,0.370852038264275
186,0.759413894514243,0.302419082337144,1,0.370852038264275
197,0.759413894514243,0.983932685154261,1,0.370852038264275
198,0.759413894514243,0.97412874233596,1,0.370852038264275
210,0.759413894514243,0.845823098511379,1,0.370852038264275
212,0.759413894514243,0.980018623122478,1,0.370852038264275
214,0.759413894514243,0.201318408849498,1,0.370852038264275
226,0.759413894514243,0.91955600445447,1,0.370852038264275
232,0.759413894514243,0.957282156303714,1,0.370852038264275
240,0.759413894514243,0.977655662507886,1,0.370852038264275
252,0.759413894514243,0.666129184219769,1,0.370852038264275
261,0.759413894514243,0.808811773660457,1,0.370852038264275
262,0.759413894514243,0.925180035282232,1,0.370852038264275
278,0.759413894514243,0.25773131877696,1,0.370852038264275
290,0.759413894514243,0.752885915602389,1,0.370852038264275
292,0.759413894514243,0.0970050049156587,1,0.370852038264275
293,0.759413894514243,0.307797737248374,1,0.370852038264275
310,0.759413894514243,0.806104409373631,1,0.370852038264275
4,0.794737699627876,0.416287569938126,1,0.370852038264275
6,0.794737699627876,0.855875734829991,1,0.370852038264275
8,0.794737699627876,0.909332826739781,1,0.370852038264275
25,0.794737699627876,0.967539964427711,1,0.370852038264275
26,0.794737699627876,0.216809126762924,1,0.370852038264275
34,0.794737699627876,0.956366025872542,1,0.370852038264275
43,0.794737699627876,0.973468225044874,1,0.370852038264275
46,0.794737699627876,0.84498135630506,1,0.370852038264275
47,0.794737699627876,0.980336537362662,1,0.370852038264275
58,0.794737699627876,0.9429800915919,1,0.370852038264275
61,0.794737699627876,0.938379387927745,1,0.370852038264275
64,0.794737699627876,0.161294543007765,1,0.370852038264275
74,0.794737699627876,0.580334574042653,1,0.370852038264275
78,0.794737699627876,0.21925556001751,1,0.370852038264275
83,0.794737699627876,0.896835515623563,1,0.370852038264275
85,0.794737699627876,0.784280972349598,1,0.370852038264275
105,0.794737699627876,0.702525055671714,1,0.370852038264275
109,0.794737699627876,0.986256100478088,1,0.370852038264275
110,0.794737699627876,0.796670506168088,1,0.370852038264275
115,0.794737699627876,0.973429136450259,1,0.370852038264275
125,0.794737699627876,0.629201328348883,1,0.370852038264275
147,0.794737699627876,0.770772621218919,1,0.370852038264275
158,0.794737699627876,0.171245715126949,1,0.370852038264275
166,0.794737699627876,0.979215900225316,1,0.370852038264275
173,0.794737699627876,0.956896083998344,1,0.370852038264275
174,0.794737699627876,0.930471525932524,1,0.370852038264275
176,0.794737699627876,0.806793564785995,1,0.370852038264275
181,0.794737699627876,0.500029191757775,1,0.370852038264275
183,0.794737699627876,0.820275677916666,1,0.370852038264275
186,0.794737699627876,0.265694127256017,1,0.370852038264275
197,0.794737699627876,0.982241382541387,1,0.370852038264275
198,0.794737699627876,0.970502707973483,1,0.370852038264275
210,0.794737699627876,0.824033207614379,1,0.370852038264275
212,0.794737699627876,0.97866569240559,1,0.370852038264275
214,0.794737699627876,0.164569072936203,1,0.370852038264275
226,0.794737699627876,0.909604055232237,1,0.370852038264275
232,0.794737699627876,0.951208738363897,1,0.370852038264275
240,0.794737699627876,0.975051209348354,1,0.370852038264275
252,0.794737699627876,0.633513384111973,1,0.370852038264275
261,0.794737699627876,0.788865636092844,1,0.370852038264275
262,0.794737699627876,0.917113645576022,1,0.370852038264275
278,0.794737699627876,0.215415219924586,1,0.370852038264275
290,0.794737699627876,0.726134667679728,1,0.370852038264275
292,0.794737699627876,0.0779509124087322,1,0.370852038264275
293,0.794737699627876,0.288273941263439,1,0.370852038264275
310,0.794737699627876,0.788098623863116,1,0.370852038264275
4,0.83006150474151,0.368819610453991,1,0.370852038264275
6,0.83006150474151,0.841677763149075,1,0.370852038264275
8,0.83006150474151,0.896578382678189,1,0.370852038264275
25,0.83006150474151,0.964397765001288,1,0.370852038264275
26,0.83006150474151,0.18783948291352,1,0.370852038264275
34,0.83006150474151,0.951835982552644,1,0.370852038264275
43,0.83006150474151,0.971282794877077,1,0.370852038264275
46,0.83006150474151,0.833176145644386,1,0.370852038264275
47,0.83006150474151,0.978577492384129,1,0.370852038264275
58,0.83006150474151,0.935648447957145,1,0.370852038264275
61,0.83006150474151,0.930602125825714,1,0.370852038264275
64,0.83006150474151,0.125442807982733,1,0.370852038264275
74,0.83006150474151,0.548901821529794,1,0.370852038264275
78,0.83006150474151,0.184283539285754,1,0.370852038264275
83,0.83006150474151,0.887265280681073,1,0.370852038264275
85,0.83006150474151,0.768803285592587,1,0.370852038264275
105,0.83006150474151,0.658803857389316,1,0.370852038264275
109,0.83006150474151,0.984918306074084,1,0.370852038264275
110,0.83006150474151,0.768000524136035,1,0.370852038264275
115,0.83006150474151,0.970417385162756,1,0.370852038264275
125,0.83006150474151,0.590663855195176,1,0.370852038264275
147,0.83006150474151,0.7525172091962,1,0.370852038264275
158,0.83006150474151,0.129695364471793,1,0.370852038264275
166,0.83006150474151,0.977721682037762,1,0.370852038264275
173,0.83006150474151,0.952675347442818,1,0.370852038264275
174,0.83006150474151,0.922165197678125,1,0.370852038264275
176,0.83006150474151,0.784215386395229,1,0.370852038264275
181,0.83006150474151,0.454330823960942,1,0.370852038264275
183,0.83006150474151,0.791239048268588,1,0.370852038264275
186,0.83006150474151,0.234024511246659,1,0.370852038264275
197,0.83006150474151,0.980667754539549,1,0.370852038264275
198,0.83006150474151,0.966565240723066,1,0.370852038264275
210,0.83006150474151,0.801799498015634,1,0.370852038264275
212,0.83006150474151,0.977082886042236,1,0.370852038264275
214,0.83006150474151,0.133786260609683,1,0.370852038264275
226,0.83006150474151,0.899402215351876,1,0.370852038264275
232,0.83006150474151,0.944364399417021,1,0.370852038264275
240,0.83006150474151,0.972297401102785,1,0.370852038264275
252,0.83006150474151,0.601387050883687,1,0.370852038264275
261,0.83006150474151,0.768562295295808,1,0.370852038264275
262,0.83006150474151,0.90875988839495,1,0.370852038264275
278,0.83006150474151,0.1799411292932,1,0.370852038264275
290,0.83006150474151,0.698827952463424,1,0.370852038264275
292,0.83006150474151,0.0625577778397124,1,0.370852038264275
293,0.83006150474151,0.271536049774121,1,0.370852038264275
310,0.83006150474151,0.768773560787274,1,0.370852038264275
4,0.865385309855143,0.324897106463236,1,0.370852038264275
6,0.865385309855143,0.827264902994911,1,0.370852038264275
8,0.865385309855143,0.882826789184446,1,0.370852038264275
25,0.865385309855143,0.961020640517988,1,0.370852038264275
26,0.865385309855143,0.163070195587599,1,0.370852038264275
34,0.865385309855143,0.947094684414761,1,0.370852038264275
43,0.865385309855143,0.969229456291486,1,0.370852038264275
46,0.865385309855143,0.821502754063012,1,0.370852038264275
47,0.865385309855143,0.976799104149908,1,0.370852038264275
58,0.865385309855143,0.927767941121201,1,0.370852038264275
61,0.865385309855143,0.92193270212677,1,0.370852038264275
64,0.865385309855143,0.0963505319247867,1,0.370852038264275
74,0.865385309855143,0.518634861953173,1,0.370852038264275
78,0.865385309855143,0.154481540020361,1,0.370852038264275
83,0.865385309855143,0.877479326673228,1,0.370852038264275
85,0.865385309855143,0.751131820624003,1,0.370852038264275
105,0.865385309855143,0.613243880429028,1,0.370852038264275
109,0.865385309855143,0.983580541864889,1,0.370852038264275
110,0.865385309855143,0.736781514322988,1,0.370852038264275
115,0.865385309855143,0.967220781066347,1,0.370852038264275
125,0.865385309855143,0.55235756763542,1,0.370852038264275
147,0.865385309855143,0.734416194185205,1,0.370852038264275
158,0.865385309855143,0.0971963089775375,1,0.370852038264275
166,0.865385309855143,0.976356655942666,1,0.370852038264275
173,0.865385309855143,0.94800470591112,1,0.370852038264275
174,0.865385309855143,0.913318907677045,1,0.370852038264275
176,0.865385309855143,0.76068556295653,1,0.370852038264275
181,0.865385309855143,0.41001113300941,1,0.370852038264275
183,0.865385309855143,0.759360862127178,1,0.370852038264275
186,0.865385309855143,0.207549001042627,1,0.370852038264275
197,0.865385309855143,0.978844206594127,1,0.370852038264275
198,0.865385309855143,0.962285246141578,1,0.370852038264275
210,0.865385309855143,0.778282474331035,1,0.370852038264275
212,0.865385309855143,0.975807700010633,1,0.370852038264275
214,0.865385309855143,0.108199246854443,1,0.370852038264275
226,0.865385309855143,0.888657708957666,1,0.370852038264275
232,0.865385309855143,0.937149424210151,1,0.370852038264275
240,0.865385309855143,0.969379770107832,1,0.370852038264275
252,0.865385309855143,0.56994310811164,1,0.370852038264275
261,0.865385309855143,0.74736255282746,1,0.370852038264275
262,0.865385309855143,0.900104120568544,1,0.370852038264275
278,0.865385309855143,0.150534818987632,1,0.370852038264275
290,0.865385309855143,0.670921155522879,1,0.370852038264275
292,0.865385309855143,0.0501142027225039,1,0.370852038264275
293,0.865385309855143,0.257074337927884,1,0.370852038264275
310,0.865385309855143,0.750658988045906,1,0.370852038264275
4,0.900709114968777,0.282206609079723,1,0.370852038264275
6,0.900709114968777,0.812510855315883,1,0.370852038264275
8,0.900709114968777,0.867886097779286,1,0.370852038264275
25,0.900709114968777,0.95749652388945,1,0.370852038264275
26,0.900709114968777,0.14189685312047,1,0.370852038264275
34,0.900709114968777,0.942215391585569,1,0.370852038264275
43,0.900709114968777,0.966912899996352,1,0.370852038264275
46,0.900709114968777,0.809962620887843,1,0.370852038264275
47,0.900709114968777,0.974975662105232,1,0.370852038264275
58,0.900709114968777,0.919310929323075,1,0.370852038264275
61,0.900709114968777,0.912570728619771,1,0.370852038264275
64,0.900709114968777,0.0732089159037262,1,0.370852038264275
74,0.900709114968777,0.489620472753949,1,0.370852038264275
78,0.900709114968777,0.129224140414978,1,0.370852038264275
83,0.900709114968777,0.867471572550813,1,0.370852038264275
85,0.900709114968777,0.73380245879286,1,0.370852038264275
105,0.900709114968777,0.566724297483269,1,0.370852038264275
109,0.900709114968777,0.982201359859791,1,0.370852038264275
110,0.900709114968777,0.70360609854616,1,0.370852038264275
115,0.900709114968777,0.963821913492916,1,0.370852038264275
125,0.900709114968777,0.514676632872517,1,0.370852038264275
147,0.900709114968777,0.717118004189087,1,0.370852038264275
158,0.900709114968777,0.0725012644628891,1,0.370852038264275
166,0.900709114968777,0.974995163590623,1,0.370852038264275
173,0.900709114968777,0.943490241193322,1,0.370852038264275
174,0.900709114968777,0.903976918059738,1,0.370852038264275
176,0.900709114968777,0.736310585387238,1,0.370852038264275
181,0.900709114968777,0.367562392320951,1,0.370852038264275
183,0.900709114968777,0.724674150471386,1,0.370852038264275
186,0.900709114968777,0.184301109233067,1,0.370852038264275
197,0.900709114968777,0.976935283757908,1,0.370852038264275
198,0.900709114968777,0.957629089921965,1,0.370852038264275
210,0.900709114968777,0.753563162313875,1,0.370852038264275
212,0.900709114968777,0.974567951745451,1,0.370852038264275
214,0.900709114968777,0.0871075167003494,1,0.370852038264275
226,0.900709114968777,0.87735330269965,1,0.370852038264275
232,0.900709114968777,0.929296395910402,1,0.370852038264275
240,0.900709114968777,0.966283085906386,1,0.370852038264275
252,0.900709114968777,0.539348363768776,1,0.370852038264275
261,0.900709114968777,0.726503953655127,1,0.370852038264275
262,0.900709114968777,0.891132937312265,1,0.370852038264275
278,0.900709114968777,0.126311935752463,1,0.370852038264275
290,0.900709114968777,0.642593423780933,1,0.370852038264275
292,0.900709114968777,0.0392099474220547,1,0.370852038264275
293,0.900709114968777,0.244465420940179,1,0.370852038264275
310,0.900709114968777,0.732567422114491,1,0.370852038264275
4,0.93603292008241,0.246355221848174,1,0.370852038264275
6,0.93603292008241,0.797424380528937,1,0.370852038264275
8,0.93603292008241,0.851690953811646,1,0.370852038264275
25,0.93603292008241,0.953814779963977,1,0.370852038264275
26,0.93603292008241,0.123830652418863,1,0.370852038264275
34,0.93603292008241,0.937003859823685,1,0.370852038264275
43,0.93603292008241,0.964658670681525,1,0.370852038264275
46,0.93603292008241,0.798560395453817,1,0.370852038264275
47,0.93603292008241,0.973101789223018,1,0.370852038264275
58,0.93603292008241,0.910254904154289,1,0.370852038264275
61,0.93603292008241,0.902471084262672,1,0.370852038264275
64,0.93603292008241,0.055118765361688,1,0.370852038264275
74,0.93603292008241,0.461936922199035,1,0.370852038264275
78,0.93603292008241,0.107896939462825,1,0.370852038264275
83,0.93603292008241,0.857238055831762,1,0.370852038264275
85,0.93603292008241,0.71689763046572,1,0.370852038264275
105,0.93603292008241,0.520034336516647,1,0.370852038264275
109,0.93603292008241,0.980777024684287,1,0.370852038264275
110,0.93603292008241,0.668750956364998,1,0.370852038264275
115,0.93603292008241,0.960202467756948,1,0.370852038264275
125,0.93603292008241,0.478040521893214,1,0.370852038264275
147,0.93603292008241,0.699378065074543,1,0.370852038264275
158,0.93603292008241,0.0542512573961249,1,0.370852038264275
166,0.93603292008241,0.973631442914042,1,0.370852038264275
173,0.93603292008241,0.938820437209128,1,0.370852038264275
174,0.93603292008241,0.893554492745063,1,0.370852038264275
176,0.93603292008241,0.711229713927966,1,0.370852038264275
181,0.93603292008241,0.327447879038472,1,0.370852038264275
183,0.93603292008241,0.687464765129729,1,0.370852038264275
186,0.93603292008241,0.164444016404421,1,0.370852038264275
197,0.93603292008241,0.974934207259049,1,0.370852038264275
198,0.93603292008241,0.952596639454242,1,0.370852038264275
210,0.93603292008241,0.727766671177086,1,0.370852038264275
212,0.93603292008241,0.973360081658181,1,0.370852038264275
214,0.93603292008241,0.0698664171973543,1,0.370852038264275
226,0.93603292008241,0.865477046175685,1,0.370852038264275
232,0.93603292008241,0.920755893697927,1,0.370852038264275
240,0.93603292008241,0.962991481770525,1,0.370852038264275
252,0.93603292008241,0.50974672920748,1,0.370852038264275
261,0.93603292008241,0.705476782799402,1,0.370852038264275
262,0.93603292008241,0.881834662048524,1,0.370852038264275
278,0.93603292008241,0.106385869418558,1,0.370852038264275
290,0.93603292008241,0.613975033234256,1,0.370852038264275
292,0.93603292008241,0.0312026624292572,1,0.370852038264275
293,0.93603292008241,0.23336288425772,1,0.370852038264275
310,0.93603292008241,0.713948024561358,1,0.370852038264275
4,0.971356725196044,0.21478615708871,1,0.370852038264275
6,0.971356725196044,0.782019842415811,1,0.370852038264275
8,0.971356725196044,0.834188241340893,1,0.370852038264275
25,0.971356725196044,0.949964188531145,1,0.370852038264275
26,0.971356725196044,0.108446608390378,1,0.370852038264275
34,0.971356725196044,0.931566118394378,1,0.370852038264275
43,0.971356725196044,0.962371080152575,1,0.370852038264275
46,0.971356725196044,0.788660356374296,1,0.370852038264275
47,0.971356725196044,0.971171876876521,1,0.370852038264275
58,0.971356725196044,0.900584402012055,1,0.370852038264275
61,0.971356725196044,0.891593470327185,1,0.370852038264275
64,0.971356725196044,0.04117596867539,1,0.370852038264275
74,0.971356725196044,0.436638556075359,1,0.370852038264275
78,0.971356725196044,0.089931734231211,1,0.370852038264275
83,0.971356725196044,0.846777320615292,1,0.370852038264275
85,0.971356725196044,0.700483622098413,1,0.370852038264275
105,0.971356725196044,0.473823593063741,1,0.370852038264275
109,0.971356725196044,0.97930360009801,1,0.370852038264275
110,0.971356725196044,0.632605901687616,1,0.370852038264275
115,0.971356725196044,0.956343370587464,1,0.370852038264275
125,0.971356725196044,0.442606857808877,1,0.370852038264275
147,0.971356725196044,0.681838117706174,1,0.370852038264275
158,0.971356725196044,0.0406323495881969,1,0.370852038264275
166,0.971356725196044,0.972260281558313,1,0.370852038264275
173,0.971356725196044,0.933985999517613,1,0.370852038264275
174,0.971356725196044,0.882877018561175,1,0.370852038264275
176,0.971356725196044,0.685608548158808,1,0.370852038264275
181,0.971356725196044,0.290015751376654,1,0.370852038264275
183,0.971356725196044,0.647745201017358,1,0.370852038264275
186,0.971356725196044,0.147457722018443,1,0.370852038264275
197,0.971356725196044,0.972831427124801,1,0.370852038264275
198,0.971356725196044,0.947080116913649,1,0.370852038264275
210,0.971356725196044,0.701062056528426,1,0.370852038264275
212,0.971356725196044,0.97218073193774,1,0.370852038264275
214,0.971356725196044,0.0557286472264714,1,0.370852038264275
226,0.971356725196044,0.853023585583542,1,0.370852038264275
232,0.971356725196044,0.911479508105204,1,0.370852038264275
240,0.971356725196044,0.959293348519209,1,0.370852038264275
252,0.971356725196044,0.481266467413371,1,0.370852038264275
261,0.971356725196044,0.684363572974162,1,0.370852038264275
262,0.971356725196044,0.871771489815783,1,0.370852038264275
278,0.971356725196044,0.0897710344851231,1,0.370852038264275
290,0.971356725196044,0.584591058565942,1,0.370852038264275
292,0.971356725196044,0.0247139599223638,1,0.370852038264275
293,0.971356725196044,0.223488725609982,1,0.370852038264275
310,0.971356725196044,0.69606508754451,1,0.370852038264275
4,1.00668053030968,0.186724860118254,1,0.370852038264275
6,1.00668053030968,0.766317777600726,1,0.370852038264275
8,1.00668053030968,0.815342444792003,1,0.370852038264275
25,1.00668053030968,0.945932930584492,1,0.370852038264275
26,1.00668053030968,0.0955139275432408,1,0.370852038264275
34,1.00668053030968,0.92581915273479,1,0.370852038264275
43,1.00668053030968,0.960045116380344,1,0.370852038264275
46,1.00668053030968,0.776462240247473,1,0.370852038264275
47,1.00668053030968,0.969180064286584,1,0.370852038264275
58,1.00668053030968,0.890553862914651,1,0.370852038264275
61,1.00668053030968,0.880023197333731,1,0.370852038264275
64,1.00668053030968,0.0306481804465066,1,0.370852038264275
74,1.00668053030968,0.411771682332563,1,0.370852038264275
78,1.00668053030968,0.0748202449672373,1,0.370852038264275
83,1.00668053030968,0.835867963020755,1,0.370852038264275
85,1.00668053030968,0.685879926914919,1,0.370852038264275
105,1.00668053030968,0.428397758720381,1,0.370852038264275
109,1.00668053030968,0.977776935005054,1,0.370852038264275
110,1.00668053030968,0.595544287778646,1,0.370852038264275
115,1.00668053030968,0.952225010317154,1,0.370852038264275
125,1.00668053030968,0.408432938332249,1,0.370852038264275
147,1.00668053030968,0.664515228376042,1,0.370852038264275
158,1.00668053030968,0.030569995797071,1,0.370852038264275
166,1.00668053030968,0.970877026942508,1,0.370852038264275
173,1.00668053030968,0.928977696277625,1,0.370852038264275
174,1.00668053030968,0.871534265651906,1,0.370852038264275
176,1.00668053030968,0.659415174338339,1,0.370852038264275
181,1.00668053030968,0.255496289938541,1,0.370852038264275
183,1.00668053030968,0.606094146303656,1,0.370852038264275
186,1.00668053030968,0.132882020647363,1,0.370852038264275
197,1.00668053030968,0.970617105149564,1,0.370852038264275
198,1.00668053030968,0.941072702864551,1,0.370852038264275
210,1.00668053030968,0.674344127194154,1,0.370852038264275
212,1.00668053030968,0.970955376345918,1,0.370852038264275
214,1.00668053030968,0.0444991398581994,1,0.370852038264275
226,1.00668053030968,0.839995514612514,1,0.370852038264275
232,1.00668053030968,0.901421532120629,1,0.370852038264275
240,1.00668053030968,0.955556620315122,1,0.370852038264275
252,1.00668053030968,0.454025981658863,1,0.370852038264275
261,1.00668053030968,0.663255747629356,1,0.370852038264275
262,1.00668053030968,0.861784061830387,1,0.370852038264275
278,1.00668053030968,0.076129662377431,1,0.370852038264275
290,1.00668053030968,0.55505267253265,1,0.370852038264275
292,1.00668053030968,0.019456616575942,1,0.370852038264275
293,1.00668053030968,0.214624579077009,1,0.370852038264275
310,1.00668053030968,0.678381785162255,1,0.370852038264275
4,1.04200433542331,0.162247769806583,1,0.370852038264275
6,1.04200433542331,0.750663606683192,1,0.370852038264275
8,1.04200433542331,0.795141646754005,1,0.370852038264275
25,1.04200433542331,0.94105563521192,1,0.370852038264275
26,1.04200433542331,0.0844138848925052,1,0.370852038264275
34,1.04200433542331,0.919703240472513,1,0.370852038264275
43,1.04200433542331,0.957675689353754,1,0.370852038264275
46,1.04200433542331,0.765535945476823,1,0.370852038264275
47,1.04200433542331,0.967120221940361,1,0.370852038264275
58,1.04200433542331,0.879455824727304,1,0.370852038264275
61,1.04200433542331,0.867430567760353,1,0.370852038264275
64,1.04200433542331,0.022567037153938,1,0.370852038264275
74,1.04200433542331,0.388372763607563,1,0.370852038264275
78,1.04200433542331,0.0621182662120209,1,0.370852038264275
83,1.04200433542331,0.824956087812436,1,0.370852038264275
85,1.04200433542331,0.669781747625434,1,0.370852038264275
105,1.04200433542331,0.385035569390585,1,0.370852038264275
109,1.04200433542331,0.976220238378686,1,0.370852038264275
110,1.04200433542331,0.558408630178269,1,0.370852038264275
115,1.04200433542331,0.947827548365729,1,0.370852038264275
125,1.04200433542331,0.376223624561434,1,0.370852038264275
147,1.04200433542331,0.646806231425881,1,0.370852038264275
158,1.04200433542331,0.022929460362862,1,0.370852038264275
166,1.04200433542331,0.969433551882696,1,0.370852038264275
173,1.04200433542331,0.924058792992985,1,0.370852038264275
174,1.04200433542331,0.859502213600767,1,0.370852038264275
176,1.04200433542331,0.633531310880508,1,0.370852038264275
181,1.04200433542331,0.224021534752395,1,0.370852038264275
183,1.04200433542331,0.563069156303557,1,0.370852038264275
186,1.04200433542331,0.120263165057337,1,0.370852038264275
197,1.04200433542331,0.968247055440082,1,0.370852038264275
198,1.04200433542331,0.934532724349732,1,0.370852038264275
210,1.04200433542331,0.645652445434494,1,0.370852038264275
212,1.04200433542331,0.969822246299367,1,0.370852038264275
214,1.04200433542331,0.0355031149091308,1,0.370852038264275
226,1.04200433542331,0.82585848687784,1,0.370852038264275
232,1.04200433542331,0.890541060841733,1,0.370852038264275
240,1.04200433542331,0.951576190565384,1,0.370852038264275
252,1.04200433542331,0.428133007086424,1,0.370852038264275
261,1.04200433542331,0.642252365702292,1,0.370852038264275
262,1.04200433542331,0.851451794072882,1,0.370852038264275
278,1.04200433542331,0.0647014069045483,1,0.370852038264275
290,1.04200433542331,0.526526238736392,1,0.370852038264275
292,1.04200433542331,0.0152052418786923,1,0.370852038264275
293,1.04200433542331,0.206602230210545,1,0.370852038264275
310,1.04200433542331,0.660961183026298,1,0.370852038264275
4,1.07732814053694,0.141026670222124,1,0.370852038264275
6,1.07732814053694,0.734458914811151,1,0.370852038264275
8,1.07732814053694,0.773638155783962,1,0.370852038264275
25,1.07732814053694,0.936602856487237,1,0.370852038264275
26,1.07732814053694,0.0750245376705093,1,0.370852038264275
34,1.07732814053694,0.913367268265299,1,0.370852038264275
43,1.07732814053694,0.955257631118812,1,0.370852038264275
46,1.07732814053694,0.75479171792583,1,0.370852038264275
47,1.07732814053694,0.964915747022525,1,0.370852038264275
58,1.07732814053694,0.867951022862013,1,0.370852038264275
61,1.07732814053694,0.854070779856874,1,0.370852038264275
64,1.07732814053694,0.0165036303203882,1,0.370852038264275
74,1.07732814053694,0.366439653585537,1,0.370852038264275
78,1.07732814053694,0.0514460714059419,1,0.370852038264275
83,1.07732814053694,0.813115234497757,1,0.370852038264275
85,1.07732814053694,0.654995644484973,1,0.370852038264275
105,1.07732814053694,0.343746782648626,1,0.370852038264275
109,1.07732814053694,0.974527536492217,1,0.370852038264275
110,1.07732814053694,0.52158144041224,1,0.370852038264275
115,1.07732814053694,0.943185563762261,1,0.370852038264275
125,1.07732814053694,0.345850423774869,1,0.370852038264275
147,1.07732814053694,0.629966645963057,1,0.370852038264275
158,1.07732814053694,0.0170608746887957,1,0.370852038264275
166,1.07732814053694,0.967935849939789,1,0.370852038264275
173,1.07732814053694,0.918684336842163,1,0.370852038264275
174,1.07732814053694,0.846762441716657,1,0.370852038264275
176,1.07732814053694,0.607375275626622,1,0.370852038264275
181,1.07732814053694,0.195626044043487,1,0.370852038264275
183,1.07732814053694,0.519481413555915,1,0.370852038264275
186,1.07732814053694,0.109390092951675,1,0.370852038264275
197,1.07732814053694,0.96569929221713,1,0.370852038264275
198,1.07732814053694,0.927417989096583,1,0.370852038264275
210,1.07732814053694,0.617578965975473,1,0.370852038264275
212,1.07732814053694,0.968304926079646,1,0.370852038264275
214,1.07732814053694,0.0283189466133731,1,0.370852038264275
226,1.07732814053694,0.811717874315106,1,0.370852038264275
232,1.07732814053694,0.878804500310172,1,0.370852038264275
240,1.07732814053694,0.947336709724492,1,0.370852038264275
252,1.07732814053694,0.403676412172295,1,0.370852038264275
261,1.07732814053694,0.621458459716781,1,0.370852038264275
262,1.07732814053694,0.840776705535058,1,0.370852038264275
278,1.07732814053694,0.0550421979966872,1,0.370852038264275
290,1.07732814053694,0.498374551613687,1,0.370852038264275
292,1.07732814053694,0.0117815817816609,1,0.370852038264275
293,1.07732814053694,0.199293662896096,1,0.370852038264275
310,1.07732814053694,0.644122380770002,1,0.370852038264275
4,1.11265194565058,0.122698900406451,1,0.370852038264275
6,1.11265194565058,0.718058633782982,1,0.370852038264275
8,1.11265194565058,0.750863934404698,1,0.370852038264275
25,1.11265194565058,0.931930477076707,1,0.370852038264275
26,1.11265194565058,0.0670975781297097,1,0.370852038264275
34,1.11265194565058,0.906725483482781,1,0.370852038264275
43,1.11265194565058,0.952785701908881,1,0.370852038264275
46,1.11265194565058,0.744243655639418,1,0.370852038264275
47,1.11265194565058,0.962672568280252,1,0.370852038264275
58,1.11265194565058,0.855879630664844,1,0.370852038264275
61,1.11265194565058,0.839880118523852,1,0.370852038264275
64,1.11265194565058,0.0119710662276794,1,0.370852038264275
74,1.11265194565058,0.345945193760204,1,0.370852038264275
78,1.11265194565058,0.0424850858718604,1,0.370852038264275
83,1.11265194565058,0.801779452680021,1,0.370852038264275
85,1.11265194565058,0.640719984860361,1,0.370852038264275
105,1.11265194565058,0.304879342460907,1,0.370852038264275
109,1.11265194565058,0.972813345259002,1,0.370852038264275
110,1.11265194565058,0.485650936468267,1,0.370852038264275
115,1.11265194565058,0.938173448638594,1,0.370852038264275
125,1.11265194565058,0.317396720194809,1,0.370852038264275
147,1.11265194565058,0.613397238041814,1,0.370852038264275
158,1.11265194565058,0.0124982617545415,1,0.370852038264275
166,1.11265194565058,0.966494784761438,1,0.370852038264275
173,1.11265194565058,0.913108565833614,1,0.370852038264275
174,1.11265194565058,0.83330380022121,1,0.370852038264275
176,1.11265194565058,0.581376151975726,1,0.370852038264275
181,1.11265194565058,0.17023643140635,1,0.370852038264275
183,1.11265194565058,0.476114171645936,1,0.370852038264275
186,1.11265194565058,0.0999225901097273,1,0.370852038264275
197,1.11265194565058,0.963080771680177,1,0.370852038264275
198,1.11265194565058,0.91968693893652,1,0.370852038264275
210,1.11265194565058,0.589558618649864,1,0.370852038264275
212,1.11265194565058,0.96720238120535,1,0.370852038264275
214,1.11265194565058,0.0225874506593913,1,0.370852038264275
226,1.11265194565058,0.797071612484602,1,0.370852038264275
232,1.11265194565058,0.866188442599772,1,0.370852038264275
240,1.11265194565058,0.942824313112544,1,0.370852038264275
252,1.11265194565058,0.38071519080364,1,0.370852038264275
261,1.11265194565058,0.600982867142446,1,0.370852038264275
262,1.11265194565058,0.829766272719639,1,0.370852038264275
278,1.11265194565058,0.0468159871133352,1,0.370852038264275
290,1.11265194565058,0.470773111569634,1,0.370852038264275
292,1.11265194565058,0.00904199329690902,1,0.370852038264275
293,1.11265194565058,0.192601393426892,1,0.370852038264275
310,1.11265194565058,0.627404228747703,1,0.370852038264275
4,1.14797575076421,0.106900744043704,1,0.370852038264275
6,1.14797575076421,0.701510982702409,1,0.370852038264275
8,1.14797575076421,0.726855010798247,1,0.370852038264275
25,1.14797575076421,0.92702434814663,1,0.370852038264275
26,1.14797575076421,0.0604150515808981,1,0.370852038264275
34,1.14797575076421,0.899774414191617,1,0.370852038264275
43,1.14797575076421,0.950254603528261,1,0.370852038264275
46,1.14797575076421,0.733904953718852,1,0.370852038264275
47,1.14797575076421,0.96036667037034,1,0.370852038264275
58,1.14797575076421,0.843288164010924,1,0.370852038264275
61,1.14797575076421,0.824886526368085,1,0.370852038264275
64,1.14797575076421,0.00860629364763266,1,0.370852038264275
74,1.14797575076421,0.32684155066552,1,0.370852038264275
78,1.14797575076421,0.0349706033687442,1,0.370852038264275
83,1.14797575076421,0.790261255038643,1,0.370852038264275
85,1.14797575076421,0.62691514638776,1,0.370852038264275
105,1.14797575076421,0.268692889920522,1,0.370852038264275
109,1.14797575076421,0.971026930590427,1,0.370852038264275
110,1.14797575076421,0.451062773269288,1,0.370852038264275
115,1.14797575076421,0.932826141769854,1,0.370852038264275
125,1.14797575076421,0.290897932077094,1,0.370852038264275
147,1.14797575076421,0.597115162697681,1,0.370852038264275
158,1.14797575076421,0.0089476865812137,1,0.370852038264275
166,1.14797575076421,0.965030835482208,1,0.370852038264275
173,1.14797575076421,0.907323525407085,1,0.370852038264275
174,1.14797575076421,0.819124209765771,1,0.370852038264275
176,1.14797575076421,0.555672935265191,1,0.370852038264275
181,1.14797575076421,0.147675174319566,1,0.370852038264275
183,1.14797575076421,0.433815206593681,1,0.370852038264275
186,1.14797575076421,0.0916293231498463,1,0.370852038264275
197,1.14797575076421,0.960304696256897,1,0.370852038264275
198,1.14797575076421,0.911300162022254,1,0.370852038264275
210,1.14797575076421,0.561841961887732,1,0.370852038264275
212,1.14797575076421,0.966114181882981,1,0.370852038264275
214,1.14797575076421,0.0180102869902284,1,0.370852038264275
226,1.14797575076421,0.781964953979647,1,0.370852038264275
232,1.14797575076421,0.85268280399912,1,0.370852038264275
240,1.14797575076421,0.938027435921615,1,0.370852038264275
252,1.14797575076421,0.359270956057303,1,0.370852038264275
261,1.14797575076421,0.580935417027528,1,0.370852038264275
262,1.14797575076421,0.81843424912371,1,0.370852038264275
278,1.14797575076421,0.0397702727930527,1,0.370852038264275
290,1.14797575076421,0.443889190614261,1,0.370852038264275
292,1.14797575076421,0.00686802171959822,1,0.370852038264275
293,1.14797575076421,0.18644995715055,1,0.370852038264275
310,1.14797575076421,0.61111052166916,1,0.370852038264275
4,1.18329955587784,0.0924629523650123,1,0.370852038264275
6,1.18329955587784,0.684870651318153,1,0.370852038264275
8,1.18329955587784,0.701795467477323,1,0.370852038264275
25,1.18329955587784,0.921869799284035,1,0.370852038264275
26,1.18329955587784,0.0547863439919464,1,0.370852038264275
34,1.18329955587784,0.892514743696179,1,0.370852038264275
43,1.18329955587784,0.947547442513793,1,0.370852038264275
46,1.18329955587784,0.723786630759747,1,0.370852038264275
47,1.18329955587784,0.957965466488936,1,0.370852038264275
58,1.18329955587784,0.830236933746562,1,0.370852038264275
61,1.18329955587784,0.809136499493403,1,0.370852038264275
64,1.18329955587784,0.00612985862782045,1,0.370852038264275
74,1.18329955587784,0.309065860857887,1,0.370852038264275
78,1.18329955587784,0.0286824462985281,1,0.370852038264275
83,1.18329955587784,0.778891925741689,1,0.370852038264275
85,1.18329955587784,0.613540894363447,1,0.370852038264275
105,1.18329955587784,0.235371824148085,1,0.370852038264275
109,1.18329955587784,0.969162915367401,1,0.370852038264275
110,1.18329955587784,0.418117666629853,1,0.370852038264275
115,1.18329955587784,0.92712837876046,1,0.370852038264275
125,1.18329955587784,0.266349493575512,1,0.370852038264275
147,1.18329955587784,0.581137171090407,1,0.370852038264275
158,1.18329955587784,0.0062166616652507,1,0.370852038264275
166,1.18329955587784,0.963543796893086,1,0.370852038264275
173,1.18329955587784,0.901322510912981,1,0.370852038264275
174,1.18329955587784,0.804292206459401,1,0.370852038264275
176,1.18329955587784,0.530384520143241,1,0.370852038264275
181,1.18329955587784,0.127688749121389,1,0.370852038264275
183,1.18329955587784,0.393375339643978,1,0.370852038264275
186,1.18329955587784,0.0843169604491075,1,0.370852038264275
197,1.18329955587784,0.957358606052883,1,0.370852038264275
198,1.18329955587784,0.902222280601424,1,0.370852038264275
210,1.18329955587784,0.534662431375467,1,0.370852038264275
212,1.18329955587784,0.965037757364088,1,0.370852038264275
214,1.18329955587784,0.0143454286041527,1,0.370852038264275
226,1.18329955587784,0.766454704897623,1,0.370852038264275
232,1.18329955587784,0.837976307638354,1,0.370852038264275
240,1.18329955587784,0.932937740359736,1,0.370852038264275
252,1.18329955587784,0.339327150950583,1,0.370852038264275
261,1.18329955587784,0.561423346684018,1,0.370852038264275
262,1.18329955587784,0.806801352281924,1,0.370852038264275
278,1.18329955587784,0.0337121711046785,1,0.370852038264275
290,1.18329955587784,0.417875139164065,1,0.370852038264275
292,1.18329955587784,0.00504959989160003,1,0.370852038264275
293,1.18329955587784,0.180779145319308,1,0.370852038264275
310,1.18329955587784,0.595278065166859,1,0.370852038264275
4,1.21862336099148,0.0808234219134587,1,0.370852038264275
6,1.21862336099148,0.668197920550718,1,0.370852038264275
8,1.21862336099148,0.675867462953111,1,0.370852038264275
25,1.21862336099148,0.91645169957209,1,0.370852038264275
26,1.21862336099148,0.0500457385729578,1,0.370852038264275
34,1.21862336099148,0.884951507119519,1,0.370852038264275
43,1.21862336099148,0.945060965241389,1,0.370852038264275
46,1.21862336099148,0.713896340850321,1,0.370852038264275
47,1.21862336099148,0.955461485621578,1,0.370852038264275
58,1.21862336099148,0.816797756784225,1,0.370852038264275
61,1.21862336099148,0.7926925162254,1,0.370852038264275
64,1.21862336099148,0.00432550442453317,1,0.370852038264275
74,1.21862336099148,0.292545893174151,1,0.370852038264275
78,1.21862336099148,0.0234360546304876,1,0.370852038264275
83,1.21862336099148,0.767080232976514,1,0.370852038264275
85,1.21862336099148,0.600563586138943,1,0.370852038264275
105,1.21862336099148,0.205038673849198,1,0.370852038264275
109,1.21862336099148,0.967215667280625,1,0.370852038264275
110,1.21862336099148,0.386957457324464,1,0.370852038264275
115,1.21862336099148,0.921068086581668,1,0.370852038264275
125,1.21862336099148,0.243717250879539,1,0.370852038264275
147,1.21862336099148,0.565479352858456,1,0.370852038264275
158,1.21862336099148,0.00416457351882915,1,0.370852038264275
166,1.21862336099148,0.962034731238855,1,0.370852038264275
173,1.21862336099148,0.895098893523973,1,0.370852038264275
174,1.21862336099148,0.788303123924734,1,0.370852038264275
176,1.21862336099148,0.505607124460093,1,0.370852038264275
181,1.21862336099148,0.109988543011142,1,0.370852038264275
183,1.21862336099148,0.355447762206554,1,0.370852038264275
186,1.21862336099148,0.0778240717626345,1,0.370852038264275
197,1.21862336099148,0.954230048364737,1,0.370852038264275
198,1.21862336099148,0.892424186753822,1,0.370852038264275
210,1.21862336099148,0.508229041673364,1,0.370852038264275
212,1.21862336099148,0.963970618717526,1,0.370852038264275
214,1.21862336099148,0.011400612103509,1,0.370852038264275
226,1.21862336099148,0.750608433309072,1,0.370852038264275
232,1.21862336099148,0.822726017054834,1,0.370852038264275
240,1.21862336099148,0.927551096799024,1,0.370852038264275
252,1.21862336099148,0.320833975172689,1,0.370852038264275
261,1.21862336099148,0.542546929012191,1,0.370852038264275
262,1.21862336099148,0.794895698197567,1,0.370852038264275
278,1.21862336099148,0.0284909928855606,1,0.370852038264275
290,1.21862336099148,0.392862413825249,1,0.370852038264275
292,1.21862336099148,0.00374856887421104,1,0.370852038264275
293,1.21862336099148,0.175539146696496,1,0.370852038264275
310,1.21862336099148,0.57993342952706,1,0.370852038264275
4,1.25394716610511,0.0707926214115311,1,0.370852038264275
6,1.25394716610511,0.651557358222624,1,0.370852038264275
8,1.25394716610511,0.649293433073573,1,0.370852038264275
25,1.25394716610511,0.910754542114507,1,0.370852038264275
26,1.25394716610511,0.0460502871516054,1,0.370852038264275
34,1.25394716610511,0.877093985373309,1,0.370852038264275
43,1.25394716610511,0.942323960766999,1,0.370852038264275
46,1.25394716610511,0.70423747171906,1,0.370852038264275
47,1.25394716610511,0.952847070567951,1,0.370852038264275
58,1.25394716610511,0.803050139984127,1,0.370852038264275
61,1.25394716610511,0.77562798176233,1,0.370852038264275
64,1.25394716610511,0.00302475383425405,1,0.370852038264275
74,1.25394716610511,0.277204902382145,1,0.370852038264275
78,1.25394716610511,0.0190752757089535,1,0.370852038264275
83,1.25394716610511,0.755157794218609,1,0.370852038264275
85,1.25394716610511,0.587959274903629,1,0.370852038264275
105,1.25394716610511,0.177752417973587,1,0.370852038264275
109,1.25394716610511,0.965179306508772,1,0.370852038264275
110,1.25394716610511,0.357586546957266,1,0.370852038264275
115,1.25394716610511,0.914637446259453,1,0.370852038264275
125,1.25394716610511,0.222946153619854,1,0.370852038264275
147,1.25394716610511,0.550156772572395,1,0.370852038264275
158,1.25394716610511,0.00267372648471376,1,0.370852038264275
166,1.25394716610511,0.960505994470672,1,0.370852038264275
173,1.25394716610511,0.888646965011729,1,0.370852038264275
174,1.25394716610511,0.772060448535306,1,0.370852038264275
176,1.25394716610511,0.481410682290148,1,0.370852038264275
181,1.25394716610511,0.0942884670809591,1,0.370852038264275
183,1.25394716610511,0.320487993666703,1,0.370852038264275
186,1.25394716610511,0.0720169573649664,1,0.370852038264275
197,1.25394716610511,0.950906911931198,1,0.370852038264275
198,1.25394716610511,0.881885529805214,1,0.370852038264275
210,1.25394716610511,0.482718910576899,1,0.370852038264275
212,1.25394716610511,0.96291034808509,1,0.370852038264275
214,1.25394716610511,0.00902568056944475,1,0.370852038264275
226,1.25394716610511,0.734502965311375,1,0.370852038264275
232,1.25394716610511,0.806667729645225,1,0.370852038264275
240,1.25394716610511,0.921868517064352,1,0.370852038264275
252,1.25394716610511,0.30371631139019,1,0.370852038264275
261,1.25394716610511,0.524394505738272,1,0.370852038264275
262,1.25394716610511,0.782752842976433,1,0.370852038264275
278,1.25394716610511,0.0239371221085316,1,0.370852038264275
290,1.25394716610511,0.368956911907188,1,0.370852038264275
292,1.25394716610511,0.00275085179338475,1,0.370852038264275
293,1.25394716610511,0.170687363904085,1,0.370852038264275
310,1.25394716610511,0.565093848235617,1,0.370852038264275
4,1.28927097121874,0.0621459855594112,1,0.370852038264275
6,1.28927097121874,0.635016088514175,1,0.370852038264275
8,1.28927097121874,0.622328617167215,1,0.370852038264275
25,1.28927097121874,0.904762556314687,1,0.370852038264275
26,1.28927097121874,0.0426777934284059,1,0.370852038264275
34,1.28927097121874,0.868955295552348,1,0.370852038264275
43,1.28927097121874,0.939504890840587,1,0.370852038264275
46,1.28927097121874,0.694808734754002,1,0.370852038264275
47,1.28927097121874,0.950114446905775,1,0.370852038264275
58,1.28927097121874,0.789076212094049,1,0.370852038264275
61,1.28927097121874,0.758020635865279,1,0.370852038264275
64,1.28927097121874,0.00209660067432194,1,0.370852038264275
74,1.28927097121874,0.262965243058003,1,0.370852038264275
78,1.28927097121874,0.0154668039469344,1,0.370852038264275
83,1.28927097121874,0.743156485638053,1,0.370852038264275
85,1.28927097121874,0.575713036640396,1,0.370852038264275
105,1.28927097121874,0.153497484660895,1,0.370852038264275
109,1.28927097121874,0.96304772057622,1,0.370852038264275
110,1.28927097121874,0.329919712537085,1,0.370852038264275
115,1.28927097121874,0.907834014268718,1,0.370852038264275
125,1.28927097121874,0.203964793084134,1,0.370852038264275
147,1.28927097121874,0.535182989296339,1,0.370852038264275
158,1.28927097121874,0.00163593408748797,1,0.370852038264275
166,1.28927097121874,0.958961306680162,1,0.370852038264275
173,1.28927097121874,0.881962115571513,1,0.370852038264275
174,1.28927097121874,0.755294657177113,1,0.370852038264275
176,1.28927097121874,0.457838018234524,1,0.370852038264275
181,1.28927097121874,0.080331540641113,1,0.370852038264275
183,1.28927097121874,0.288731069627811,1,0.370852038264275
186,1.28927097121874,0.0667866965313234,1,0.370852038264275
197,1.28927097121874,0.94737786806688,1,0.370852038264275
198,1.28927097121874,0.870597265838472,1,0.370852038264275
210,1.28927097121874,0.458269570549899,1,0.370852038264275
212,1.28927097121874,0.961854589435917,1,0.370852038264275
214,1.28927097121874,0.00710475012279799,1,0.370852038264275
226,1.28927097121874,0.718222194569872,1,0.370852038264275
232,1.28927097121874,0.78987340358922,1,0.370852038264275
240,1.28927097121874,0.915896887732477,1,0.370852038264275
252,1.28927097121874,0.287882490302463,1,0.370852038264275
261,1.28927097121874,0.507037406260876,1,0.370852038264275
262,1.28927097121874,0.770415290201354,1,0.370852038264275
278,1.28927097121874,0.0200632738734378,1,0.370852038264275
290,1.28927097121874,0.346236049185798,1,0.370852038264275
292,1.28927097121874,0.00199565398584556,1,0.370852038264275
293,1.28927097121874,0.166186477327073,1,0.370852038264275
310,1.28927097121874,0.55076898970497,1,0.370852038264275
4,1.32459477633238,0.0546919783081213,1,0.370852038264275
6,1.32459477633238,0.618641677144085,1,0.370852038264275
8,1.32459477633238,0.595249842027444,1,0.370852038264275
25,1.32459477633238,0.898459852600799,1,0.370852038264275
26,1.32459477633238,0.0398247646604979,1,0.370852038264275
34,1.32459477633238,0.860551782567684,1,0.370852038264275
43,1.32459477633238,0.936599936891591,1,0.370852038264275
46,1.32459477633238,0.685604400794645,1,0.370852038264275
47,1.32459477633238,0.947255816939744,1,0.370852038264275
58,1.32459477633238,0.77495508620343,1,0.370852038264275
61,1.32459477633238,0.739946509938757,1,0.370852038264275
64,1.32459477633238,0.0014404908892981,1,0.370852038264275
74,1.32459477633238,0.24975064706545,1,0.370852038264275
78,1.32459477633238,0.0124958207114507,1,0.370852038264275
83,1.32459477633238,0.731109034323218,1,0.370852038264275
85,1.32459477633238,0.563816191698041,1,0.370852038264275
105,1.32459477633238,0.132177784362246,1,0.370852038264275
109,1.32459477633238,0.960814587983976,1,0.370852038264275
110,1.32459477633238,0.30383596369061,1,0.370852038264275
115,1.32459477633238,0.900661823626374,1,0.370852038264275
125,1.32459477633238,0.186686405752088,1,0.370852038264275
147,1.32459477633238,0.52056948242081,1,0.370852038264275
158,1.32459477633238,0.000949223452917702,1,0.370852038264275
166,1.32459477633238,0.957405674061605,1,0.370852038264275
173,1.32459477633238,0.87504099294971,1,0.370852038264275
174,1.32459477633238,0.737912493004284,1,0.370852038264275
176,1.32459477633238,0.434909375071432,1,0.370852038264275
181,1.32459477633238,0.0679045826009683,1,0.370852038264275
183,1.32459477633238,0.260186469482405,1,0.370852038264275
186,1.32459477633238,0.0620465517159188,1,0.370852038264275
197,1.32459477633238,0.943632933337678,1,0.370852038264275
198,1.32459477633238,0.858563970549646,1,0.370852038264275
210,1.32459477633238,0.434973649128064,1,0.370852038264275
212,1.32459477633238,0.960801040857549,1,0.370852038264275
214,1.32459477633238,0.00554896304702446,1,0.370852038264275
226,1.32459477633238,0.701854311789055,1,0.370852038264275
232,1.32459477633238,0.772439054592244,1,0.370852038264275
240,1.32459477633238,0.909649305353993,1,0.370852038264275
252,1.32459477633238,0.273232637398202,1,0.370852038264275
261,1.32459477633238,0.490525486535976,1,0.370852038264275
262,1.32459477633238,0.757931353782936,1,0.370852038264275
278,1.32459477633238,0.0167338924241675,1,0.370852038264275
290,1.32459477633238,0.32474779956631,1,0.370852038264275
292,1.32459477633238,0.00143168027639784,1,0.370852038264275
293,1.32459477633238,0.162003317779655,1,0.370852038264275
310,1.32459477633238,0.535320267223428,1,0.370852038264275
4,1.35991858144601,0.0482651051544359,1,0.370852038264275
6,1.35991858144601,0.602499726581106,1,0.370852038264275
8,1.35991858144601,0.568341292235271,1,0.370852038264275
25,1.35991858144601,0.891830604573012,1,0.370852038264275
26,1.35991858144601,0.0374042789896726,1,0.370852038264275
34,1.35991858144601,0.851902446720262,1,0.370852038264275
43,1.35991858144601,0.933604791484349,1,0.370852038264275
46,1.35991858144601,0.676615218276186,1,0.370852038264275
47,1.35991858144601,0.944263482115813,1,0.370852038264275
58,1.35991858144601,0.76075770336397,1,0.370852038264275
61,1.35991858144601,0.721477141039474,1,0.370852038264275
64,1.35991858144601,0.000980698118360213,1,0.370852038264275
74,1.35991858144601,0.237487357871672,1,0.370852038264275
78,1.35991858144601,0.010062620736438,1,0.370852038264275
83,1.35991858144601,0.719049081419758,1,0.370852038264275
85,1.35991858144601,0.552263242796253,1,0.370852038264275
105,1.35991858144601,0.113621110950055,1,0.370852038264275
109,1.35991858144601,0.958473412425862,1,0.370852038264275
110,1.35991858144601,0.279218173659126,1,0.370852038264275
115,1.35991858144601,0.89313235362756,1,0.370852038264275
125,1.35991858144601,0.171009092816633,1,0.370852038264275
147,1.35991858144601,0.506325044055652,1,0.370852038264275
158,1.35991858144601,0.000520195202197926,1,0.370852038264275
166,1.35991858144601,0.95584520858068,1,0.370852038264275
173,1.35991858144601,0.867881647393916,1,0.370852038264275
174,1.35991858144601,0.720074218371691,1,0.370852038264275
176,1.35991858144601,0.412631214688818,1,0.370852038264275
181,1.35991858144601,0.0568426676700444,1,0.370852038264275
183,1.35991858144601,0.234784158421373,1,0.370852038264275
186,1.35991858144601,0.05772910023441,1,0.370852038264275
197,1.35991858144601,0.939664162830015,1,0.370852038264275
198,1.35991858144601,0.845978483130806,1,0.370852038264275
210,1.35991858144601,0.412878980321643,1,0.370852038264275
212,1.35991858144601,0.959747448462116,1,0.370852038264275
214,1.35991858144601,0.00429021182535683,1,0.370852038264275
226,1.35991858144601,0.685488628062267,1,0.370852038264275
232,1.35991858144601,0.754483441556548,1,0.370852038264275
240,1.35991858144601,0.903144793959689,1,0.370852038264275
252,1.35991858144601,0.259665821785528,1,0.370852038264275
261,1.35991858144601,0.474884123165031,1,0.370852038264275
262,1.35991858144601,0.745353342007657,1,0.370852038264275
278,1.35991858144601,0.0138833981586742,1,0.370852038264275
290,1.35991858144601,0.30451168056097,1,0.370852038264275
292,1.35991858144601,0.00101619455892588,1,0.370852038264275
293,1.35991858144601,0.158108206196375,1,0.370852038264275
310,1.35991858144601,0.522043682483184,1,0.370852038264275
4,1.39524238655965,0.0427201163222621,1,0.370852038264275
6,1.39524238655965,0.586651330989757,1,0.370852038264275
8,1.39524238655965,0.541878519645374,1,0.370852038264275
25,1.39524238655965,0.884859273670372,1,0.370852038264275
26,1.39524238655965,0.0353438102563558,1,0.370852038264275
34,1.39524238655965,0.843028744642605,1,0.370852038264275
43,1.39524238655965,0.930515043317393,1,0.370852038264275
46,1.39524238655965,0.667829884004993,1,0.370852038264275
47,1.39524238655965,0.941129996568811,1,0.370852038264275
58,1.39524238655965,0.746543354770832,1,0.370852038264275
61,1.39524238655965,0.702681985179393,1,0.370852038264275
64,1.39524238655965,0.000661214325968884,1,0.370852038264275
74,1.39524238655965,0.22610451402831,1,0.370852038264275
78,1.39524238655965,0.00808019373486857,1,0.370852038264275
83,1.39524238655965,0.707010122121129,1,0.370852038264275
85,1.39524238655965,0.541049608664796,1,0.370852038264275
105,1.39524238655965,0.0975917603757503,1,0.370852038264275
109,1.39524238655965,0.956017569587586,1,0.370852038264275
110,1.39524238655965,0.255970942433445,1,0.370852038264275
115,1.39524238655965,0.885265228428557,1,0.370852038264275
125,1.39524238655965,0.156817971540217,1,0.370852038264275
147,1.39524238655965,0.492455227029306,1,0.370852038264275
158,1.39524238655965,0.000268454272946972,1,0.370852038264275
166,1.39524238655965,0.954286739487877,1,0.370852038264275
173,1.39524238655965,0.860483651704468,1,0.370852038264275
174,1.39524238655965,0.701873511663435,1,0.370852038264275
176,1.39524238655965,0.391006290401112,1,0.370852038264275
181,1.39524238655965,0.0470258581068294,1,0.370852038264275
183,1.39524238655965,0.212281954813268,1,0.370852038264275
186,1.39524238655965,0.0537828675129325,1,0.370852038264275
197,1.39524238655965,0.935466472091541,1,0.370852038264275
198,1.39524238655965,0.832533099369494,1,0.370852038264275
210,1.39524238655965,0.391994881336342,1,0.370852038264275
212,1.39524238655965,0.958691602017294,1,0.370852038264275
214,1.39524238655965,0.00327587951641706,1,0.370852038264275
226,1.39524238655965,0.669212204067533,1,0.370852038264275
232,1.39524238655965,0.736144903604885,1,0.370852038264275
240,1.39524238655965,0.896407216733484,1,0.370852038264275
252,1.39524238655965,0.247045388336483,1,0.370852038264275
261,1.39524238655965,0.459649387487245,1,0.370852038264275
262,1.39524238655965,0.732735152431805,1,0.370852038264275
278,1.39524238655965,0.0114543577969907,1,0.370852038264275
290,1.39524238655965,0.285521462101859,1,0.370852038264275
292,1.39524238655965,0.000714155427405494,1,0.370852038264275
293,1.39524238655965,0.154474539969454,1,0.370852038264275
310,1.39524238655965,0.509283261685792,1,0.370852038264275
4,1.43056619167328,1,1,0.370852038264275
6,1.43056619167328,1,1,0.370852038264275
8,1.43056619167328,1,1,0.370852038264275
25,1.43056619167328,1,1,0.370852038264275
26,1.43056619167328,1,1,0.370852038264275
34,1.43056619167328,1,1,0.370852038264275
43,1.43056619167328,1,1,0.370852038264275
46,1.43056619167328,1,1,0.370852038264275
47,1.43056619167328,1,1,0.370852038264275
58,1.43056619167328,1,1,0.370852038264275
61,1.43056619167328,1,1,0.370852038264275
64,1.43056619167328,1,1,0.370852038264275
74,1.43056619167328,1,1,0.370852038264275
78,1.43056619167328,1,1,0.370852038264275
83,1.43056619167328,1,1,0.370852038264275
85,1.43056619167328,1,1,0.370852038264275
105,1.43056619167328,1,1,0.370852038264275
109,1.43056619167328,1,1,0.370852038264275
110,1.43056619167328,1,1,0.370852038264275
115,1.43056619167328,1,1,0.370852038264275
125,1.43056619167328,1,1,0.370852038264275
147,1.43056619167328,1,1,0.370852038264275
158,1.43056619167328,1,1,0.370852038264275
166,1.43056619167328,1,1,0.370852038264275
173,1.43056619167328,1,1,0.370852038264275
174,1.43056619167328,1,1,0.370852038264275
176,1.43056619167328,1,1,0.370852038264275
181,1.43056619167328,1,1,0.370852038264275
183,1.43056619167328,1,1,0.370852038264275
186,1.43056619167328,1,1,0.370852038264275
197,1.43056619167328,1,1,0.370852038264275
198,1.43056619167328,1,1,0.370852038264275
210,1.43056619167328,1,1,0.370852038264275
212,1.43056619167328,1,1,0.370852038264275
214,1.43056619167328,1,1,0.370852038264275
226,1.43056619167328,1,1,0.370852038264275
232,1.43056619167328,1,1,0.370852038264275
240,1.43056619167328,1,1,0.370852038264275
252,1.43056619167328,1,1,0.370852038264275
261,1.43056619167328,1,1,0.370852038264275
262,1.43056619167328,1,1,0.370852038264275
278,1.43056619167328,1,1,0.370852038264275
290,1.43056619167328,1,1,0.370852038264275
292,1.43056619167328,1,1,0.370852038264275
293,1.43056619167328,1,1,0.370852038264275
310,1.43056619167328,1,1,0.370852038264275
6,0.656285350521406,0.993135105104281,1,0.629586011171341
8,0.656285350521406,0.982238857293209,1,0.629586011171341
25,0.656285350521406,0.998869481758584,1,0.629586011171341
34,0.656285350521406,0.995260067656058,1,0.629586011171341
43,0.656285350521406,0.998479390171915,1,0.629586011171341
47,0.656285350521406,0.998258165457334,1,0.629586011171341
58,0.656285350521406,0.997493264604224,1,0.629586011171341
61,0.656285350521406,0.997568160276183,1,0.629586011171341
83,0.656285350521406,0.995278487090675,1,0.629586011171341
85,0.656285350521406,0.980540700388462,1,0.629586011171341
105,0.656285350521406,0.95709633418194,1,0.629586011171341
109,0.656285350521406,0.999061029289166,1,0.629586011171341
115,0.656285350521406,0.99837016855003,1,0.629586011171341
125,0.656285350521406,0.952434693475373,1,0.629586011171341
147,0.656285350521406,0.980673304641919,1,0.629586011171341
158,0.656285350521406,0.947367006969621,1,0.629586011171341
166,0.656285350521406,0.996407516433514,1,0.629586011171341
173,0.656285350521406,0.996702630464654,1,0.629586011171341
174,0.656285350521406,0.992939238429981,1,0.629586011171341
181,0.656285350521406,0.990436481993057,1,0.629586011171341
197,0.656285350521406,0.997862453426783,1,0.629586011171341
198,0.656285350521406,0.998221833593244,1,0.629586011171341
210,0.656285350521406,0.988694583511199,1,0.629586011171341
212,0.656285350521406,0.998139306349297,1,0.629586011171341
226,0.656285350521406,0.996341117394702,1,0.629586011171341
232,0.656285350521406,0.993974789298109,1,0.629586011171341
240,0.656285350521406,0.997843580181747,1,0.629586011171341
252,0.656285350521406,0.954558601470338,1,0.629586011171341
261,0.656285350521406,0.985054674696029,1,0.629586011171341
6,0.68298468987147,0.986579000001338,1,0.629586011171341
8,0.68298468987147,0.963352413847353,1,0.629586011171341
25,0.68298468987147,0.997788531526057,1,0.629586011171341
34,0.68298468987147,0.990484697864847,1,0.629586011171341
43,0.68298468987147,0.996910466243221,1,0.629586011171341
47,0.68298468987147,0.996504020124436,1,0.629586011171341
58,0.68298468987147,0.995243977382651,1,0.629586011171341
61,0.68298468987147,0.994979029997214,1,0.629586011171341
83,0.68298468987147,0.990039192229995,1,0.629586011171341
85,0.68298468987147,0.959841207855102,1,0.629586011171341
105,0.68298468987147,0.907332153852039,1,0.629586011171341
109,0.68298468987147,0.998030375817742,1,0.629586011171341
115,0.68298468987147,0.996899556601909,1,0.629586011171341
125,0.68298468987147,0.904683394821659,1,0.629586011171341
147,0.68298468987147,0.961349384982701,1,0.629586011171341
158,0.68298468987147,0.888788143222588,1,0.629586011171341
166,0.68298468987147,0.992691063591589,1,0.629586011171341
173,0.68298468987147,0.993290594101684,1,0.629586011171341
174,0.68298468987147,0.984990308394872,1,0.629586011171341
181,0.68298468987147,0.980714519685493,1,0.629586011171341
197,0.68298468987147,0.995620554545856,1,0.629586011171341
198,0.68298468987147,0.996485778748921,1,0.629586011171341
210,0.68298468987147,0.983354525096673,1,0.629586011171341
212,0.68298468987147,0.996575066679559,1,0.629586011171341
226,0.68298468987147,0.993194669000964,1,0.629586011171341
232,0.68298468987147,0.987388750000317,1,0.629586011171341
240,0.68298468987147,0.995536295405344,1,0.629586011171341
252,0.68298468987147,0.910398920785589,1,0.629586011171341
261,0.68298468987147,0.972125301848272,1,0.629586011171341
6,0.709684029221535,0.979649025462023,1,0.629586011171341
8,0.709684029221535,0.941533021655117,1,0.629586011171341
25,0.709684029221535,0.997280567484324,1,0.629586011171341
34,0.709684029221535,0.985775042598256,1,0.629586011171341
43,0.709684029221535,0.995369361836184,1,0.629586011171341
47,0.709684029221535,0.994638382036692,1,0.629586011171341
58,0.709684029221535,0.992723468679467,1,0.629586011171341
61,0.709684029221535,0.992425267226455,1,0.629586011171341
83,0.709684029221535,0.985005255714172,1,0.629586011171341
85,0.709684029221535,0.941707261343877,1,0.629586011171341
105,0.709684029221535,0.853565032881965,1,0.629586011171341
109,0.709684029221535,0.99708696722436,1,0.629586011171341
115,0.709684029221535,0.995257147413272,1,0.629586011171341
125,0.709684029221535,0.852567786128093,1,0.629586011171341
147,0.709684029221535,0.942035399473549,1,0.629586011171341
158,0.709684029221535,0.828685639587473,1,0.629586011171341
166,0.709684029221535,0.989067609246505,1,0.629586011171341
173,0.709684029221535,0.989628164959925,1,0.629586011171341
174,0.709684029221535,0.975877905551491,1,0.629586011171341
181,0.709684029221535,0.970881790436225,1,0.629586011171341
197,0.709684029221535,0.993321690623752,1,0.629586011171341
198,0.709684029221535,0.994800632131654,1,0.629586011171341
210,0.709684029221535,0.964080642243102,1,0.629586011171341
212,0.709684029221535,0.994969897796913,1,0.629586011171341
226,0.709684029221535,0.989786128601514,1,0.629586011171341
232,0.709684029221535,0.980189618641109,1,0.629586011171341
240,0.709684029221535,0.993259618460068,1,0.629586011171341
252,0.709684029221535,0.867851742974075,1,0.629586011171341
261,0.709684029221535,0.959066995750978,1,0.629586011171341
6,0.736383368571599,0.972674121778544,1,0.629586011171341
8,0.736383368571599,0.918805342672628,1,0.629586011171341
25,0.736383368571599,0.996206651545924,1,0.629586011171341
34,0.736383368571599,0.980606122758953,1,0.629586011171341
43,0.736383368571599,0.993819987460688,1,0.629586011171341
47,0.736383368571599,0.992751005296832,1,0.629586011171341
58,0.736383368571599,0.989902245184231,1,0.629586011171341
61,0.736383368571599,0.98965061272381,1,0.629586011171341
83,0.736383368571599,0.980385969366597,1,0.629586011171341
85,0.736383368571599,0.921557184607819,1,0.629586011171341
105,0.736383368571599,0.797703311933121,1,0.629586011171341
109,0.736383368571599,0.996184607767495,1,0.629586011171341
115,0.736383368571599,0.993249900623013,1,0.629586011171341
125,0.736383368571599,0.801283472980655,1,0.629586011171341
147,0.736383368571599,0.921975370517992,1,0.629586011171341
158,0.736383368571599,0.772186332696119,1,0.629586011171341
166,0.736383368571599,0.985399668188639,1,0.629586011171341
173,0.736383368571599,0.986333995389815,1,0.629586011171341
174,0.736383368571599,0.966349393866858,1,0.629586011171341
181,0.736383368571599,0.9609879349605,1,0.629586011171341
197,0.736383368571599,0.991049655710383,1,0.629586011171341
198,0.736383368571599,0.992872952653141,1,0.629586011171341
210,0.736383368571599,0.950813573991529,1,0.629586011171341
212,0.736383368571599,0.993432233952656,1,0.629586011171341
226,0.736383368571599,0.985766912372605,1,0.629586011171341
232,0.736383368571599,0.972322763720878,1,0.629586011171341
240,0.736383368571599,0.990933668690421,1,0.629586011171341
252,0.736383368571599,0.827088480695012,1,0.629586011171341
261,0.736383368571599,0.94474432584761,1,0.629586011171341
6,0.763082707921664,0.965650132767983,1,0.629586011171341
8,0.763082707921664,0.894311666735819,1,0.629586011171341
25,0.763082707921664,0.995157486859111,1,0.629586011171341
34,0.763082707921664,0.975278151407219,1,0.629586011171341
43,0.763082707921664,0.992201304981007,1,0.629586011171341
47,0.763082707921664,0.99088197831028,1,0.629586011171341
58,0.763082707921664,0.987175258024108,1,0.629586011171341
61,0.763082707921664,0.986784857404162,1,0.629586011171341
83,0.763082707921664,0.975566076122698,1,0.629586011171341
85,0.763082707921664,0.897864880711712,1,0.629586011171341
105,0.763082707921664,0.736792630129384,1,0.629586011171341
109,0.763082707921664,0.995217669622225,1,0.629586011171341
115,0.763082707921664,0.991797471791502,1,0.629586011171341
125,0.763082707921664,0.745875144099027,1,0.629586011171341
147,0.763082707921664,0.902479638906621,1,0.629586011171341
158,0.763082707921664,0.712786165429458,1,0.629586011171341
166,0.763082707921664,0.981619328708832,1,0.629586011171341
173,0.763082707921664,0.9826295743248,1,0.629586011171341
174,0.763082707921664,0.957192331572709,1,0.629586011171341
181,0.763082707921664,0.951082122311069,1,0.629586011171341
197,0.763082707921664,0.988688081767391,1,0.629586011171341
198,0.763082707921664,0.990832046366925,1,0.629586011171341
210,0.763082707921664,0.94494018414324,1,0.629586011171341
212,0.763082707921664,0.991905882261776,1,0.629586011171341
226,0.763082707921664,0.982273053283046,1,0.629586011171341
232,0.763082707921664,0.963731974624569,1,0.629586011171341
240,0.763082707921664,0.988517586711264,1,0.629586011171341
252,0.763082707921664,0.7884831878941,1,0.629586011171341
261,0.763082707921664,0.931377454607182,1,0.629586011171341
6,0.789782047271729,0.958864605013506,1,0.629586011171341
8,0.789782047271729,0.866529975830382,1,0.629586011171341
25,0.789782047271729,0.993630241740656,1,0.629586011171341
34,0.789782047271729,0.96948863224009,1,0.629586011171341
43,0.789782047271729,0.990781610056213,1,0.629586011171341
47,0.789782047271729,0.988971112174639,1,0.629586011171341
58,0.789782047271729,0.984053858346542,1,0.629586011171341
61,0.789782047271729,0.983989212747245,1,0.629586011171341
83,0.789782047271729,0.969595874015397,1,0.629586011171341
85,0.789782047271729,0.877961960602515,1,0.629586011171341
105,0.789782047271729,0.673263532221754,1,0.629586011171341
109,0.789782047271729,0.994277408116293,1,0.629586011171341
115,0.789782047271729,0.989983981628126,1,0.629586011171341
125,0.789782047271729,0.693311723641695,1,0.629586011171341
147,0.789782047271729,0.883251856361313,1,0.629586011171341
158,0.789782047271729,0.655200779933386,1,0.629586011171341
166,0.789782047271729,0.977969361143101,1,0.629586011171341
173,0.789782047271729,0.978928511992408,1,0.629586011171341
174,0.789782047271729,0.946208301693581,1,0.629586011171341
181,0.789782047271729,0.941210690440473,1,0.629586011171341
197,0.789782047271729,0.986231664695602,1,0.629586011171341
198,0.789782047271729,0.988753690656487,1,0.629586011171341
210,0.789782047271729,0.93154037180832,1,0.629586011171341
212,0.789782047271729,0.990389102022663,1,0.629586011171341
226,0.789782047271729,0.978540079498917,1,0.629586011171341
232,0.789782047271729,0.954360587285278,1,0.629586011171341
240,0.789782047271729,0.985986866929659,1,0.629586011171341
252,0.789782047271729,0.752040236612678,1,0.629586011171341
261,0.789782047271729,0.91640923311272,1,0.629586011171341
6,0.816481386621793,0.951594244360007,1,0.629586011171341
8,0.816481386621793,0.837452413704184,1,0.629586011171341
25,0.816481386621793,0.992700782416947,1,0.629586011171341
34,0.816481386621793,0.96367132779391,1,0.629586011171341
43,0.816481386621793,0.989252149527625,1,0.629586011171341
47,0.816481386621793,0.986927517845031,1,0.629586011171341
58,0.816481386621793,0.981220476340505,1,0.629586011171341
61,0.816481386621793,0.980850488507919,1,0.629586011171341
83,0.816481386621793,0.964293360874512,1,0.629586011171341
85,0.816481386621793,0.856826237621908,1,0.629586011171341
105,0.816481386621793,0.607793287575694,1,0.629586011171341
109,0.816481386621793,0.993254801284699,1,0.629586011171341
115,0.816481386621793,0.988294279670142,1,0.629586011171341
125,0.816481386621793,0.640392518448356,1,0.629586011171341
147,0.816481386621793,0.864088444058328,1,0.629586011171341
158,0.816481386621793,0.59608228342113,1,0.629586011171341
166,0.816481386621793,0.974039291411245,1,0.629586011171341
173,0.816481386621793,0.975186185025185,1,0.629586011171341
174,0.816481386621793,0.935214022258512,1,0.629586011171341
181,0.816481386621793,0.931415274822586,1,0.629586011171341
197,0.816481386621793,0.983765193547055,1,0.629586011171341
198,0.816481386621793,0.986641881130423,1,0.629586011171341
210,0.816481386621793,0.908199847240702,1,0.629586011171341
212,0.816481386621793,0.988588427274889,1,0.629586011171341
226,0.816481386621793,0.975226168267659,1,0.629586011171341
232,0.816481386621793,0.94421821167997,1,0.629586011171341
240,0.816481386621793,0.983407019559809,1,0.629586011171341
252,0.816481386621793,0.717777057104787,1,0.629586011171341
261,0.816481386621793,0.902724592329109,1,0.629586011171341
6,0.843180725971858,0.944816896769684,1,0.629586011171341
8,0.843180725971858,0.806084536785741,1,0.629586011171341
25,0.843180725971858,0.992285263554547,1,0.629586011171341
34,0.843180725971858,0.957865115278221,1,0.629586011171341
43,0.843180725971858,0.987726501592433,1,0.629586011171341
47,0.843180725971858,0.984816009777992,1,0.629586011171341
58,0.843180725971858,0.978030983222492,1,0.629586011171341
61,0.843180725971858,0.977904963936082,1,0.629586011171341
83,0.843180725971858,0.959477812951624,1,0.629586011171341
85,0.843180725971858,0.839474513225177,1,0.629586011171341
105,0.843180725971858,0.541429618480277,1,0.629586011171341
109,0.843180725971858,0.992137135896349,1,0.629586011171341
115,0.843180725971858,0.986494373584588,1,0.629586011171341
125,0.843180725971858,0.586689808236586,1,0.629586011171341
147,0.843180725971858,0.845008372712966,1,0.629586011171341
158,0.843180725971858,0.537405806272187,1,0.629586011171341
166,0.843180725971858,0.970277556797959,1,0.629586011171341
173,0.843180725971858,0.971357189086305,1,0.629586011171341
174,0.843180725971858,0.923532868187918,1,0.629586011171341
181,0.843180725971858,0.921731807957624,1,0.629586011171341
197,0.843180725971858,0.98107618814699,1,0.629586011171341
198,0.843180725971858,0.984432505963018,1,0.629586011171341
210,0.843180725971858,0.902836857361008,1,0.629586011171341
212,0.843180725971858,0.987080154429136,1,0.629586011171341
226,0.843180725971858,0.971615986234972,1,0.629586011171341
232,0.843180725971858,0.932782012750188,1,0.629586011171341
240,0.843180725971858,0.980725819755213,1,0.629586011171341
252,0.843180725971858,0.685641413706758,1,0.629586011171341
261,0.843180725971858,0.888897619187685,1,0.629586011171341
6,0.869880065321922,0.937572011249907,1,0.629586011171341
8,0.869880065321922,0.771355393894522,1,0.629586011171341
25,0.869880065321922,0.991206880859377,1,0.629586011171341
34,0.869880065321922,0.951710722630595,1,0.629586011171341
43,0.869880065321922,0.986354489250658,1,0.629586011171341
47,0.869880065321922,0.982755904703422,1,0.629586011171341
58,0.869880065321922,0.975072334557628,1,0.629586011171341
61,0.869880065321922,0.97489986577613,1,0.629586011171341
83,0.869880065321922,0.954862394119215,1,0.629586011171341
85,0.869880065321922,0.819550892786628,1,0.629586011171341
105,0.869880065321922,0.477383853248362,1,0.629586011171341
109,0.869880065321922,0.991159765028948,1,0.629586011171341
115,0.869880065321922,0.984689106092482,1,0.629586011171341
125,0.869880065321922,0.53143484045211,1,0.629586011171341
147,0.869880065321922,0.826032690569942,1,0.629586011171341
158,0.869880065321922,0.48349260168401,1,0.629586011171341
166,0.869880065321922,0.966366247504916,1,0.629586011171341
173,0.869880065321922,0.966826740441352,1,0.629586011171341
174,0.869880065321922,0.911127611020127,1,0.629586011171341
181,0.869880065321922,0.912190605384008,1,0.629586011171341
197,0.869880065321922,0.978299007798722,1,0.629586011171341
198,0.869880065321922,0.982003833567313,1,0.629586011171341
210,0.869880065321922,0.888044151898495,1,0.629586011171341
212,0.869880065321922,0.985576670879959,1,0.629586011171341
226,0.869880065321922,0.967458949494015,1,0.629586011171341
232,0.869880065321922,0.920740258281902,1,0.629586011171341
240,0.869880065321922,0.977811515266434,1,0.629586011171341
252,0.869880065321922,0.655530633254953,1,0.629586011171341
261,0.869880065321922,0.872890221134581,1,0.629586011171341
6,0.896579404671987,0.930259611056266,1,0.629586011171341
8,0.896579404671987,0.735837464718686,1,0.629586011171341
25,0.896579404671987,0.990173901100773,1,0.629586011171341
34,0.896579404671987,0.945250905567995,1,0.629586011171341
43,0.896579404671987,0.984743021045941,1,0.629586011171341
47,0.896579404671987,0.980641885419615,1,0.629586011171341
58,0.896579404671987,0.971796781275476,1,0.629586011171341
61,0.896579404671987,0.971516837707255,1,0.629586011171341
83,0.896579404671987,0.949386558560024,1,0.629586011171341
85,0.896579404671987,0.798559117078036,1,0.629586011171341
105,0.896579404671987,0.413053518541127,1,0.629586011171341
109,0.896579404671987,0.990137547923377,1,0.629586011171341
115,0.896579404671987,0.982687360238629,1,0.629586011171341
125,0.896579404671987,0.480470644405442,1,0.629586011171341
147,0.896579404671987,0.807941265001569,1,0.629586011171341
158,0.896579404671987,0.431370801685621,1,0.629586011171341
166,0.896579404671987,0.962601901249649,1,0.629586011171341
173,0.896579404671987,0.962576259104469,1,0.629586011171341
174,0.896579404671987,0.898054955835081,1,0.629586011171341
181,0.896579404671987,0.902817455868779,1,0.629586011171341
197,0.896579404671987,0.975402280033899,1,0.629586011171341
198,0.896579404671987,0.97949624537134,1,0.629586011171341
210,0.896579404671987,0.872583537805725,1,0.629586011171341
212,0.896579404671987,0.984076417113409,1,0.629586011171341
226,0.896579404671987,0.963796540053101,1,0.629586011171341
232,0.896579404671987,0.907724698177691,1,0.629586011171341
240,0.896579404671987,0.974903362731969,1,0.629586011171341
252,0.896579404671987,0.627314006900126,1,0.629586011171341
261,0.896579404671987,0.858735919584637,1,0.629586011171341
6,0.923278744022051,0.922876633796681,1,0.629586011171341
8,0.923278744022051,0.698146363859322,1,0.629586011171341
25,0.923278744022051,0.98914089185637,1,0.629586011171341
34,0.923278744022051,0.938441166124044,1,0.629586011171341
43,0.923278744022051,0.983275144169289,1,0.629586011171341
47,0.923278744022051,0.978470635408292,1,0.629586011171341
58,0.923278744022051,0.968416091535791,1,0.629586011171341
61,0.923278744022051,0.968005664138449,1,0.629586011171341
83,0.923278744022051,0.943936658279358,1,0.629586011171341
85,0.923278744022051,0.777554108197674,1,0.629586011171341
105,0.923278744022051,0.351706139508189,1,0.629586011171341
109,0.923278744022051,0.989100905489455,1,0.629586011171341
115,0.923278744022051,0.980771610115396,1,0.629586011171341
125,0.923278744022051,0.431209123507261,1,0.629586011171341
147,0.923278744022051,0.789247765308512,1,0.629586011171341
158,0.923278744022051,0.381869587282247,1,0.629586011171341
166,0.923278744022051,0.958803089298602,1,0.629586011171341
173,0.923278744022051,0.958436851946548,1,0.629586011171341
174,0.923278744022051,0.883514176078659,1,0.629586011171341
181,0.923278744022051,0.893635280513389,1,0.629586011171341
197,0.923278744022051,0.972280995322202,1,0.629586011171341
198,0.923278744022051,0.97682980415551,1,0.629586011171341
210,0.923278744022051,0.85661191923883,1,0.629586011171341
212,0.923278744022051,0.982577869164693,1,0.629586011171341
226,0.923278744022051,0.960028668634768,1,0.629586011171341
232,0.923278744022051,0.893708695879126,1,0.629586011171341
240,0.923278744022051,0.971875224453397,1,0.629586011171341
252,0.923278744022051,0.600854056934879,1,0.629586011171341
261,0.923278744022051,0.844441906479999,1,0.629586011171341
6,0.949978083372116,0.915420234761228,1,0.629586011171341
8,0.949978083372116,0.658599220748619,1,0.629586011171341
25,0.949978083372116,0.988107161059354,1,0.629586011171341
34,0.949978083372116,0.931348123281282,1,0.629586011171341
43,0.949978083372116,0.981755230663951,1,0.629586011171341
47,0.949978083372116,0.976238720555153,1,0.629586011171341
58,0.949978083372116,0.964926368869944,1,0.629586011171341
61,0.949978083372116,0.964358832660786,1,0.629586011171341
83,0.949978083372116,0.938431101630971,1,0.629586011171341
85,0.949978083372116,0.756561070119121,1,0.629586011171341
105,0.949978083372116,0.294482811181895,1,0.629586011171341
109,0.949978083372116,0.988048905190465,1,0.629586011171341
115,0.949978083372116,0.978814403450256,1,0.629586011171341
125,0.949978083372116,0.383970149505348,1,0.629586011171341
147,0.949978083372116,0.770731144063301,1,0.629586011171341
158,0.949978083372116,0.336255498029053,1,0.629586011171341
166,0.949978083372116,0.954966186404,1,0.629586011171341
173,0.949978083372116,0.954194573831679,1,0.629586011171341
174,0.949978083372116,0.868695455978301,1,0.629586011171341
181,0.949978083372116,0.884665658941272,1,0.629586011171341
197,0.949978083372116,0.969119243861032,1,0.629586011171341
198,0.949978083372116,0.974165142658785,1,0.629586011171341
210,0.949978083372116,0.840144808337779,1,0.629586011171341
212,0.949978083372116,0.98107953501147,1,0.629586011171341
226,0.949978083372116,0.956206707675694,1,0.629586011171341
232,0.949978083372116,0.878681016092531,1,0.629586011171341
240,0.949978083372116,0.968513850052253,1,0.629586011171341
252,0.949978083372116,0.576022700249532,1,0.629586011171341
261,0.949978083372116,0.830010546600451,1,0.629586011171341
6,0.976677422722181,0.907887801644625,1,0.629586011171341
8,0.976677422722181,0.617440588022023,1,0.629586011171341
25,0.976677422722181,0.987072019323525,1,0.629586011171341
34,0.976677422722181,0.923997603025223,1,0.629586011171341
43,0.976677422722181,0.980233111284139,1,0.629586011171341
47,0.976677422722181,0.973942595272066,1,0.629586011171341
58,0.976677422722181,0.96132378357474,1,0.629586011171341
61,0.976677422722181,0.960568486116384,1,0.629586011171341
83,0.976677422722181,0.93286560850256,1,0.629586011171341
85,0.976677422722181,0.735608162536767,1,0.629586011171341
105,0.976677422722181,0.242441901321159,1,0.629586011171341
109,0.976677422722181,0.98698058281723,1,0.629586011171341
115,0.976677422722181,0.976813678537828,1,0.629586011171341
125,0.976677422722181,0.339221571788584,1,0.629586011171341
147,0.976677422722181,0.75241835276044,1,0.629586011171341
158,0.976677422722181,0.292957747270779,1,0.629586011171341
166,0.976677422722181,0.951087554360166,1,0.629586011171341
173,0.976677422722181,0.949845184875208,1,0.629586011171341
174,0.976677422722181,0.853014579772352,1,0.629586011171341
181,0.976677422722181,0.875929495777762,1,0.629586011171341
197,0.976677422722181,0.965815702178822,1,0.629586011171341
198,0.976677422722181,0.97135934747556,1,0.629586011171341
210,0.976677422722181,0.823647282486745,1,0.629586011171341
212,0.976677422722181,0.979579951460601,1,0.629586011171341
226,0.976677422722181,0.952327575267697,1,0.629586011171341
232,0.976677422722181,0.862649374754075,1,0.629586011171341
240,0.976677422722181,0.965219168050564,1,0.629586011171341
252,0.976677422722181,0.55270985195091,1,0.629586011171341
261,0.976677422722181,0.815445364142313,1,0.629586011171341
6,1.00337676207225,0.900276970900842,1,0.629586011171341
8,1.00337676207225,0.574987679456389,1,0.629586011171341
25,1.00337676207225,0.986034778584348,1,0.629586011171341
34,1.00337676207225,0.916501669788082,1,0.629586011171341
43,1.00337676207225,0.978707597250037,1,0.629586011171341
47,1.00337676207225,0.971578612125324,1,0.629586011171341
58,1.00337676207225,0.958206885127118,1,0.629586011171341
61,1.00337676207225,0.956888150904199,1,0.629586011171341
83,1.00337676207225,0.926987771707542,1,0.629586011171341
85,1.00337676207225,0.717430771507298,1,0.629586011171341
105,1.00337676207225,0.196010567578506,1,0.629586011171341
109,1.00337676207225,0.985894940357966,1,0.629586011171341
115,1.00337676207225,0.974767292227476,1,0.629586011171341
125,1.00337676207225,0.295070588557553,1,0.629586011171341
147,1.00337676207225,0.734336941632505,1,0.629586011171341
158,1.00337676207225,0.252479221146386,1,0.629586011171341
166,1.00337676207225,0.947163544097306,1,0.629586011171341
173,1.00337676207225,0.945384372016399,1,0.629586011171341
174,1.00337676207225,0.836444490923257,1,0.629586011171341
181,1.00337676207225,0.867446393676468,1,0.629586011171341
197,1.00337676207225,0.962362202762236,1,0.629586011171341
198,1.00337676207225,0.968415821700863,1,0.629586011171341
210,1.00337676207225,0.80712259559472,1,0.629586011171341
212,1.00337676207225,0.97800861799875,1,0.629586011171341
226,1.00337676207225,0.948388130324172,1,0.629586011171341
232,1.00337676207225,0.845643552330958,1,0.629586011171341
240,1.00337676207225,0.961608997327492,1,0.629586011171341
252,1.00337676207225,0.53082437864579,1,0.629586011171341
261,1.00337676207225,0.799192102271426,1,0.629586011171341
6,1.03007610142231,0.892909987778526,1,0.629586011171341
8,1.03007610142231,0.530804628333547,1,0.629586011171341
25,1.03007610142231,0.984990504290526,1,0.629586011171341
34,1.03007610142231,0.908391950786267,1,0.629586011171341
43,1.03007610142231,0.977177497050056,1,0.629586011171341
47,1.03007610142231,0.969143035644468,1,0.629586011171341
58,1.03007610142231,0.954188560296611,1,0.629586011171341
61,1.03007610142231,0.952729219637555,1,0.629586011171341
83,1.03007610142231,0.922068595476225,1,0.629586011171341
85,1.03007610142231,0.695910780208848,1,0.629586011171341
105,1.03007610142231,0.156613986122523,1,0.629586011171341
109,1.03007610142231,0.984859348236168,1,0.629586011171341
115,1.03007610142231,0.972514741275371,1,0.629586011171341
125,1.03007610142231,0.256431916280106,1,0.629586011171341
147,1.03007610142231,0.716514619098002,1,0.629586011171341
158,1.03007610142231,0.215675722020806,1,0.629586011171341
166,1.03007610142231,0.943190499832497,1,0.629586011171341
173,1.03007610142231,0.941030090366898,1,0.629586011171341
174,1.03007610142231,0.818963405804058,1,0.629586011171341
181,1.03007610142231,0.859232825617938,1,0.629586011171341
197,1.03007610142231,0.958710782150286,1,0.629586011171341
198,1.03007610142231,0.965231694589117,1,0.629586011171341
210,1.03007610142231,0.78844095486631,1,0.629586011171341
212,1.03007610142231,0.976501011395294,1,0.629586011171341
226,1.03007610142231,0.944105522747681,1,0.629586011171341
232,1.03007610142231,0.827717566091487,1,0.629586011171341
240,1.03007610142231,0.957981356412816,1,0.629586011171341
252,1.03007610142231,0.510289625625572,1,0.629586011171341
261,1.03007610142231,0.784357672605232,1,0.629586011171341
6,1.05677544077237,0.885605055709843,1,0.629586011171341
8,1.05677544077237,0.487020171175973,1,0.629586011171341
25,1.05677544077237,0.984124340478047,1,0.629586011171341
34,1.05677544077237,0.900046210734037,1,0.629586011171341
43,1.05677544077237,0.975641613935133,1,0.629586011171341
47,1.05677544077237,0.966432587703164,1,0.629586011171341
58,1.05677544077237,0.950238708890512,1,0.629586011171341
61,1.05677544077237,0.948506382127399,1,0.629586011171341
83,1.05677544077237,0.916149706251849,1,0.629586011171341
85,1.05677544077237,0.675273795491272,1,0.629586011171341
105,1.05677544077237,0.122696228317396,1,0.629586011171341
109,1.05677544077237,0.983586955323426,1,0.629586011171341
115,1.05677544077237,0.970806979591623,1,0.629586011171341
125,1.05677544077237,0.220823388244976,1,0.629586011171341
147,1.05677544077237,0.698267234642398,1,0.629586011171341
158,1.05677544077237,0.183341179065245,1,0.629586011171341
166,1.05677544077237,0.938668825748397,1,0.629586011171341
173,1.05677544077237,0.936337509093434,1,0.629586011171341
174,1.05677544077237,0.800556240442573,1,0.629586011171341
181,1.05677544077237,0.851299719020074,1,0.629586011171341
197,1.05677544077237,0.954899585941044,1,0.629586011171341
198,1.05677544077237,0.961843099820572,1,0.629586011171341
210,1.05677544077237,0.770420521928253,1,0.629586011171341
212,1.05677544077237,0.974987938164603,1,0.629586011171341
226,1.05677544077237,0.939546576651605,1,0.629586011171341
232,1.05677544077237,0.80895035703728,1,0.629586011171341
240,1.05677544077237,0.954230441627379,1,0.629586011171341
252,1.05677544077237,0.491036889553448,1,0.629586011171341
261,1.05677544077237,0.767992795173853,1,0.629586011171341
6,1.08347478012244,0.87775881920065,1,0.629586011171341
8,1.08347478012244,0.443153457999448,1,0.629586011171341
25,1.08347478012244,0.983080005265344,1,0.629586011171341
34,1.08347478012244,0.891353696272649,1,0.629586011171341
43,1.08347478012244,0.974098743482037,1,0.629586011171341
47,1.08347478012244,0.963808754928988,1,0.629586011171341
58,1.08347478012244,0.946161957439789,1,0.629586011171341
61,1.08347478012244,0.94406704766778,1,0.629586011171341
83,1.08347478012244,0.910313082571617,1,0.629586011171341
85,1.08347478012244,0.654810301297206,1,0.629586011171341
105,1.08347478012244,0.0947087303431059,1,0.629586011171341
109,1.08347478012244,0.982389013933283,1,0.629586011171341
115,1.08347478012244,0.968617369452919,1,0.629586011171341
125,1.08347478012244,0.188874937873829,1,0.629586011171341
147,1.08347478012244,0.681047700473613,1,0.629586011171341
158,1.08347478012244,0.154615397795456,1,0.629586011171341
166,1.08347478012244,0.934578154946493,1,0.629586011171341
173,1.08347478012244,0.930983533447075,1,0.629586011171341
174,1.08347478012244,0.781216134824482,1,0.629586011171341
181,1.08347478012244,0.843650310193993,1,0.629586011171341
197,1.08347478012244,0.950837433269349,1,0.629586011171341
198,1.08347478012244,0.958427622950877,1,0.629586011171341
210,1.08347478012244,0.751961183117194,1,0.629586011171341
212,1.08347478012244,0.973048047058876,1,0.629586011171341
226,1.08347478012244,0.93539007783925,1,0.629586011171341
232,1.08347478012244,0.789444528646405,1,0.629586011171341
240,1.08347478012244,0.950313566918043,1,0.629586011171341
252,1.08347478012244,0.472999704165949,1,0.629586011171341
261,1.08347478012244,0.752925129122423,1,0.629586011171341
6,1.1101741194725,0.869827055164695,1,0.629586011171341
8,1.1101741194725,0.39998122073362,1,0.629586011171341
25,1.1101741194725,0.982030801481586,1,0.629586011171341
34,1.1101741194725,0.882302050058361,1,0.629586011171341
43,1.1101741194725,0.972726077708511,1,0.629586011171341
47,1.1101741194725,0.961129983384389,1,0.629586011171341
58,1.1101741194725,0.941955187913884,1,0.629586011171341
61,1.1101741194725,0.939441141028577,1,0.629586011171341
83,1.1101741194725,0.904398196902509,1,0.629586011171341
85,1.1101741194725,0.634558259323343,1,0.629586011171341
105,1.1101741194725,0.0721488391340331,1,0.629586011171341
109,1.1101741194725,0.981220150134105,1,0.629586011171341
115,1.1101741194725,0.96602517419291,1,0.629586011171341
125,1.1101741194725,0.16032275442488,1,0.629586011171341
147,1.1101741194725,0.664167219283731,1,0.629586011171341
158,1.1101741194725,0.129367142041474,1,0.629586011171341
166,1.1101741194725,0.930427668637186,1,0.629586011171341
173,1.1101741194725,0.926022968512797,1,0.629586011171341
174,1.1101741194725,0.760113344161739,1,0.629586011171341
181,1.1101741194725,0.836278985818292,1,0.629586011171341
197,1.1101741194725,0.946689050383073,1,0.629586011171341
198,1.1101741194725,0.95484071977957,1,0.629586011171341
210,1.1101741194725,0.733210989203558,1,0.629586011171341
212,1.1101741194725,0.971513821464618,1,0.629586011171341
226,1.1101741194725,0.931160233393418,1,0.629586011171341
232,1.1101741194725,0.769322927844055,1,0.629586011171341
240,1.1101741194725,0.946221901075771,1,0.629586011171341
252,1.1101741194725,0.456110278309038,1,0.629586011171341
261,1.1101741194725,0.73776520500121,1,0.629586011171341
6,1.13687345882257,0.861808919920117,1,0.629586011171341
8,1.13687345882257,0.357841285355335,1,0.629586011171341
25,1.13687345882257,0.980976030575435,1,0.629586011171341
34,1.13687345882257,0.872879374136274,1,0.629586011171341
43,1.13687345882257,0.971168639637873,1,0.629586011171341
47,1.13687345882257,0.958364288410511,1,0.629586011171341
58,1.13687345882257,0.937615473722931,1,0.629586011171341
61,1.13687345882257,0.93461969261221,1,0.629586011171341
83,1.13687345882257,0.898402341721486,1,0.629586011171341
85,1.13687345882257,0.614555844352,1,0.629586011171341
105,1.13687345882257,0.0543605606520998,1,0.629586011171341
109,1.13687345882257,0.980028386829878,1,0.629586011171341
115,1.13687345882257,0.963713799041604,1,0.629586011171341
125,1.13687345882257,0.135104624137667,1,0.629586011171341
147,1.13687345882257,0.6476492830545,1,0.629586011171341
158,1.13687345882257,0.107403811944137,1,0.629586011171341
166,1.13687345882257,0.926213780508994,1,0.629586011171341
173,1.13687345882257,0.920928653962034,1,0.629586011171341
174,1.13687345882257,0.73890678203885,1,0.629586011171341
181,1.13687345882257,0.829171419557678,1,0.629586011171341
197,1.13687345882257,0.942222733680319,1,0.629586011171341
198,1.13687345882257,0.951073272309857,1,0.629586011171341
210,1.13687345882257,0.714219550758063,1,0.629586011171341
212,1.13687345882257,0.969970216345605,1,0.629586011171341
226,1.13687345882257,0.926853617822854,1,0.629586011171341
232,1.13687345882257,0.748723292831839,1,0.629586011171341
240,1.13687345882257,0.941946288839167,1,0.629586011171341
252,1.13687345882257,0.440298047881067,1,0.629586011171341
261,1.13687345882257,0.722525193864554,1,0.629586011171341
6,1.16357279817263,0.853703940855117,1,0.629586011171341
8,1.16357279817263,0.317266612856526,1,0.629586011171341
25,1.16357279817263,0.979914987744627,1,0.629586011171341
34,1.16357279817263,0.863074417004271,1,0.629586011171341
43,1.16357279817263,0.969486274480957,1,0.629586011171341
47,1.16357279817263,0.955507902762055,1,0.629586011171341
58,1.16357279817263,0.933140073441368,1,0.629586011171341
61,1.16357279817263,0.929593886452344,1,0.629586011171341
83,1.16357279817263,0.89270041338383,1,0.629586011171341
85,1.16357279817263,0.594840641874875,1,0.629586011171341
105,1.16357279817263,0.0406115418736022,1,0.629586011171341
109,1.16357279817263,0.978812474560847,1,0.629586011171341
115,1.16357279817263,0.961341975086821,1,0.629586011171341
125,1.16357279817263,0.113086814879136,1,0.629586011171341
147,1.16357279817263,0.631515212677383,1,0.629586011171341
158,1.16357279817263,0.0884876114230559,1,0.629586011171341
166,1.16357279817263,0.921932960745599,1,0.629586011171341
173,1.16357279817263,0.915696131680705,1,0.629586011171341
174,1.16357279817263,0.717536358604787,1,0.629586011171341
181,1.16357279817263,0.822305889959108,1,0.629586011171341
197,1.16357279817263,0.937664899482396,1,0.629586011171341
198,1.16357279817263,0.9471159318889,1,0.629586011171341
210,1.16357279817263,0.69503893537732,1,0.629586011171341
212,1.16357279817263,0.968415924809583,1,0.629586011171341
226,1.16357279817263,0.922466755834284,1,0.629586011171341
232,1.16357279817263,0.72779173166643,1,0.629586011171341
240,1.16357279817263,0.937477269636303,1,0.629586011171341
252,1.16357279817263,0.425489746688939,1,0.629586011171341
261,1.16357279817263,0.707218849738548,1,0.629586011171341
6,1.1902721375227,0.84551203828773,1,0.629586011171341
8,1.1902721375227,0.278701948084476,1,0.629586011171341
25,1.1902721375227,0.978846960769729,1,0.629586011171341
34,1.1902721375227,0.852876784812295,1,0.629586011171341
43,1.1902721375227,0.967791085694008,1,0.629586011171341
47,1.1902721375227,0.952557181611276,1,0.629586011171341
58,1.1902721375227,0.928526408997558,1,0.629586011171341
61,1.1902721375227,0.92435522261679,1,0.629586011171341
83,1.1902721375227,0.886542491995175,1,0.629586011171341
85,1.1902721375227,0.575448802475478,1,0.629586011171341
105,1.1902721375227,0.0301619153075674,1,0.629586011171341
109,1.1902721375227,0.977571113281003,1,0.629586011171341
115,1.1902721375227,0.958906886389128,1,0.629586011171341
125,1.1902721375227,0.0940751154331867,1,0.629586011171341
147,1.1902721375227,0.615783806051951,1,0.629586011171341
158,1.1902721375227,0.0723520539235423,1,0.629586011171341
166,1.1902721375227,0.917581759516792,1,0.629586011171341
173,1.1902721375227,0.910320987390526,1,0.629586011171341
174,1.1902721375227,0.694663695872291,1,0.629586011171341
181,1.1902721375227,0.815655417635282,1,0.629586011171341
197,1.1902721375227,0.932887881377523,1,0.629586011171341
198,1.1902721375227,0.942959175958153,1,0.629586011171341
210,1.1902721375227,0.685199032687414,1,0.629586011171341
212,1.1902721375227,0.966849663514565,1,0.629586011171341
226,1.1902721375227,0.91799612747501,1,0.629586011171341
232,1.1902721375227,0.706377244866428,1,0.629586011171341
240,1.1902721375227,0.932805103654915,1,0.629586011171341
252,1.1902721375227,0.411610468752955,1,0.629586011171341
261,1.1902721375227,0.691861506587454,1,0.629586011171341
6,1.21697147687276,0.837233546621643,1,0.629586011171341
8,1.21697147687276,0.242144067365589,1,0.629586011171341
25,1.21697147687276,0.977822886387073,1,0.629586011171341
34,1.21697147687276,0.842456359055883,1,0.629586011171341
43,1.21697147687276,0.966378839396582,1,0.629586011171341
47,1.21697147687276,0.949508663081885,1,0.629586011171341
58,1.21697147687276,0.924088237861762,1,0.629586011171341
61,1.21697147687276,0.919281610135951,1,0.629586011171341
83,1.21697147687276,0.880298151075614,1,0.629586011171341
85,1.21697147687276,0.557412105420118,1,0.629586011171341
105,1.21697147687276,0.0223201278388823,1,0.629586011171341
109,1.21697147687276,0.976302949672113,1,0.629586011171341
115,1.21697147687276,0.9564056072891,1,0.629586011171341
125,1.21697147687276,0.0773535663748794,1,0.629586011171341
147,1.21697147687276,0.600471071356084,1,0.629586011171341
158,1.21697147687276,0.0587725376923636,1,0.629586011171341
166,1.21697147687276,0.91315683508228,1,0.629586011171341
173,1.21697147687276,0.904798876452645,1,0.629586011171341
174,1.21697147687276,0.670470215272178,1,0.629586011171341
181,1.21697147687276,0.809190301367704,1,0.629586011171341
197,1.21697147687276,0.927880129453003,1,0.629586011171341
198,1.21697147687276,0.938593378753268,1,0.629586011171341
210,1.21697147687276,0.666198472861551,1,0.629586011171341
212,1.21697147687276,0.96527017484304,1,0.629586011171341
226,1.21697147687276,0.913438174667677,1,0.629586011171341
232,1.21697147687276,0.685224458050527,1,0.629586011171341
240,1.21697147687276,0.927782534579178,1,0.629586011171341
252,1.21697147687276,0.398585357483279,1,0.629586011171341
261,1.21697147687276,0.676470046338853,1,0.629586011171341
6,1.24367081622283,0.82886923425428,1,0.629586011171341
8,1.24367081622283,0.208696909701472,1,0.629586011171341
25,1.24367081622283,0.976739625012018,1,0.629586011171341
34,1.24367081622283,0.831451538773246,1,0.629586011171341
43,1.24367081622283,0.964770444623435,1,0.629586011171341
47,1.24367081622283,0.946359135350074,1,0.629586011171341
58,1.24367081622283,0.919199338384772,1,0.629586011171341
61,1.24367081622283,0.913409616723957,1,0.629586011171341
83,1.24367081622283,0.873858487754522,1,0.629586011171341
85,1.24367081622283,0.538754162380597,1,0.629586011171341
105,1.24367081622283,0.0164817509140086,1,0.629586011171341
109,1.24367081622283,0.975006574392822,1,0.629586011171341
115,1.24367081622283,0.953643847400617,1,0.629586011171341
125,1.24367081622283,0.0636788516357963,1,0.629586011171341
147,1.24367081622283,0.585590059454646,1,0.629586011171341
158,1.24367081622283,0.0473477113398919,1,0.629586011171341
166,1.24367081622283,0.908654986909696,1,0.629586011171341
173,1.24367081622283,0.899049243275239,1,0.629586011171341
174,1.24367081622283,0.646023777166353,1,0.629586011171341
181,1.24367081622283,0.802880670863391,1,0.629586011171341
197,1.24367081622283,0.922629732731534,1,0.629586011171341
198,1.24367081622283,0.933896608157295,1,0.629586011171341
210,1.24367081622283,0.637929303545223,1,0.629586011171341
212,1.24367081622283,0.963676229855174,1,0.629586011171341
226,1.24367081622283,0.908789309281771,1,0.629586011171341
232,1.24367081622283,0.664171798347802,1,0.629586011171341
240,1.24367081622283,0.922669470605521,1,0.629586011171341
252,1.24367081622283,0.38634155955745,1,0.629586011171341
261,1.24367081622283,0.661062833150964,1,0.629586011171341
6,1.27037015557289,0.820420321640949,1,0.629586011171341
8,1.27037015557289,0.178159720469224,1,0.629586011171341
25,1.27037015557289,0.97564718579882,1,0.629586011171341
34,1.27037015557289,0.820341263437395,1,0.629586011171341
43,1.27037015557289,0.963146216146034,1,0.629586011171341
47,1.27037015557289,0.943105708540918,1,0.629586011171341
58,1.27037015557289,0.91402104946697,1,0.629586011171341
61,1.27037015557289,0.907494028297245,1,0.629586011171341
83,1.27037015557289,0.867438999518083,1,0.629586011171341
85,1.27037015557289,0.520510054708214,1,0.629586011171341
105,1.27037015557289,0.0121490484660001,1,0.629586011171341
109,1.27037015557289,0.973680519267998,1,0.629586011171341
115,1.27037015557289,0.950995953917188,1,0.629586011171341
125,1.27037015557289,0.0521807561739482,1,0.629586011171341
147,1.27037015557289,0.571150802250183,1,0.629586011171341
158,1.27037015557289,0.0376548961650248,1,0.629586011171341
166,1.27037015557289,0.904073194162901,1,0.629586011171341
173,1.27037015557289,0.893218778054642,1,0.629586011171341
174,1.27037015557289,0.621020891801407,1,0.629586011171341
181,1.27037015557289,0.796698731004033,1,0.629586011171341
197,1.27037015557289,0.917124461658706,1,0.629586011171341
198,1.27037015557289,0.928916073643384,1,0.629586011171341
210,1.27037015557289,0.618539932362201,1,0.629586011171341
212,1.27037015557289,0.962066632069527,1,0.629586011171341
226,1.27037015557289,0.904127514070032,1,0.629586011171341
232,1.27037015557289,0.643351000427783,1,0.629586011171341
240,1.27037015557289,0.917322721630324,1,0.629586011171341
252,1.27037015557289,0.374810020954994,1,0.629586011171341
261,1.27037015557289,0.645659609383293,1,0.629586011171341
6,1.29706949492296,0.81188849687692,1,0.629586011171341
8,1.29706949492296,0.150660405498508,1,0.629586011171341
25,1.29706949492296,0.974408872173447,1,0.629586011171341
34,1.29706949492296,0.808505183920596,1,0.629586011171341
43,1.29706949492296,0.961504809147136,1,0.629586011171341
47,1.29706949492296,0.939745888522653,1,0.629586011171341
58,1.29706949492296,0.90883540009321,1,0.629586011171341
61,1.29706949492296,0.901338831694633,1,0.629586011171341
83,1.29706949492296,0.861923703525526,1,0.629586011171341
85,1.29706949492296,0.503140980824446,1,0.629586011171341
105,1.29706949492296,0.0089325572399046,1,0.629586011171341
109,1.29706949492296,0.97232325442587,1,0.629586011171341
115,1.29706949492296,0.948272360509465,1,0.629586011171341
125,1.29706949492296,0.0426294194974772,1,0.629586011171341
147,1.29706949492296,0.557160355033122,1,0.629586011171341
158,1.29706949492296,0.0299001745587139,1,0.629586011171341
166,1.29706949492296,0.899408659836694,1,0.629586011171341
173,1.29706949492296,0.887229027771759,1,0.629586011171341
174,1.29706949492296,0.595395875759867,1,0.629586011171341
181,1.29706949492296,0.790620440523623,1,0.629586011171341
197,1.29706949492296,0.911351823649541,1,0.629586011171341
198,1.29706949492296,0.923857877340626,1,0.629586011171341
210,1.29706949492296,0.599215798952455,1,0.629586011171341
212,1.29706949492296,0.960440222115968,1,0.629586011171341
226,1.29706949492296,0.899287570573611,1,0.629586011171341
232,1.29706949492296,0.622886765565975,1,0.629586011171341
240,1.29706949492296,0.911690869708403,1,0.629586011171341
252,1.29706949492296,0.363926760338536,1,0.629586011171341
261,1.29706949492296,0.630281349359594,1,0.629586011171341
6,1.32376883427302,0.803275928133214,1,0.629586011171341
8,1.32376883427302,0.126238387129844,1,0.629586011171341
25,1.32376883427302,0.973293676375713,1,0.629586011171341
34,1.32376883427302,0.79624583432835,1,0.629586011171341
43,1.32376883427302,0.959844852443916,1,0.629586011171341
47,1.32376883427302,0.936277648325991,1,0.629586011171341
58,1.32376883427302,0.903498945449066,1,0.629586011171341
61,1.32376883427302,0.894940240135208,1,0.629586011171341
83,1.32376883427302,0.855346375799157,1,0.629586011171341
85,1.32376883427302,0.48578158153562,1,0.629586011171341
105,1.32376883427302,0.00656513060200725,1,0.629586011171341
109,1.32376883427302,0.970981239930419,1,0.629586011171341
115,1.32376883427302,0.945469678763694,1,0.629586011171341
125,1.32376883427302,0.0347252925800938,1,0.629586011171341
147,1.32376883427302,0.543622931586966,1,0.629586011171341
158,1.32376883427302,0.0235833664538038,1,0.629586011171341
166,1.32376883427302,0.894658860687047,1,0.629586011171341
173,1.32376883427302,0.881076224011968,1,0.629586011171341
174,1.32376883427302,0.569338634488096,1,0.629586011171341
181,1.32376883427302,0.784626472689907,1,0.629586011171341
197,1.32376883427302,0.905299133720027,1,0.629586011171341
198,1.32376883427302,0.91839145987655,1,0.629586011171341
210,1.32376883427302,0.580000664971929,1,0.629586011171341
212,1.32376883427302,0.958795883300288,1,0.629586011171341
226,1.32376883427302,0.893646450409809,1,0.629586011171341
232,1.32376883427302,0.602895542092252,1,0.629586011171341
240,1.32376883427302,0.905844532132353,1,0.629586011171341
252,1.32376883427302,0.353633468553418,1,0.629586011171341
261,1.32376883427302,0.612207470873271,1,0.629586011171341
6,1.35046817362309,0.794585272277722,1,0.629586011171341
8,1.35046817362309,0.10487354805281,1,0.629586011171341
25,1.35046817362309,0.972167016484133,1,0.629586011171341
34,1.35046817362309,0.783306211732444,1,0.629586011171341
43,1.35046817362309,0.958164946931962,1,0.629586011171341
47,1.35046817362309,0.932699491336667,1,0.629586011171341
58,1.35046817362309,0.898221941126455,1,0.629586011171341
61,1.35046817362309,0.888296041505785,1,0.629586011171341
83,1.35046817362309,0.848684343933292,1,0.629586011171341
85,1.35046817362309,0.468889985878252,1,0.629586011171341
105,1.35046817362309,0.0047748621369168,1,0.629586011171341
109,1.35046817362309,0.969557695170506,1,0.629586011171341
115,1.35046817362309,0.943051271737481,1,0.629586011171341
125,1.35046817362309,0.0282187933493898,1,0.629586011171341
147,1.35046817362309,0.530540112327316,1,0.629586011171341
158,1.35046817362309,0.0184822456492278,1,0.629586011171341
166,1.35046817362309,0.889565556333023,1,0.629586011171341
173,1.35046817362309,0.874539368935747,1,0.629586011171341
174,1.35046817362309,0.542966597251048,1,0.629586011171341
181,1.35046817362309,0.778702448867122,1,0.629586011171341
197,1.35046817362309,0.898953602366214,1,0.629586011171341
198,1.35046817362309,0.913002306650944,1,0.629586011171341
210,1.35046817362309,0.560933463932484,1,0.629586011171341
212,1.35046817362309,0.957132548110208,1,0.629586011171341
226,1.35046817362309,0.888588107067603,1,0.629586011171341
232,1.35046817362309,0.583482041652016,1,0.629586011171341
240,1.35046817362309,0.899664684555547,1,0.629586011171341
252,1.35046817362309,0.343877534219634,1,0.629586011171341
261,1.35046817362309,0.596959066210701,1,0.629586011171341
6,1.37716751297315,0.786299117933284,1,0.629586011171341
8,1.37716751297315,0.0863905526086145,1,0.629586011171341
25,1.37716751297315,0.971028096964443,1,0.629586011171341
34,1.37716751297315,0.77020122958579,1,0.629586011171341
43,1.37716751297315,0.95667626686066,1,0.629586011171341
47,1.37716751297315,0.929010498739839,1,0.629586011171341
58,1.37716751297315,0.892577648410866,1,0.629586011171341
61,1.37716751297315,0.881405718252455,1,0.629586011171341
83,1.37716751297315,0.84194287008776,1,0.629586011171341
85,1.37716751297315,0.452291467848397,1,0.629586011171341
105,1.37716751297315,0.00344011098650387,1,0.629586011171341
109,1.37716751297315,0.96809795489058,1,0.629586011171341
115,1.37716751297315,0.940089761084526,1,0.629586011171341
125,1.37716751297315,0.0228632935568578,1,0.629586011171341
147,1.37716751297315,0.517911099613803,1,0.629586011171341
158,1.37716751297315,0.0143408721378134,1,0.629586011171341
166,1.37716751297315,0.884636234732785,1,0.629586011171341
173,1.37716751297315,0.868046219986744,1,0.629586011171341
174,1.37716751297315,0.515760438809315,1,0.629586011171341
181,1.37716751297315,0.772838577712756,1,0.629586011171341
197,1.37716751297315,0.892302442942704,1,0.629586011171341
198,1.37716751297315,0.907178130848208,1,0.629586011171341
210,1.37716751297315,0.542047834101146,1,0.629586011171341
212,1.37716751297315,0.955449205675396,1,0.629586011171341
226,1.37716751297315,0.883782460622038,1,0.629586011171341
232,1.37716751297315,0.564734034431062,1,0.629586011171341
240,1.37716751297315,0.893277422945241,1,0.629586011171341
252,1.37716751297315,0.334611742535942,1,0.629586011171341
261,1.37716751297315,0.581182456887095,1,0.629586011171341
6,1.40386685232321,0.777464450524576,1,0.629586011171341
8,1.40386685232321,0.0706321923732629,1,0.629586011171341
25,1.40386685232321,0.970659516582601,1,0.629586011171341
34,1.40386685232321,0.75668305609722,1,0.629586011171341
43,1.40386685232321,0.954954925172436,1,0.629586011171341
47,1.40386685232321,0.925063670733809,1,0.629586011171341
58,1.40386685232321,0.886771467923128,1,0.629586011171341
61,1.40386685232321,0.874315909802905,1,0.629586011171341
83,1.40386685232321,0.835803723648111,1,0.629586011171341
85,1.40386685232321,0.436360358561939,1,0.629586011171341
105,1.40386685232321,0.0024448963445729,1,0.629586011171341
109,1.40386685232321,0.966417634704098,1,0.629586011171341
115,1.40386685232321,0.937038283370959,1,0.629586011171341
125,1.40386685232321,0.0185099953340626,1,0.629586011171341
147,1.40386685232321,0.505732991896903,1,0.629586011171341
158,1.40386685232321,0.0111035440758281,1,0.629586011171341
166,1.40386685232321,0.879532950190916,1,0.629586011171341
173,1.40386685232321,0.86138025751098,1,0.629586011171341
174,1.40386685232321,0.489143819403725,1,0.629586011171341
181,1.40386685232321,0.767028919291492,1,0.629586011171341
197,1.40386685232321,0.885333000814894,1,0.629586011171341
198,1.40386685232321,0.901083619912724,1,0.629586011171341
210,1.40386685232321,0.52345057448419,1,0.629586011171341
212,1.40386685232321,0.953744910174474,1,0.629586011171341
226,1.40386685232321,0.8785080931969,1,0.629586011171341
232,1.40386685232321,0.546717587655602,1,0.629586011171341
240,1.40386685232321,0.886605651245185,1,0.629586011171341
252,1.40386685232321,0.325745139802079,1,0.629586011171341
261,1.40386685232321,0.56615398155904,1,0.629586011171341
6,1.43056619167328,1,1,0.629586011171341
8,1.43056619167328,1,1,0.629586011171341
25,1.43056619167328,1,1,0.629586011171341
34,1.43056619167328,1,1,0.629586011171341
43,1.43056619167328,1,1,0.629586011171341
47,1.43056619167328,1,1,0.629586011171341
58,1.43056619167328,1,1,0.629586011171341
61,1.43056619167328,1,1,0.629586011171341
83,1.43056619167328,1,1,0.629586011171341
85,1.43056619167328,1,1,0.629586011171341
105,1.43056619167328,1,1,0.629586011171341
109,1.43056619167328,1,1,0.629586011171341
115,1.43056619167328,1,1,0.629586011171341
125,1.43056619167328,1,1,0.629586011171341
147,1.43056619167328,1,1,0.629586011171341
158,1.43056619167328,1,1,0.629586011171341
166,1.43056619167328,1,1,0.629586011171341
173,1.43056619167328,1,1,0.629586011171341
174,1.43056619167328,1,1,0.629586011171341
181,1.43056619167328,1,1,0.629586011171341
197,1.43056619167328,1,1,0.629586011171341
198,1.43056619167328,1,1,0.629586011171341
210,1.43056619167328,1,1,0.629586011171341
212,1.43056619167328,1,1,0.629586011171341
226,1.43056619167328,1,1,0.629586011171341
232,1.43056619167328,1,1,0.629586011171341
240,1.43056619167328,1,1,0.629586011171341
252,1.43056619167328,1,1,0.629586011171341
261,1.43056619167328,1,1,0.629586011171341
25,0.906064030528068,0.999142484093073,1,0.887977749109268
34,0.906064030528068,0.995939669482946,1,0.887977749109268
43,0.906064030528068,0.99877727459954,1,0.887977749109268
47,0.906064030528068,0.997908949519021,1,0.887977749109268
58,0.906064030528068,0.997840268420253,1,0.887977749109268
61,0.906064030528068,0.997996349137544,1,0.887977749109268
83,0.906064030528068,0.996275448159511,1,0.887977749109268
85,0.906064030528068,0.963570749203729,1,0.887977749109268
115,0.906064030528068,0.998338287313055,1,0.887977749109268
147,0.906064030528068,0.986891700470513,1,0.887977749109268
166,0.906064030528068,0.995411881481643,1,0.887977749109268
173,0.906064030528068,0.996006422916054,1,0.887977749109268
174,0.906064030528068,0.993790708343978,1,0.887977749109268
25,0.924150311946869,0.998280366459685,1,0.887977749109268
34,0.924150311946869,0.991783709934513,1,0.887977749109268
43,0.924150311946869,0.99752433304086,1,0.887977749109268
47,0.924150311946869,0.995989375237416,1,0.887977749109268
58,0.924150311946869,0.995697133188641,1,0.887977749109268
61,0.924150311946869,0.995776508369105,1,0.887977749109268
83,0.924150311946869,0.991733717810981,1,0.887977749109268
85,0.924150311946869,0.921559974003828,1,0.887977749109268
115,0.924150311946869,0.996547818426615,1,0.887977749109268
147,0.924150311946869,0.973848386684707,1,0.887977749109268
166,0.924150311946869,0.990854562776376,1,0.887977749109268
173,0.924150311946869,0.991203681169918,1,0.887977749109268
174,0.924150311946869,0.989023771549868,1,0.887977749109268
25,0.942236593365669,0.997265891236807,1,0.887977749109268
34,0.942236593365669,0.987033711601788,1,0.887977749109268
43,0.942236593365669,0.99623278368449,1,0.887977749109268
47,0.942236593365669,0.994030626699118,1,0.887977749109268
58,0.942236593365669,0.993434419393949,1,0.887977749109268
61,0.942236593365669,0.993232192216169,1,0.887977749109268
83,0.942236593365669,0.987973382662908,1,0.887977749109268
85,0.942236593365669,0.885198011733512,1,0.887977749109268
115,0.942236593365669,0.994725674368018,1,0.887977749109268
147,0.942236593365669,0.96087752881456,1,0.887977749109268
166,0.942236593365669,0.986236624493804,1,0.887977749109268
173,0.942236593365669,0.986991399012086,1,0.887977749109268
174,0.942236593365669,0.982784898884237,1,0.887977749109268
25,0.96032287478447,0.996390365760885,1,0.887977749109268
34,0.96032287478447,0.982697908763891,1,0.887977749109268
43,0.96032287478447,0.994907685109385,1,0.887977749109268
47,0.96032287478447,0.992031412952439,1,0.887977749109268
58,0.96032287478447,0.991116181421118,1,0.887977749109268
61,0.96032287478447,0.990933967065842,1,0.887977749109268
83,0.96032287478447,0.984201809099595,1,0.887977749109268
85,0.96032287478447,0.84898928576767,1,0.887977749109268
115,0.96032287478447,0.99295618007671,1,0.887977749109268
147,0.96032287478447,0.9479870111468,1,0.887977749109268
166,0.96032287478447,0.981556639737172,1,0.887977749109268
173,0.96032287478447,0.982676887510681,1,0.887977749109268
174,0.96032287478447,0.976812558281625,1,0.887977749109268
25,0.97840915620327,0.995509404049534,1,0.887977749109268
34,0.97840915620327,0.978219624263336,1,0.887977749109268
43,0.97840915620327,0.993606246981336,1,0.887977749109268
47,0.97840915620327,0.989990403507446,1,0.887977749109268
58,0.97840915620327,0.988740473891377,1,0.887977749109268
61,0.97840915620327,0.988601517291121,1,0.887977749109268
83,0.97840915620327,0.980689128410377,1,0.887977749109268
85,0.97840915620327,0.812992933998063,1,0.887977749109268
115,0.97840915620327,0.991150499758554,1,0.887977749109268
147,0.97840915620327,0.935185077815308,1,0.887977749109268
166,0.97840915620327,0.976813185323022,1,0.887977749109268
173,0.97840915620327,0.978257157839062,1,0.887977749109268
174,0.97840915620327,0.971047314187195,1,0.887977749109268
25,0.99649543762207,0.994622736039059,1,0.887977749109268
34,0.99649543762207,0.973673029991866,1,0.887977749109268
43,0.99649543762207,0.992350312237341,1,0.887977749109268
47,0.99649543762207,0.987906227332969,1,0.887977749109268
58,0.99649543762207,0.986778936388353,1,0.887977749109268
61,0.99649543762207,0.986181099850127,1,0.887977749109268
83,0.99649543762207,0.976639939374892,1,0.887977749109268
85,0.99649543762207,0.773803480062198,1,0.887977749109268
115,0.99649543762207,0.989307464848777,1,0.887977749109268
147,0.99649543762207,0.922480269937132,1,0.887977749109268
166,0.99649543762207,0.972004844245396,1,0.887977749109268
173,0.99649543762207,0.973729173567544,1,0.887977749109268
174,0.99649543762207,0.965128743102878,1,0.887977749109268
25,1.01458171904087,0.993755127384353,1,0.887977749109268
34,1.01458171904087,0.969036320836516,1,0.887977749109268
43,1.01458171904087,0.991039050353287,1,0.887977749109268
47,1.01458171904087,0.985777471879054,1,0.887977749109268
58,1.01458171904087,0.984441525510504,1,0.887977749109268
61,1.01458171904087,0.98431858170539,1,0.887977749109268
83,1.01458171904087,0.971689320537405,1,0.887977749109268
85,1.01458171904087,0.733997993986721,1,0.887977749109268
115,1.01458171904087,0.987425872210016,1,0.887977749109268
147,1.01458171904087,0.909881354129655,1,0.887977749109268
166,1.01458171904087,0.967130208374261,1,0.887977749109268
173,1.01458171904087,0.969089854590228,1,0.887977749109268
174,1.01458171904087,0.959052775843465,1,0.887977749109268
25,1.03266800045967,0.991990874878106,1,0.887977749109268
34,1.03266800045967,0.963599051247519,1,0.887977749109268
43,1.03266800045967,0.989721823567395,1,0.887977749109268
47,1.03266800045967,0.983602682132085,1,0.887977749109268
58,1.03266800045967,0.981703494127041,1,0.887977749109268
61,1.03266800045967,0.981466696631122,1,0.887977749109268
83,1.03266800045967,0.968787136296349,1,0.887977749109268
85,1.03266800045967,0.698747597603041,1,0.887977749109268
115,1.03266800045967,0.9850803261193,1,0.887977749109268
147,1.03266800045967,0.897397242613511,1,0.887977749109268
166,1.03266800045967,0.96218788139809,1,0.887977749109268
173,1.03266800045967,0.963692785146036,1,0.887977749109268
174,1.03266800045967,0.952707260496665,1,0.887977749109268
25,1.05075428187847,0.991822837169143,1,0.887977749109268
34,1.05075428187847,0.958657407052496,1,0.887977749109268
43,1.05075428187847,0.988398253312019,1,0.887977749109268
47,1.05075428187847,0.981040956535156,1,0.887977749109268
58,1.05075428187847,0.979088286305564,1,0.887977749109268
61,1.05075428187847,0.979044020876317,1,0.887977749109268
83,1.05075428187847,0.964779249377716,1,0.887977749109268
85,1.05075428187847,0.664277764632629,1,0.887977749109268
115,1.05075428187847,0.983605045302358,1,0.887977749109268
147,1.05075428187847,0.884177712160516,1,0.887977749109268
166,1.05075428187847,0.956595323782744,1,0.887977749109268
173,1.05075428187847,0.958799506467615,1,0.887977749109268
174,1.05075428187847,0.945832858669135,1,0.887977749109268
25,1.06884056329727,0.990987707467869,1,0.887977749109268
34,1.06884056329727,0.953596499517753,1,0.887977749109268
43,1.06884056329727,0.987031911431495,1,0.887977749109268
47,1.06884056329727,0.978616471974015,1,0.887977749109268
58,1.06884056329727,0.976405370055023,1,0.887977749109268
61,1.06884056329727,0.9765523481111,1,0.887977749109268
83,1.06884056329727,0.960914730067167,1,0.887977749109268
85,1.06884056329727,0.630353896247549,1,0.887977749109268
115,1.06884056329727,0.981599163528413,1,0.887977749109268
147,1.06884056329727,0.871949458993823,1,0.887977749109268
166,1.06884056329727,0.951337654633842,1,0.887977749109268
173,1.06884056329727,0.953563056741484,1,0.887977749109268
174,1.06884056329727,0.939240780103528,1,0.887977749109268
25,1.08692684471607,0.9900703069371,1,0.887977749109268
34,1.08692684471607,0.948413356655602,1,0.887977749109268
43,1.08692684471607,0.985963549582213,1,0.887977749109268
47,1.08692684471607,0.976252035360781,1,0.887977749109268
58,1.08692684471607,0.973652564961037,1,0.887977749109268
61,1.08692684471607,0.974031498563871,1,0.887977749109268
83,1.08692684471607,0.957032938469652,1,0.887977749109268
85,1.08692684471607,0.597039685783112,1,0.887977749109268
115,1.08692684471607,0.97917288415661,1,0.887977749109268
147,1.08692684471607,0.859863036536025,1,0.887977749109268
166,1.08692684471607,0.946172452351629,1,0.887977749109268
173,1.08692684471607,0.948036402606258,1,0.887977749109268
174,1.08692684471607,0.932474447176726,1,0.887977749109268
25,1.10501312613487,0.989142214468305,1,0.887977749109268
34,1.10501312613487,0.943104995994129,1,0.887977749109268
43,1.10501312613487,0.984622104545686,1,0.887977749109268
47,1.10501312613487,0.973866286372606,1,0.887977749109268
58,1.10501312613487,0.970827663720702,1,0.887977749109268
61,1.10501312613487,0.971482540711109,1,0.887977749109268
83,1.10501312613487,0.953133027846777,1,0.887977749109268
85,1.10501312613487,0.564397838294825,1,0.887977749109268
115,1.10501312613487,0.977070481455098,1,0.887977749109268
147,1.10501312613487,0.847926977212742,1,0.887977749109268
166,1.10501312613487,0.940934265778105,1,0.887977749109268
173,1.10501312613487,0.942758318224643,1,0.887977749109268
174,1.10501312613487,0.923867098364731,1,0.887977749109268
25,1.12309940755367,0.988206334089707,1,0.887977749109268
34,1.12309940755367,0.937668431816519,1,0.887977749109268
43,1.12309940755367,0.983272771870499,1,0.887977749109268
47,1.12309940755367,0.971426462777087,1,0.887977749109268
58,1.12309940755367,0.967928437206149,1,0.887977749109268
61,1.12309940755367,0.968906533373833,1,0.887977749109268
83,1.12309940755367,0.949214151364847,1,0.887977749109268
85,1.12309940755367,0.532489523388034,1,0.887977749109268
115,1.12309940755367,0.974921353290721,1,0.887977749109268
147,1.12309940755367,0.83614946036986,1,0.887977749109268
166,1.12309940755367,0.935621818073101,1,0.887977749109268
173,1.12309940755367,0.937349416906463,1,0.887977749109268
174,1.12309940755367,0.916701108611741,1,0.887977749109268
25,1.14118568897247,0.98726235142097,1,0.887977749109268
34,1.14118568897247,0.932100683173057,1,0.887977749109268
43,1.14118568897247,0.981788090089235,1,0.887977749109268
47,1.14118568897247,0.968930838818757,1,0.887977749109268
58,1.14118568897247,0.965010595565916,1,0.887977749109268
61,1.14118568897247,0.966304486732418,1,0.887977749109268
83,1.14118568897247,0.945601874263732,1,0.887977749109268
85,1.14118568897247,0.496673132396582,1,0.887977749109268
115,1.14118568897247,0.972724030551109,1,0.887977749109268
147,1.14118568897247,0.824538203385903,1,0.887977749109268
166,1.14118568897247,0.930233867741783,1,0.887977749109268
173,1.14118568897247,0.931806506580556,1,0.887977749109268
174,1.14118568897247,0.909348582296652,1,0.887977749109268
25,1.15927197039127,0.986068146390946,1,0.887977749109268
34,1.15927197039127,0.925641668840097,1,0.887977749109268
43,1.15927197039127,0.980420148182574,1,0.887977749109268
47,1.15927197039127,0.966377641620619,1,0.887977749109268
58,1.15927197039127,0.961957774287745,1,0.887977749109268
61,1.15927197039127,0.963250000291383,1,0.887977749109268
83,1.15927197039127,0.940349162621156,1,0.887977749109268
85,1.15927197039127,0.462896094832458,1,0.887977749109268
115,1.15927197039127,0.970477004355403,1,0.887977749109268
147,1.15927197039127,0.813100354756402,1,0.887977749109268
166,1.15927197039127,0.924769213489306,1,0.887977749109268
173,1.15927197039127,0.92612641518286,1,0.887977749109268
174,1.15927197039127,0.901805599064229,1,0.887977749109268
25,1.17735825181007,0.985074878172651,1,0.887977749109268
34,1.17735825181007,0.919781941134302,1,0.887977749109268
43,1.17735825181007,0.97904312106778,1,0.887977749109268
47,1.17735825181007,0.963765050901874,1,0.887977749109268
58,1.17735825181007,0.958823908309837,1,0.887977749109268
61,1.17735825181007,0.960589941049704,1,0.887977749109268
83,1.17735825181007,0.936731747629447,1,0.887977749109268
85,1.17735825181007,0.433791264844396,1,0.887977749109268
115,1.17735825181007,0.968028902984156,1,0.887977749109268
147,1.17735825181007,0.801842391982926,1,0.887977749109268
166,1.17735825181007,0.919226699359114,1,0.887977749109268
173,1.17735825181007,0.920306003305442,1,0.887977749109268
174,1.17735825181007,0.894297009982148,1,0.887977749109268
25,1.19544453322887,0.984099679298705,1,0.887977749109268
34,1.19544453322887,0.91378196478729,1,0.887977749109268
43,1.19544453322887,0.977532515938038,1,0.887977749109268
47,1.19544453322887,0.96109119884504,1,0.887977749109268
58,1.19544453322887,0.955606743663427,1,0.887977749109268
61,1.19544453322887,0.95816880112798,1,0.887977749109268
83,1.19544453322887,0.932717945177696,1,0.887977749109268
85,1.19544453322887,0.405650978535494,1,0.887977749109268
115,1.19544453322887,0.965673780406991,1,0.887977749109268
147,1.19544453322887,0.790770027325314,1,0.887977749109268
166,1.19544453322887,0.913605220150219,1,0.887977749109268
173,1.19544453322887,0.9143421781834,1,0.887977749109268
174,1.19544453322887,0.886358730639988,1,0.887977749109268
25,1.21353081464767,0.983114997854192,1,0.887977749109268
34,1.21353081464767,0.907817022376017,1,0.887977749109268
43,1.21353081464767,0.97641026776998,1,0.887977749109268
47,1.21353081464767,0.958354170132807,1,0.887977749109268
58,1.21353081464767,0.952611487747766,1,0.887977749109268
61,1.21353081464767,0.955822478357006,1,0.887977749109268
83,1.21353081464767,0.9286808249382,1,0.887977749109268
85,1.21353081464767,0.379545132847194,1,0.887977749109268
115,1.21353081464767,0.96311751602853,1,0.887977749109268
147,1.21353081464767,0.779888124602928,1,0.887977749109268
166,1.21353081464767,0.907903727105404,1,0.887977749109268
173,1.21353081464767,0.9072081125173,1,0.887977749109268
174,1.21353081464767,0.877577615806308,1,0.887977749109268
25,1.23161709606647,0.982178753822483,1,0.887977749109268
34,1.23161709606647,0.901531410411901,1,0.887977749109268
43,1.23161709606647,0.975005577574036,1,0.887977749109268
47,1.23161709606647,0.955552002176866,1,0.887977749109268
58,1.23161709606647,0.94922720101652,1,0.887977749109268
61,1.23161709606647,0.953102006368695,1,0.887977749109268
83,1.23161709606647,0.924502650834627,1,0.887977749109268
85,1.23161709606647,0.353413184240369,1,0.887977749109268
115,1.23161709606647,0.96064823111437,1,0.887977749109268
147,1.23161709606647,0.769200630230341,1,0.887977749109268
166,1.23161709606647,0.902121233858127,1,0.887977749109268
173,1.23161709606647,0.900926950597572,1,0.887977749109268
174,1.23161709606647,0.869223157794684,1,0.887977749109268
25,1.24970337748528,0.981174905344248,1,0.887977749109268
34,1.24970337748528,0.8950971740713,1,0.887977749109268
43,1.24970337748528,0.973545617151494,1,0.887977749109268
47,1.24970337748528,0.952682685562931,1,0.887977749109268
58,1.24970337748528,0.94575298961356,1,0.887977749109268
61,1.24970337748528,0.950169704300308,1,0.887977749109268
83,1.24970337748528,0.920415072691584,1,0.887977749109268
85,1.24970337748528,0.328360235966418,1,0.887977749109268
115,1.24970337748528,0.957895308201694,1,0.887977749109268
147,1.24970337748528,0.758710521519226,1,0.887977749109268
166,1.24970337748528,0.896256822621357,1,0.887977749109268
173,1.24970337748528,0.894403244505041,1,0.887977749109268
174,1.24970337748528,0.86066027573574,1,0.887977749109268
25,1.26778965890408,0.9801605019546,1,0.887977749109268
34,1.26778965890408,0.888826688008423,1,0.887977749109268
43,1.26778965890408,0.972118370063596,1,0.887977749109268
47,1.26778965890408,0.9494312204766,1,0.887977749109268
58,1.26778965890408,0.942045548315881,1,0.887977749109268
61,1.26778965890408,0.947398583310928,1,0.887977749109268
83,1.26778965890408,0.916301639757386,1,0.887977749109268
85,1.26778965890408,0.30441377874959,1,0.887977749109268
115,1.26778965890408,0.955303861139588,1,0.887977749109268
147,1.26778965890408,0.74841977494876,1,0.887977749109268
166,1.26778965890408,0.890185836713292,1,0.887977749109268
173,1.26778965890408,0.887813306402292,1,0.887977749109268
174,1.26778965890408,0.851986927141138,1,0.887977749109268
25,1.28587594032288,0.979135169258801,1,0.887977749109268
34,1.28587594032288,0.882091897776925,1,0.887977749109268
43,1.28587594032288,0.97067949165884,1,0.887977749109268
47,1.28587594032288,0.946415447510682,1,0.887977749109268
58,1.28587594032288,0.9383827344647,1,0.887977749109268
61,1.28587594032288,0.944602048654952,1,0.887977749109268
83,1.28587594032288,0.912161503392761,1,0.887977749109268
85,1.28587594032288,0.281924269906818,1,0.887977749109268
115,1.28587594032288,0.952650858897586,1,0.887977749109268
147,1.28587594032288,0.738329356588433,1,0.887977749109268
166,1.28587594032288,0.884153617937067,1,0.887977749109268
173,1.28587594032288,0.881065825593637,1,0.887977749109268
174,1.28587594032288,0.842999173432487,1,0.887977749109268
25,1.30396222174168,0.977951411448107,1,0.887977749109268
34,1.30396222174168,0.875200814755384,1,0.887977749109268
43,1.30396222174168,0.969228536956116,1,0.887977749109268
47,1.30396222174168,0.943326190955008,1,0.887977749109268
58,1.30396222174168,0.934623675315652,1,0.887977749109268
61,1.30396222174168,0.941778597247808,1,0.887977749109268
83,1.30396222174168,0.90907846762437,1,0.887977749109268
85,1.30396222174168,0.260229367891313,1,0.887977749109268
115,1.30396222174168,0.949934472648348,1,0.887977749109268
147,1.30396222174168,0.72843923614656,1,0.887977749109268
166,1.30396222174168,0.878037230515788,1,0.887977749109268
173,1.30396222174168,0.874158396384014,1,0.887977749109268
174,1.30396222174168,0.8337946635558,1,0.887977749109268
25,1.32204850316048,0.976901155792494,1,0.887977749109268
34,1.32204850316048,0.868151152803077,1,0.887977749109268
43,1.32204850316048,0.96776505462444,1,0.887977749109268
47,1.32204850316048,0.940161266111706,1,0.887977749109268
58,1.32204850316048,0.930895510218475,1,0.887977749109268
61,1.32204850316048,0.938926291638758,1,0.887977749109268
83,1.32204850316048,0.904892245302871,1,0.887977749109268
85,1.32204850316048,0.237148688357684,1,0.887977749109268
115,1.32204850316048,0.947152835674822,1,0.887977749109268
147,1.32204850316048,0.718748425227701,1,0.887977749109268
166,1.32204850316048,0.871836098352078,1,0.887977749109268
173,1.32204850316048,0.867088802480094,1,0.887977749109268
174,1.32204850316048,0.823342464320511,1,0.887977749109268
25,1.34013478457928,0.975838796363537,1,0.887977749109268
34,1.34013478457928,0.859826507978079,1,0.887977749109268
43,1.34013478457928,0.966288586806826,1,0.887977749109268
47,1.34013478457928,0.936918448134805,1,0.887977749109268
58,1.34013478457928,0.927150702003842,1,0.887977749109268
61,1.34013478457928,0.93604277032966,1,0.887977749109268
83,1.34013478457928,0.899145945245745,1,0.887977749109268
85,1.34013478457928,0.217907216718049,1,0.887977749109268
115,1.34013478457928,0.944828662237497,1,0.887977749109268
147,1.34013478457928,0.709255039341334,1,0.887977749109268
166,1.34013478457928,0.865207026615315,1,0.887977749109268
173,1.34013478457928,0.859855043768971,1,0.887977749109268
174,1.34013478457928,0.813683268437225,1,0.887977749109268
25,1.35822106599808,0.974463706630432,1,0.887977749109268
34,1.35822106599808,0.852434735428492,1,0.887977749109268
43,1.35822106599808,0.964798668952186,1,0.887977749109268
47,1.35822106599808,0.933595474413469,1,0.887977749109268
58,1.35822106599808,0.923096804384138,1,0.887977749109268
61,1.35822106599808,0.932629297399009,1,0.887977749109268
83,1.35822106599808,0.894883037997027,1,0.887977749109268
85,1.35822106599808,0.199811795938187,1,0.887977749109268
115,1.35822106599808,0.941741069739735,1,0.887977749109268
147,1.35822106599808,0.699956382061232,1,0.887977749109268
166,1.35822106599808,0.8588319997199,1,0.887977749109268
173,1.35822106599808,0.852210723466779,1,0.887977749109268
174,1.35822106599808,0.80380232264058,1,0.887977749109268
25,1.37630734741688,0.97337130851149,1,0.887977749109268
34,1.37630734741688,0.84487876246738,1,0.887977749109268
43,1.37630734741688,0.963539898676909,1,0.887977749109268
47,1.37630734741688,0.930190047403203,1,0.887977749109268
58,1.37630734741688,0.918879317384711,1,0.887977749109268
61,1.37630734741688,0.929665965767061,1,0.887977749109268
83,1.37630734741688,0.890967085759568,1,0.887977749109268
85,1.37630734741688,0.182762249827634,1,0.887977749109268
115,1.37630734741688,0.938756679249646,1,0.887977749109268
147,1.37630734741688,0.690849048556623,1,0.887977749109268
166,1.37630734741688,0.852371236472913,1,0.887977749109268
173,1.37630734741688,0.844640873582943,1,0.887977749109268
174,1.37630734741688,0.793090958586444,1,0.887977749109268
25,1.39439362883568,0.973121510440878,1,0.887977749109268
34,1.39439362883568,0.837157061502205,1,0.887977749109268
43,1.39439362883568,0.962024232035281,1,0.887977749109268
47,1.39439362883568,0.9266998379473,1,0.887977749109268
58,1.39439362883568,0.914615152838023,1,0.887977749109268
61,1.39439362883568,0.926706417188753,1,0.887977749109268
83,1.39439362883568,0.887379997334725,1,0.887977749109268
85,1.39439362883568,0.165492115689964,1,0.887977749109268
115,1.39439362883568,0.935699173749455,1,0.887977749109268
147,1.39439362883568,0.681929044585333,1,0.887977749109268
166,1.39439362883568,0.845824614211123,1,0.887977749109268
173,1.39439362883568,0.836902531193951,1,0.887977749109268
174,1.39439362883568,0.782030264478172,1,0.887977749109268
25,1.41247991025448,0.972115322347756,1,0.887977749109268
34,1.41247991025448,0.829268335954075,1,0.887977749109268
43,1.41247991025448,0.96059359782081,1,0.887977749109268
47,1.41247991025448,0.922955147319465,1,0.887977749109268
58,1.41247991025448,0.91024394324127,1,0.887977749109268
61,1.41247991025448,0.923658646515922,1,0.887977749109268
83,1.41247991025448,0.883030492669767,1,0.887977749109268
85,1.41247991025448,0.150844739411148,1,0.887977749109268
115,1.41247991025448,0.932566514977719,1,0.887977749109268
147,1.41247991025448,0.673191916049721,1,0.887977749109268
166,1.41247991025448,0.839091171441897,1,0.887977749109268
173,1.41247991025448,0.828994865372639,1,0.887977749109268
174,1.41247991025448,0.771464376977295,1,0.887977749109268
25,1.43056619167328,1,1,0.887977749109268
34,1.43056619167328,1,1,0.887977749109268
43,1.43056619167328,1,1,0.887977749109268
47,1.43056619167328,1,1,0.887977749109268
58,1.43056619167328,1,1,0.887977749109268
61,1.43056619167328,1,1,0.887977749109268
83,1.43056619167328,1,1,0.887977749109268
85,1.43056619167328,1,1,0.887977749109268
115,1.43056619167328,1,1,0.887977749109268
147,1.43056619167328,1,1,0.887977749109268
166,1.43056619167328,1,1,0.887977749109268
173,1.43056619167328,1,1,0.887977749109268
174,1.43056619167328,1,1,0.887977749109268
7,0.406175843377908,0.995470794795243,2,0.370852038264275
11,0.406175843377908,0.989994487933332,2,0.370852038264275
16,0.406175843377908,0.999420308903797,2,0.370852038264275
19,0.406175843377908,0.999546617791341,2,0.370852038264275
20,0.406175843377908,0.437184183688965,2,0.370852038264275
31,0.406175843377908,0.990092881118681,2,0.370852038264275
32,0.406175843377908,0.995138849629991,2,0.370852038264275
38,0.406175843377908,0.996563548882471,2,0.370852038264275
56,0.406175843377908,0.950720624740654,2,0.370852038264275
57,0.406175843377908,0.995617826682165,2,0.370852038264275
60,0.406175843377908,0.994318706078939,2,0.370852038264275
67,0.406175843377908,0.99667256381402,2,0.370852038264275
68,0.406175843377908,0.99967855798311,2,0.370852038264275
70,0.406175843377908,0.997103667116867,2,0.370852038264275
73,0.406175843377908,0.999490521085025,2,0.370852038264275
79,0.406175843377908,0.998050908730846,2,0.370852038264275
93,0.406175843377908,0.914672215777954,2,0.370852038264275
98,0.406175843377908,0.99950125297166,2,0.370852038264275
102,0.406175843377908,0.996511735281053,2,0.370852038264275
112,0.406175843377908,0.964743974972595,2,0.370852038264275
114,0.406175843377908,0.989762482740278,2,0.370852038264275
120,0.406175843377908,0.880725830444734,2,0.370852038264275
127,0.406175843377908,0.998638794592209,2,0.370852038264275
141,0.406175843377908,0.9964310132697,2,0.370852038264275
146,0.406175843377908,0.998548068707308,2,0.370852038264275
148,0.406175843377908,0.987883819221102,2,0.370852038264275
153,0.406175843377908,0.999216706649366,2,0.370852038264275
159,0.406175843377908,0.964874975244069,2,0.370852038264275
168,0.406175843377908,0.999360056794883,2,0.370852038264275
177,0.406175843377908,0.991828928527261,2,0.370852038264275
185,0.406175843377908,0.979745904715692,2,0.370852038264275
194,0.406175843377908,0.991398855090237,2,0.370852038264275
199,0.406175843377908,0.972130090305722,2,0.370852038264275
204,0.406175843377908,0.986864469583431,2,0.370852038264275
205,0.406175843377908,0.967235750428641,2,0.370852038264275
209,0.406175843377908,0.998910977917179,2,0.370852038264275
225,0.406175843377908,0.999321418626151,2,0.370852038264275
238,0.406175843377908,0.998229240637025,2,0.370852038264275
245,0.406175843377908,0.999321376845812,2,0.370852038264275
246,0.406175843377908,0.986133292093855,2,0.370852038264275
249,0.406175843377908,0.995824456679448,2,0.370852038264275
259,0.406175843377908,0.939157370170499,2,0.370852038264275
272,0.406175843377908,0.999583010709917,2,0.370852038264275
273,0.406175843377908,0.967013606124702,2,0.370852038264275
282,0.406175843377908,0.998238794593184,2,0.370852038264275
296,0.406175843377908,0.998792761387569,2,0.370852038264275
299,0.406175843377908,0.985966211217151,2,0.370852038264275
302,0.406175843377908,0.999043304770468,2,0.370852038264275
305,0.406175843377908,0.993877898945854,2,0.370852038264275
7,0.441499648491542,0.990859302735254,2,0.370852038264275
11,0.441499648491542,0.977964794725718,2,0.370852038264275
16,0.441499648491542,0.998931371723863,2,0.370852038264275
19,0.441499648491542,0.999013865636242,2,0.370852038264275
20,0.441499648491542,0.194242055072491,2,0.370852038264275
31,0.441499648491542,0.978797731689418,2,0.370852038264275
32,0.441499648491542,0.989110225302151,2,0.370852038264275
38,0.441499648491542,0.993612352494537,2,0.370852038264275
56,0.441499648491542,0.891501176959596,2,0.370852038264275
57,0.441499648491542,0.98930451143753,2,0.370852038264275
60,0.441499648491542,0.988075026422557,2,0.370852038264275
67,0.441499648491542,0.99320486498581,2,0.370852038264275
68,0.441499648491542,0.999318041909839,2,0.370852038264275
70,0.441499648491542,0.993951850848959,2,0.370852038264275
73,0.441499648491542,0.998971036516244,2,0.370852038264275
79,0.441499648491542,0.9959721374538,2,0.370852038264275
93,0.441499648491542,0.914671215777954,2,0.370852038264275
98,0.441499648491542,0.999012305303905,2,0.370852038264275
102,0.441499648491542,0.993159069420328,2,0.370852038264275
112,0.441499648491542,0.930143652345799,2,0.370852038264275
114,0.441499648491542,0.979323987807044,2,0.370852038264275
120,0.441499648491542,0.753467173942441,2,0.370852038264275
127,0.441499648491542,0.997193197433597,2,0.370852038264275
141,0.441499648491542,0.992358241520942,2,0.370852038264275
146,0.441499648491542,0.997103347569597,2,0.370852038264275
148,0.441499648491542,0.97469299142795,2,0.370852038264275
153,0.441499648491542,0.998500570463372,2,0.370852038264275
159,0.441499648491542,0.921553130368541,2,0.370852038264275
168,0.441499648491542,0.998848522183008,2,0.370852038264275
177,0.441499648491542,0.982940952107772,2,0.370852038264275
185,0.441499648491542,0.954270288674219,2,0.370852038264275
194,0.441499648491542,0.981915045324685,2,0.370852038264275
199,0.441499648491542,0.939424915414396,2,0.370852038264275
204,0.441499648491542,0.971567654675089,2,0.370852038264275
205,0.441499648491542,0.927445749754167,2,0.370852038264275
209,0.441499648491542,0.997823931780572,2,0.370852038264275
225,0.441499648491542,0.998646747912596,2,0.370852038264275
238,0.441499648491542,0.996449429153753,2,0.370852038264275
245,0.441499648491542,0.998595737267939,2,0.370852038264275
246,0.441499648491542,0.969632213158464,2,0.370852038264275
249,0.441499648491542,0.991337395674971,2,0.370852038264275
259,0.441499648491542,0.87791887838347,2,0.370852038264275
272,0.441499648491542,0.999186146083677,2,0.370852038264275
273,0.441499648491542,0.932876133724264,2,0.370852038264275
282,0.441499648491542,0.996331022563955,2,0.370852038264275
296,0.441499648491542,0.997437311310059,2,0.370852038264275
299,0.441499648491542,0.970569366062287,2,0.370852038264275
302,0.441499648491542,0.997979778337721,2,0.370852038264275
305,0.441499648491542,0.987992199951122,2,0.370852038264275
7,0.476823453605175,0.986109485652118,2,0.370852038264275
11,0.476823453605175,0.965474054701817,2,0.370852038264275
16,0.476823453605175,0.998394163263108,2,0.370852038264275
19,0.476823453605175,0.998500506795972,2,0.370852038264275
20,0.476823453605175,0.0790905970931557,2,0.370852038264275
31,0.476823453605175,0.967062198729299,2,0.370852038264275
32,0.476823453605175,0.98335698432422,2,0.370852038264275
38,0.476823453605175,0.989865876350484,2,0.370852038264275
56,0.476823453605175,0.820660372120945,2,0.370852038264275
57,0.476823453605175,0.983231858093985,2,0.370852038264275
60,0.476823453605175,0.980897603872958,2,0.370852038264275
67,0.476823453605175,0.989343012144986,2,0.370852038264275
68,0.476823453605175,0.998962244728925,2,0.370852038264275
70,0.476823453605175,0.990629858333833,2,0.370852038264275
73,0.476823453605175,0.998464430211802,2,0.370852038264275
79,0.476823453605175,0.99372563445096,2,0.370852038264275
93,0.476823453605175,0.911169331592044,2,0.370852038264275
98,0.476823453605175,0.998455132042665,2,0.370852038264275
102,0.476823453605175,0.989520567978059,2,0.370852038264275
112,0.476823453605175,0.887842932121823,2,0.370852038264275
114,0.476823453605175,0.968117276721243,2,0.370852038264275
120,0.476823453605175,0.62860254401812,2,0.370852038264275
127,0.476823453605175,0.995648134786081,2,0.370852038264275
141,0.476823453605175,0.987679001049927,2,0.370852038264275
146,0.476823453605175,0.995478324793776,2,0.370852038264275
148,0.476823453605175,0.962341759447554,2,0.370852038264275
153,0.476823453605175,0.997728276289928,2,0.370852038264275
159,0.476823453605175,0.874568884938546,2,0.370852038264275
168,0.476823453605175,0.998180667856679,2,0.370852038264275
177,0.476823453605175,0.973259765880812,2,0.370852038264275
185,0.476823453605175,0.92403513453835,2,0.370852038264275
194,0.476823453605175,0.971126193243613,2,0.370852038264275
199,0.476823453605175,0.901822114048706,2,0.370852038264275
204,0.476823453605175,0.955236677968747,2,0.370852038264275
205,0.476823453605175,0.88742300398601,2,0.370852038264275
209,0.476823453605175,0.996735056464706,2,0.370852038264275
225,0.476823453605175,0.998013284808407,2,0.370852038264275
238,0.476823453605175,0.994649953863603,2,0.370852038264275
245,0.476823453605175,0.99781351790511,2,0.370852038264275
246,0.476823453605175,0.9513188735759,2,0.370852038264275
249,0.476823453605175,0.986496418018749,2,0.370852038264275
259,0.476823453605175,0.815352364021631,2,0.370852038264275
272,0.476823453605175,0.998727092279563,2,0.370852038264275
273,0.476823453605175,0.896494500919582,2,0.370852038264275
282,0.476823453605175,0.99429640192648,2,0.370852038264275
296,0.476823453605175,0.995914979273085,2,0.370852038264275
299,0.476823453605175,0.953798509893287,2,0.370852038264275
302,0.476823453605175,0.996866171170749,2,0.370852038264275
305,0.476823453605175,0.981328990918691,2,0.370852038264275
7,0.512147258718809,0.980728063256642,2,0.370852038264275
11,0.512147258718809,0.953408634993749,2,0.370852038264275
16,0.512147258718809,0.997717936554783,2,0.370852038264275
19,0.512147258718809,0.99801795519939,2,0.370852038264275
20,0.512147258718809,0.0455368641543792,2,0.370852038264275
31,0.512147258718809,0.954420287384493,2,0.370852038264275
32,0.512147258718809,0.977557599620591,2,0.370852038264275
38,0.512147258718809,0.987213399019646,2,0.370852038264275
56,0.512147258718809,0.742037455137792,2,0.370852038264275
57,0.512147258718809,0.976756359047737,2,0.370852038264275
60,0.512147258718809,0.973576112828894,2,0.370852038264275
67,0.512147258718809,0.985423974946245,2,0.370852038264275
68,0.512147258718809,0.998635041217671,2,0.370852038264275
70,0.512147258718809,0.986936878652498,2,0.370852038264275
73,0.512147258718809,0.997923148382391,2,0.370852038264275
79,0.512147258718809,0.991277620759111,2,0.370852038264275
93,0.512147258718809,0.907674598434144,2,0.370852038264275
98,0.512147258718809,0.997968722140166,2,0.370852038264275
102,0.512147258718809,0.986232508568281,2,0.370852038264275
112,0.512147258718809,0.845438594142818,2,0.370852038264275
114,0.512147258718809,0.957139822643506,2,0.370852038264275
120,0.512147258718809,0.510934417749293,2,0.370852038264275
127,0.512147258718809,0.993917865986757,2,0.370852038264275
141,0.512147258718809,0.982407726138474,2,0.370852038264275
146,0.512147258718809,0.993730551921854,2,0.370852038264275
148,0.512147258718809,0.947763480501134,2,0.370852038264275
153,0.512147258718809,0.99700857137535,2,0.370852038264275
159,0.512147258718809,0.823062273646126,2,0.370852038264275
168,0.512147258718809,0.997694782288706,2,0.370852038264275
177,0.512147258718809,0.962708743715644,2,0.370852038264275
185,0.512147258718809,0.890298225479725,2,0.370852038264275
194,0.512147258718809,0.959763624018487,2,0.370852038264275
199,0.512147258718809,0.859515823595511,2,0.370852038264275
204,0.512147258718809,0.935969354125576,2,0.370852038264275
205,0.512147258718809,0.84270825218915,2,0.370852038264275
209,0.512147258718809,0.995640759269537,2,0.370852038264275
225,0.512147258718809,0.997232245539697,2,0.370852038264275
238,0.512147258718809,0.992880989433326,2,0.370852038264275
245,0.512147258718809,0.996964486480219,2,0.370852038264275
246,0.512147258718809,0.929586461809067,2,0.370852038264275
249,0.512147258718809,0.981292281349114,2,0.370852038264275
259,0.512147258718809,0.750575692927102,2,0.370852038264275
272,0.512147258718809,0.998322278016456,2,0.370852038264275
273,0.512147258718809,0.858025839576544,2,0.370852038264275
282,0.512147258718809,0.992001899769961,2,0.370852038264275
296,0.512147258718809,0.994180458772109,2,0.370852038264275
299,0.512147258718809,0.935722415336529,2,0.370852038264275
302,0.512147258718809,0.995811742023667,2,0.370852038264275
305,0.512147258718809,0.974816032634201,2,0.370852038264275
7,0.547471063832442,0.975198579324703,2,0.370852038264275
11,0.547471063832442,0.937235647580101,2,0.370852038264275
16,0.547471063832442,0.997252373928761,2,0.370852038264275
19,0.547471063832442,0.997628561711827,2,0.370852038264275
20,0.547471063832442,0.0166796334480576,2,0.370852038264275
31,0.547471063832442,0.940470320510196,2,0.370852038264275
32,0.547471063832442,0.971650237103363,2,0.370852038264275
38,0.547471063832442,0.98414620381625,2,0.370852038264275
56,0.547471063832442,0.662345705720512,2,0.370852038264275
57,0.547471063832442,0.970214807694396,2,0.370852038264275
60,0.547471063832442,0.965648485140705,2,0.370852038264275
67,0.547471063832442,0.980895964773788,2,0.370852038264275
68,0.547471063832442,0.998247033673412,2,0.370852038264275
70,0.547471063832442,0.983136915108881,2,0.370852038264275
73,0.547471063832442,0.997334306633676,2,0.370852038264275
79,0.547471063832442,0.98877977424108,2,0.370852038264275
93,0.547471063832442,0.881104166844501,2,0.370852038264275
98,0.547471063832442,0.997384997109681,2,0.370852038264275
102,0.547471063832442,0.982612457793536,2,0.370852038264275
112,0.547471063832442,0.801180193217344,2,0.370852038264275
114,0.547471063832442,0.945082241475066,2,0.370852038264275
120,0.547471063832442,0.404764126710917,2,0.370852038264275
127,0.547471063832442,0.992127290144208,2,0.370852038264275
141,0.547471063832442,0.976137784145407,2,0.370852038264275
146,0.547471063832442,0.991847693132743,2,0.370852038264275
148,0.547471063832442,0.933938514094892,2,0.370852038264275
153,0.547471063832442,0.996315740953754,2,0.370852038264275
159,0.547471063832442,0.765352758035437,2,0.370852038264275
168,0.547471063832442,0.997141399138076,2,0.370852038264275
177,0.547471063832442,0.951214725714527,2,0.370852038264275
185,0.547471063832442,0.847666641508252,2,0.370852038264275
194,0.547471063832442,0.947186563891214,2,0.370852038264275
199,0.547471063832442,0.813495237584438,2,0.370852038264275
204,0.547471063832442,0.915066294788959,2,0.370852038264275
205,0.547471063832442,0.798300923937231,2,0.370852038264275
209,0.547471063832442,0.994537603362415,2,0.370852038264275
225,0.547471063832442,0.996497636034938,2,0.370852038264275
238,0.547471063832442,0.991014754623013,2,0.370852038264275
245,0.547471063832442,0.996037629955651,2,0.370852038264275
246,0.547471063832442,0.904962713016002,2,0.370852038264275
249,0.547471063832442,0.975601222818365,2,0.370852038264275
259,0.547471063832442,0.689321941995966,2,0.370852038264275
272,0.547471063832442,0.99785371544091,2,0.370852038264275
273,0.547471063832442,0.817753240033752,2,0.370852038264275
282,0.547471063832442,0.989585834578789,2,0.370852038264275
296,0.547471063832442,0.992204628813361,2,0.370852038264275
299,0.547471063832442,0.916508698229829,2,0.370852038264275
302,0.547471063832442,0.994711014322295,2,0.370852038264275
305,0.547471063832442,0.968242856152715,2,0.370852038264275
7,0.582794868946075,0.969567801224858,2,0.370852038264275
11,0.582794868946075,0.921104894322772,2,0.370852038264275
16,0.582794868946075,0.996608556920865,2,0.370852038264275
19,0.582794868946075,0.997148407296666,2,0.370852038264275
20,0.582794868946075,0.0090638563864035,2,0.370852038264275
31,0.582794868946075,0.925281616844386,2,0.370852038264275
32,0.582794868946075,0.965642022036313,2,0.370852038264275
38,0.582794868946075,0.981827617614843,2,0.370852038264275
56,0.582794868946075,0.584665484643445,2,0.370852038264275
57,0.582794868946075,0.963405799239422,2,0.370852038264275
60,0.582794868946075,0.957204883999314,2,0.370852038264275
67,0.582794868946075,0.976009850781034,2,0.370852038264275
68,0.582794868946075,0.997956476929109,2,0.370852038264275
70,0.582794868946075,0.979021559887492,2,0.370852038264275
73,0.582794868946075,0.996760386946708,2,0.370852038264275
79,0.582794868946075,0.986057420251095,2,0.370852038264275
93,0.582794868946075,0.846872776761594,2,0.370852038264275
98,0.582794868946075,0.996814705005959,2,0.370852038264275
102,0.582794868946075,0.979030318046207,2,0.370852038264275
112,0.582794868946075,0.753847862801549,2,0.370852038264275
114,0.582794868946075,0.93349445025178,2,0.370852038264275
120,0.582794868946075,0.314989522595362,2,0.370852038264275
127,0.582794868946075,0.990142003459526,2,0.370852038264275
141,0.582794868946075,0.968831467592195,2,0.370852038264275
146,0.582794868946075,0.989920719643518,2,0.370852038264275
148,0.582794868946075,0.917940731593148,2,0.370852038264275
153,0.582794868946075,0.995538276249626,2,0.370852038264275
159,0.582794868946075,0.708706363121538,2,0.370852038264275
168,0.582794868946075,0.996572357009729,2,0.370852038264275
177,0.582794868946075,0.938713541795828,2,0.370852038264275
185,0.582794868946075,0.801055533600689,2,0.370852038264275
194,0.582794868946075,0.933359427741051,2,0.370852038264275
199,0.582794868946075,0.764955564441502,2,0.370852038264275
204,0.582794868946075,0.891566335155177,2,0.370852038264275
205,0.582794868946075,0.751780898729183,2,0.370852038264275
209,0.582794868946075,0.993422263327954,2,0.370852038264275
225,0.582794868946075,0.995800885034658,2,0.370852038264275
238,0.582794868946075,0.989098578906382,2,0.370852038264275
245,0.582794868946075,0.995021065950471,2,0.370852038264275
246,0.582794868946075,0.876808151532331,2,0.370852038264275
249,0.582794868946075,0.969402687999419,2,0.370852038264275
259,0.582794868946075,0.629637748937906,2,0.370852038264275
272,0.582794868946075,0.997422986191933,2,0.370852038264275
273,0.582794868946075,0.774885166824938,2,0.370852038264275
282,0.582794868946075,0.986978465443617,2,0.370852038264275
296,0.582794868946075,0.989945560186863,2,0.370852038264275
299,0.582794868946075,0.896429948250483,2,0.370852038264275
302,0.582794868946075,0.993368016188327,2,0.370852038264275
305,0.582794868946075,0.961057130436471,2,0.370852038264275
7,0.618118674059709,0.963146215313669,2,0.370852038264275
11,0.618118674059709,0.904514304504656,2,0.370852038264275
16,0.618118674059709,0.995947787032273,2,0.370852038264275
19,0.618118674059709,0.996696987078358,2,0.370852038264275
20,0.618118674059709,0.00314887273087905,2,0.370852038264275
31,0.618118674059709,0.90795231834101,2,0.370852038264275
32,0.618118674059709,0.959000519426995,2,0.370852038264275
38,0.618118674059709,0.978280635284597,2,0.370852038264275
56,0.618118674059709,0.513291431291973,2,0.370852038264275
57,0.618118674059709,0.955613578977433,2,0.370852038264275
60,0.618118674059709,0.947904531969486,2,0.370852038264275
67,0.618118674059709,0.971326220573793,2,0.370852038264275
68,0.618118674059709,0.997618554530977,2,0.370852038264275
70,0.618118674059709,0.974656513293249,2,0.370852038264275
73,0.618118674059709,0.996160176513006,2,0.370852038264275
79,0.618118674059709,0.982967225755755,2,0.370852038264275
93,0.618118674059709,0.846853248451155,2,0.370852038264275
98,0.618118674059709,0.996361644357313,2,0.370852038264275
102,0.618118674059709,0.97553144427148,2,0.370852038264275
112,0.618118674059709,0.704565085672329,2,0.370852038264275
114,0.618118674059709,0.921558644275906,2,0.370852038264275
120,0.618118674059709,0.243654206621574,2,0.370852038264275
127,0.618118674059709,0.98790415183472,2,0.370852038264275
141,0.618118674059709,0.96030665613972,2,0.370852038264275
146,0.618118674059709,0.987770913886676,2,0.370852038264275
148,0.618118674059709,0.902807381195764,2,0.370852038264275
153,0.618118674059709,0.994738211780939,2,0.370852038264275
159,0.618118674059709,0.653370210645415,2,0.370852038264275
168,0.618118674059709,0.995996874878943,2,0.370852038264275
177,0.618118674059709,0.925157383575388,2,0.370852038264275
185,0.618118674059709,0.747751728202411,2,0.370852038264275
194,0.618118674059709,0.91816734036727,2,0.370852038264275
199,0.618118674059709,0.716219692183187,2,0.370852038264275
204,0.618118674059709,0.863965230947372,2,0.370852038264275
205,0.618118674059709,0.699645211968931,2,0.370852038264275
209,0.618118674059709,0.992291489774331,2,0.370852038264275
225,0.618118674059709,0.995017464061106,2,0.370852038264275
238,0.618118674059709,0.987122447323073,2,0.370852038264275
245,0.618118674059709,0.99390198365407,2,0.370852038264275
246,0.618118674059709,0.843741706302166,2,0.370852038264275
249,0.618118674059709,0.962637257794858,2,0.370852038264275
259,0.618118674059709,0.573267071594095,2,0.370852038264275
272,0.618118674059709,0.996981844085794,2,0.370852038264275
273,0.618118674059709,0.732359058238873,2,0.370852038264275
282,0.618118674059709,0.984128661480409,2,0.370852038264275
296,0.618118674059709,0.987355050451616,2,0.370852038264275
299,0.618118674059709,0.875846399535179,2,0.370852038264275
302,0.618118674059709,0.992105561774216,2,0.370852038264275
305,0.618118674059709,0.953003259979877,2,0.370852038264275
7,0.653442479173342,0.956786755895229,2,0.370852038264275
11,0.653442479173342,0.885620258015369,2,0.370852038264275
16,0.653442479173342,0.995388812563508,2,0.370852038264275
19,0.653442479173342,0.996225874228924,2,0.370852038264275
20,0.653442479173342,0.00163152425740964,2,0.370852038264275
31,0.653442479173342,0.890025333067007,2,0.370852038264275
32,0.653442479173342,0.952724233010347,2,0.370852038264275
38,0.653442479173342,0.975365864528022,2,0.370852038264275
56,0.653442479173342,0.449047220972584,2,0.370852038264275
57,0.653442479173342,0.94814964944794,2,0.370852038264275
60,0.653442479173342,0.937835589141307,2,0.370852038264275
67,0.653442479173342,0.965655074074891,2,0.370852038264275
68,0.653442479173342,0.997203433158318,2,0.370852038264275
70,0.653442479173342,0.969847645373176,2,0.370852038264275
73,0.653442479173342,0.995480321249732,2,0.370852038264275
79,0.653442479173342,0.979789453666027,2,0.370852038264275
93,0.653442479173342,0.817292300770312,2,0.370852038264275
98,0.653442479173342,0.995777723647267,2,0.370852038264275
102,0.653442479173342,0.971721321168274,2,0.370852038264275
112,0.653442479173342,0.652423239509715,2,0.370852038264275
114,0.653442479173342,0.908362405624155,2,0.370852038264275
120,0.653442479173342,0.189986232464727,2,0.370852038264275
127,0.653442479173342,0.98552386021255,2,0.370852038264275
141,0.653442479173342,0.950372576643152,2,0.370852038264275
146,0.653442479173342,0.985380623958397,2,0.370852038264275
148,0.653442479173342,0.887964232604298,2,0.370852038264275
153,0.653442479173342,0.993943573529362,2,0.370852038264275
159,0.653442479173342,0.601261423553247,2,0.370852038264275
168,0.653442479173342,0.995418095434888,2,0.370852038264275
177,0.653442479173342,0.910523665794686,2,0.370852038264275
185,0.653442479173342,0.688073830679219,2,0.370852038264275
194,0.653442479173342,0.901502537796483,2,0.370852038264275
199,0.653442479173342,0.66961273990117,2,0.370852038264275
204,0.653442479173342,0.83458059124211,2,0.370852038264275
205,0.653442479173342,0.651029368476877,2,0.370852038264275
209,0.653442479173342,0.991142080576684,2,0.370852038264275
225,0.653442479173342,0.994116008236942,2,0.370852038264275
238,0.653442479173342,0.985076173175148,2,0.370852038264275
245,0.653442479173342,0.992666623626169,2,0.370852038264275
246,0.653442479173342,0.80723607047616,2,0.370852038264275
249,0.653442479173342,0.955242924160421,2,0.370852038264275
259,0.653442479173342,0.518589895157842,2,0.370852038264275
272,0.653442479173342,0.996468110553898,2,0.370852038264275
273,0.653442479173342,0.689595538397622,2,0.370852038264275
282,0.653442479173342,0.981002713041327,2,0.370852038264275
296,0.653442479173342,0.984378574820211,2,0.370852038264275
299,0.653442479173342,0.855159310217154,2,0.370852038264275
302,0.653442479173342,0.990764390941033,2,0.370852038264275
305,0.653442479173342,0.945337789920436,2,0.370852038264275
7,0.688766284286976,0.950032560404471,2,0.370852038264275
11,0.688766284286976,0.863770474061865,2,0.370852038264275
16,0.688766284286976,0.994695537258472,2,0.370852038264275
19,0.688766284286976,0.995756359923285,2,0.370852038264275
20,0.688766284286976,0.000836513667049399,2,0.370852038264275
31,0.688766284286976,0.871681327626831,2,0.370852038264275
32,0.688766284286976,0.947833782207871,2,0.370852038264275
38,0.688766284286976,0.972479765025407,2,0.370852038264275
56,0.688766284286976,0.391256428277468,2,0.370852038264275
57,0.688766284286976,0.941301810244706,2,0.370852038264275
60,0.688766284286976,0.926953843921906,2,0.370852038264275
67,0.688766284286976,0.959295252192095,2,0.370852038264275
68,0.688766284286976,0.996822150419381,2,0.370852038264275
70,0.688766284286976,0.964804432469882,2,0.370852038264275
73,0.688766284286976,0.994795645816912,2,0.370852038264275
79,0.688766284286976,0.976324825797874,2,0.370852038264275
93,0.688766284286976,0.781157329662911,2,0.370852038264275
98,0.688766284286976,0.995181084433652,2,0.370852038264275
102,0.688766284286976,0.968044463217049,2,0.370852038264275
112,0.688766284286976,0.600956804727736,2,0.370852038264275
114,0.688766284286976,0.895696301203277,2,0.370852038264275
120,0.688766284286976,0.14920715460718,2,0.370852038264275
127,0.688766284286976,0.982951950143718,2,0.370852038264275
141,0.688766284286976,0.938742568406917,2,0.370852038264275
146,0.688766284286976,0.982827469388067,2,0.370852038264275
148,0.688766284286976,0.871622062044992,2,0.370852038264275
153,0.688766284286976,0.993236377883503,2,0.370852038264275
159,0.688766284286976,0.551903446495577,2,0.370852038264275
168,0.688766284286976,0.994834926643962,2,0.370852038264275
177,0.688766284286976,0.894824165475171,2,0.370852038264275
185,0.688766284286976,0.62071949402416,2,0.370852038264275
194,0.688766284286976,0.883373146171154,2,0.370852038264275
199,0.688766284286976,0.626991493560052,2,0.370852038264275
204,0.688766284286976,0.80235430435221,2,0.370852038264275
205,0.688766284286976,0.601000826883709,2,0.370852038264275
209,0.688766284286976,0.989970857363101,2,0.370852038264275
225,0.688766284286976,0.993263557390373,2,0.370852038264275
238,0.688766284286976,0.982949304398182,2,0.370852038264275
245,0.688766284286976,0.991300310122039,2,0.370852038264275
246,0.688766284286976,0.766397211073799,2,0.370852038264275
249,0.688766284286976,0.947157243837003,2,0.370852038264275
259,0.688766284286976,0.467248093175199,2,0.370852038264275
272,0.688766284286976,0.996007008708756,2,0.370852038264275
273,0.688766284286976,0.647235441722553,2,0.370852038264275
282,0.688766284286976,0.977535610764954,2,0.370852038264275
296,0.688766284286976,0.980955878801928,2,0.370852038264275
299,0.688766284286976,0.834742340122256,2,0.370852038264275
302,0.688766284286976,0.989095419245324,2,0.370852038264275
305,0.688766284286976,0.936860549061806,2,0.370852038264275
7,0.724090089400609,0.943136321258708,2,0.370852038264275
11,0.724090089400609,0.841969166150304,2,0.370852038264275
16,0.724090089400609,0.994072308837289,2,0.370852038264275
19,0.724090089400609,0.995286915995129,2,0.370852038264275
20,0.724090089400609,0.00042583153560305,2,0.370852038264275
31,0.724090089400609,0.851013591821871,2,0.370852038264275
32,0.724090089400609,0.941335737040622,2,0.370852038264275
38,0.724090089400609,0.969613513524315,2,0.370852038264275
56,0.724090089400609,0.339816453000958,2,0.370852038264275
57,0.724090089400609,0.933159051739735,2,0.370852038264275
60,0.724090089400609,0.915226057362097,2,0.370852038264275
67,0.724090089400609,0.952614656864983,2,0.370852038264275
68,0.724090089400609,0.996459997966116,2,0.370852038264275
70,0.724090089400609,0.959380252244143,2,0.370852038264275
73,0.724090089400609,0.994090036983901,2,0.370852038264275
79,0.724090089400609,0.972351772173598,2,0.370852038264275
93,0.724090089400609,0.74260953629752,2,0.370852038264275
98,0.724090089400609,0.994542899761089,2,0.370852038264275
102,0.724090089400609,0.964271994662266,2,0.370852038264275
112,0.724090089400609,0.551321998853916,2,0.370852038264275
114,0.724090089400609,0.882674419991614,2,0.370852038264275
120,0.724090089400609,0.118142561396568,2,0.370852038264275
127,0.724090089400609,0.98008611861116,2,0.370852038264275
141,0.724090089400609,0.92547891771727,2,0.370852038264275
146,0.724090089400609,0.980033998721282,2,0.370852038264275
148,0.724090089400609,0.854669295920086,2,0.370852038264275
153,0.724090089400609,0.992423783887921,2,0.370852038264275
159,0.724090089400609,0.509388910568942,2,0.370852038264275
168,0.724090089400609,0.994391392005324,2,0.370852038264275
177,0.724090089400609,0.878112044897649,2,0.370852038264275
185,0.724090089400609,0.551650360290147,2,0.370852038264275
194,0.724090089400609,0.863519027757837,2,0.370852038264275
199,0.724090089400609,0.589252754608306,2,0.370852038264275
204,0.724090089400609,0.767056496657937,2,0.370852038264275
205,0.724090089400609,0.550550946563374,2,0.370852038264275
209,0.724090089400609,0.988774646291524,2,0.370852038264275
225,0.724090089400609,0.992460177900371,2,0.370852038264275
238,0.724090089400609,0.98073104252223,2,0.370852038264275
245,0.724090089400609,0.989787552922867,2,0.370852038264275
246,0.724090089400609,0.721316896194231,2,0.370852038264275
249,0.724090089400609,0.938320725068375,2,0.370852038264275
259,0.724090089400609,0.419624383243865,2,0.370852038264275
272,0.724090089400609,0.995523141511169,2,0.370852038264275
273,0.724090089400609,0.60589422328867,2,0.370852038264275
282,0.724090089400609,0.973735684804798,2,0.370852038264275
296,0.724090089400609,0.977022576169227,2,0.370852038264275
299,0.724090089400609,0.814875084386502,2,0.370852038264275
302,0.724090089400609,0.987556637883141,2,0.370852038264275
305,0.724090089400609,0.928360386263758,2,0.370852038264275
7,0.759413894514243,0.935509200699761,2,0.370852038264275
11,0.759413894514243,0.818874169543362,2,0.370852038264275
16,0.759413894514243,0.99333616510642,2,0.370852038264275
19,0.759413894514243,0.994844788645189,2,0.370852038264275
20,0.759413894514243,0.00013889841034409,2,0.370852038264275
31,0.759413894514243,0.827773598662418,2,0.370852038264275
32,0.759413894514243,0.934737849999189,2,0.370852038264275
38,0.759413894514243,0.967490304757888,2,0.370852038264275
56,0.759413894514243,0.293489897523156,2,0.370852038264275
57,0.759413894514243,0.924783843140718,2,0.370852038264275
60,0.759413894514243,0.902634595736195,2,0.370852038264275
67,0.759413894514243,0.946164081847172,2,0.370852038264275
68,0.759413894514243,0.9961437858544,2,0.370852038264275
70,0.759413894514243,0.953654134165444,2,0.370852038264275
73,0.759413894514243,0.993341632607342,2,0.370852038264275
79,0.759413894514243,0.968179917923238,2,0.370852038264275
93,0.759413894514243,0.741321763734895,2,0.370852038264275
98,0.759413894514243,0.994063643075079,2,0.370852038264275
102,0.759413894514243,0.960395189275606,2,0.370852038264275
112,0.759413894514243,0.49959239515791,2,0.370852038264275
114,0.759413894514243,0.869465576324944,2,0.370852038264275
120,0.759413894514243,0.0950606446251535,2,0.370852038264275
127,0.759413894514243,0.976933213419082,2,0.370852038264275
141,0.759413894514243,0.910417918573181,2,0.370852038264275
146,0.759413894514243,0.977005588337019,2,0.370852038264275
148,0.759413894514243,0.834018214291535,2,0.370852038264275
153,0.759413894514243,0.991597741746186,2,0.370852038264275
159,0.759413894514243,0.472248471985882,2,0.370852038264275
168,0.759413894514243,0.993802979050471,2,0.370852038264275
177,0.759413894514243,0.860483297273478,2,0.370852038264275
185,0.759413894514243,0.481915839042209,2,0.370852038264275
194,0.759413894514243,0.841565083245995,2,0.370852038264275
199,0.759413894514243,0.556301438572604,2,0.370852038264275
204,0.759413894514243,0.727632037894405,2,0.370852038264275
205,0.759413894514243,0.498680951190615,2,0.370852038264275
209,0.759413894514243,0.98755026262188,2,0.370852038264275
225,0.759413894514243,0.991534651916435,2,0.370852038264275
238,0.759413894514243,0.978410173211002,2,0.370852038264275
245,0.759413894514243,0.988112239911322,2,0.370852038264275
246,0.759413894514243,0.672029812675747,2,0.370852038264275
249,0.759413894514243,0.928681742102374,2,0.370852038264275
259,0.759413894514243,0.375942497826111,2,0.370852038264275
272,0.759413894514243,0.995000605958072,2,0.370852038264275
273,0.759413894514243,0.56611089420473,2,0.370852038264275
282,0.759413894514243,0.969529401153914,2,0.370852038264275
296,0.759413894514243,0.972522833634909,2,0.370852038264275
299,0.759413894514243,0.795709261667545,2,0.370852038264275
302,0.759413894514243,0.985913469041296,2,0.370852038264275
305,0.759413894514243,0.919419332174654,2,0.370852038264275
7,0.794737699627876,0.926839904379588,2,0.370852038264275
11,0.794737699627876,0.79563720854746,2,0.370852038264275
16,0.794737699627876,0.992547257358573,2,0.370852038264275
19,0.794737699627876,0.994343348439448,2,0.370852038264275
20,0.794737699627876,6.64180051537233e-05,2,0.370852038264275
31,0.794737699627876,0.804476418066649,2,0.370852038264275
32,0.794737699627876,0.926273997645024,2,0.370852038264275
38,0.794737699627876,0.964661337284264,2,0.370852038264275
56,0.794737699627876,0.252758664314098,2,0.370852038264275
57,0.794737699627876,0.915329011830692,2,0.370852038264275
60,0.794737699627876,0.889096864916103,2,0.370852038264275
67,0.794737699627876,0.938176518324986,2,0.370852038264275
68,0.794737699627876,0.995764994909914,2,0.370852038264275
70,0.794737699627876,0.947371742253035,2,0.370852038264275
73,0.794737699627876,0.992594252166161,2,0.370852038264275
79,0.794737699627876,0.963610541556499,2,0.370852038264275
93,0.794737699627876,0.732388151825153,2,0.370852038264275
98,0.794737699627876,0.993387835268888,2,0.370852038264275
102,0.794737699627876,0.955993895514123,2,0.370852038264275
112,0.794737699627876,0.449551778549536,2,0.370852038264275
114,0.794737699627876,0.855475874870554,2,0.370852038264275
120,0.794737699627876,0.0772433763792143,2,0.370852038264275
127,0.794737699627876,0.973375473300087,2,0.370852038264275
141,0.794737699627876,0.893787908999418,2,0.370852038264275
146,0.794737699627876,0.973521023917861,2,0.370852038264275
148,0.794737699627876,0.815856827191378,2,0.370852038264275
153,0.794737699627876,0.990753465702359,2,0.370852038264275
159,0.794737699627876,0.440139314904797,2,0.370852038264275
168,0.794737699627876,0.992959596870483,2,0.370852038264275
177,0.794737699627876,0.842069273517928,2,0.370852038264275
185,0.794737699627876,0.413769663575571,2,0.370852038264275
194,0.794737699627876,0.818427141012418,2,0.370852038264275
199,0.794737699627876,0.527390772168576,2,0.370852038264275
204,0.794737699627876,0.687141059292803,2,0.370852038264275
205,0.794737699627876,0.451617042295638,2,0.370852038264275
209,0.794737699627876,0.986294498597435,2,0.370852038264275
225,0.794737699627876,0.990565087724819,2,0.370852038264275
238,0.794737699627876,0.975975009062931,2,0.370852038264275
245,0.794737699627876,0.98625794359925,2,0.370852038264275
246,0.794737699627876,0.619867386280135,2,0.370852038264275
249,0.794737699627876,0.918203157558899,2,0.370852038264275
259,0.794737699627876,0.33698779425506,2,0.370852038264275
272,0.794737699627876,0.994410097855837,2,0.370852038264275
273,0.794737699627876,0.52830272513074,2,0.370852038264275
282,0.794737699627876,0.964744207072345,2,0.370852038264275
296,0.794737699627876,0.967375952400536,2,0.370852038264275
299,0.794737699627876,0.777282134348962,2,0.370852038264275
302,0.794737699627876,0.984155988178101,2,0.370852038264275
305,0.794737699627876,0.909121121123156,2,0.370852038264275
7,0.83006150474151,0.918167868738144,2,0.370852038264275
11,0.83006150474151,0.771362981848885,2,0.370852038264275
16,0.83006150474151,0.991832009424316,2,0.370852038264275
19,0.83006150474151,0.993865490522796,2,0.370852038264275
20,0.83006150474151,3.07211798108442e-05,2,0.370852038264275
31,0.83006150474151,0.780066461419093,2,0.370852038264275
32,0.83006150474151,0.919209455315677,2,0.370852038264275
38,0.83006150474151,0.961825854529865,2,0.370852038264275
56,0.83006150474151,0.217131305456755,2,0.370852038264275
57,0.83006150474151,0.905919091126545,2,0.370852038264275
60,0.83006150474151,0.874809171199759,2,0.370852038264275
67,0.83006150474151,0.929715795824757,2,0.370852038264275
68,0.83006150474151,0.99528609588258,2,0.370852038264275
70,0.83006150474151,0.940606647723267,2,0.370852038264275
73,0.83006150474151,0.991684151667852,2,0.370852038264275
79,0.83006150474151,0.958597010182609,2,0.370852038264275
93,0.83006150474151,0.71223825969922,2,0.370852038264275
98,0.83006150474151,0.99273442595037,2,0.370852038264275
102,0.83006150474151,0.951459976399144,2,0.370852038264275
112,0.83006150474151,0.402888948163578,2,0.370852038264275
114,0.83006150474151,0.841387692429433,2,0.370852038264275
120,0.83006150474151,0.0626279692113534,2,0.370852038264275
127,0.83006150474151,0.969543700018852,2,0.370852038264275
141,0.83006150474151,0.875518041283712,2,0.370852038264275
146,0.83006150474151,0.96979480513401,2,0.370852038264275
148,0.83006150474151,0.797218638382586,2,0.370852038264275
153,0.83006150474151,0.989895657509175,2,0.370852038264275
159,0.83006150474151,0.412720814664558,2,0.370852038264275
168,0.83006150474151,0.992371599668133,2,0.370852038264275
177,0.83006150474151,0.823019699288717,2,0.370852038264275
185,0.83006150474151,0.348777859268481,2,0.370852038264275
194,0.83006150474151,0.793774777492782,2,0.370852038264275
199,0.83006150474151,0.501528940236654,2,0.370852038264275
204,0.83006150474151,0.644787241211728,2,0.370852038264275
205,0.83006150474151,0.406907023510033,2,0.370852038264275
209,0.83006150474151,0.985004114499914,2,0.370852038264275
225,0.83006150474151,0.989547649318079,2,0.370852038264275
238,0.83006150474151,0.973491750487045,2,0.370852038264275
245,0.83006150474151,0.984208365930717,2,0.370852038264275
246,0.83006150474151,0.565515656151497,2,0.370852038264275
249,0.83006150474151,0.906916523731152,2,0.370852038264275
259,0.83006150474151,0.299299005189409,2,0.370852038264275
272,0.83006150474151,0.993868721076145,2,0.370852038264275
273,0.83006150474151,0.492732369790778,2,0.370852038264275
282,0.83006150474151,0.959557514748218,2,0.370852038264275
296,0.83006150474151,0.961539734755544,2,0.370852038264275
299,0.83006150474151,0.759562920359431,2,0.370852038264275
302,0.83006150474151,0.982335677984022,2,0.370852038264275
305,0.83006150474151,0.899212480443939,2,0.370852038264275
7,0.865385309855143,0.908385200888561,2,0.370852038264275
11,0.865385309855143,0.745715605287297,2,0.370852038264275
16,0.865385309855143,0.991011373196331,2,0.370852038264275
19,0.865385309855143,0.993492512123508,2,0.370852038264275
20,0.865385309855143,1.35915011325594e-05,2,0.370852038264275
31,0.865385309855143,0.754709568835746,2,0.370852038264275
32,0.865385309855143,0.911967733995599,2,0.370852038264275
38,0.865385309855143,0.958239284149781,2,0.370852038264275
56,0.865385309855143,0.186227417385633,2,0.370852038264275
57,0.865385309855143,0.896062963527105,2,0.370852038264275
60,0.865385309855143,0.859745425452748,2,0.370852038264275
67,0.865385309855143,0.920575944979753,2,0.370852038264275
68,0.865385309855143,0.99487986106646,2,0.370852038264275
70,0.865385309855143,0.933323265921564,2,0.370852038264275
73,0.865385309855143,0.990771919803193,2,0.370852038264275
79,0.865385309855143,0.953088315357353,2,0.370852038264275
93,0.865385309855143,0.681688376626097,2,0.370852038264275
98,0.865385309855143,0.992048041543667,2,0.370852038264275
102,0.865385309855143,0.947185898254059,2,0.370852038264275
112,0.865385309855143,0.359243436847259,2,0.370852038264275
114,0.865385309855143,0.82697312784019,2,0.370852038264275
120,0.865385309855143,0.0508190201984435,2,0.370852038264275
127,0.865385309855143,0.965320634692457,2,0.370852038264275
141,0.865385309855143,0.856195691501029,2,0.370852038264275
146,0.865385309855143,0.965674262621545,2,0.370852038264275
148,0.865385309855143,0.778175999151697,2,0.370852038264275
153,0.865385309855143,0.989019611885402,2,0.370852038264275
159,0.865385309855143,0.388091392333664,2,0.370852038264275
168,0.865385309855143,0.99174928661567,2,0.370852038264275
177,0.865385309855143,0.80348135104305,2,0.370852038264275
185,0.865385309855143,0.291692743301433,2,0.370852038264275
194,0.865385309855143,0.76779360248961,2,0.370852038264275
199,0.865385309855143,0.477821481652155,2,0.370852038264275
204,0.865385309855143,0.601485431776253,2,0.370852038264275
205,0.865385309855143,0.365069973851687,2,0.370852038264275
209,0.865385309855143,0.983675833103146,2,0.370852038264275
225,0.865385309855143,0.988478244861888,2,0.370852038264275
238,0.865385309855143,0.970794036959356,2,0.370852038264275
245,0.865385309855143,0.981947942282977,2,0.370852038264275
246,0.865385309855143,0.510251365648428,2,0.370852038264275
249,0.865385309855143,0.894748541031268,2,0.370852038264275
259,0.865385309855143,0.267485100752787,2,0.370852038264275
272,0.865385309855143,0.993306107232085,2,0.370852038264275
273,0.865385309855143,0.459507353207834,2,0.370852038264275
282,0.865385309855143,0.953796857436531,2,0.370852038264275
296,0.865385309855143,0.954980982241386,2,0.370852038264275
299,0.865385309855143,0.742500015275906,2,0.370852038264275
302,0.865385309855143,0.980080074263536,2,0.370852038264275
305,0.865385309855143,0.888429752570346,2,0.370852038264275
7,0.900709114968777,0.898556451480865,2,0.370852038264275
11,0.900709114968777,0.719799453622088,2,0.370852038264275
16,0.900709114968777,0.990156636008618,2,0.370852038264275
19,0.900709114968777,0.993022735461064,2,0.370852038264275
20,0.900709114968777,5.6824688166035e-06,2,0.370852038264275
31,0.900709114968777,0.728592119648543,2,0.370852038264275
32,0.900709114968777,0.904547954208458,2,0.370852038264275
38,0.900709114968777,0.955373003778132,2,0.370852038264275
56,0.900709114968777,0.159311913499644,2,0.370852038264275
57,0.900709114968777,0.885755062213378,2,0.370852038264275
60,0.900709114968777,0.84379942147057,2,0.370852038264275
67,0.900709114968777,0.910732389634338,2,0.370852038264275
68,0.900709114968777,0.994459595129223,2,0.370852038264275
70,0.900709114968777,0.925486116962302,2,0.370852038264275
73,0.900709114968777,0.989791518587247,2,0.370852038264275
79,0.900709114968777,0.947068930358647,2,0.370852038264275
93,0.900709114968777,0.645075675433778,2,0.370852038264275
98,0.900709114968777,0.99133600195589,2,0.370852038264275
102,0.900709114968777,0.942771875506958,2,0.370852038264275
112,0.900709114968777,0.31912476982578,2,0.370852038264275
114,0.900709114968777,0.812119539678876,2,0.370852038264275
120,0.900709114968777,0.0414855613001269,2,0.370852038264275
127,0.900709114968777,0.960667232595519,2,0.370852038264275
141,0.900709114968777,0.836384893884757,2,0.370852038264275
146,0.900709114968777,0.961109110050858,2,0.370852038264275
148,0.900709114968777,0.759730625947641,2,0.370852038264275
153,0.900709114968777,0.98812363086552,2,0.370852038264275
159,0.900709114968777,0.365798552322584,2,0.370852038264275
168,0.900709114968777,0.991289058138049,2,0.370852038264275
177,0.900709114968777,0.7835831591822,2,0.370852038264275
185,0.900709114968777,0.242376428345009,2,0.370852038264275
194,0.900709114968777,0.740752291486388,2,0.370852038264275
199,0.900709114968777,0.455791311261526,2,0.370852038264275
204,0.900709114968777,0.558137521180041,2,0.370852038264275
205,0.900709114968777,0.326468668315356,2,0.370852038264275
209,0.900709114968777,0.982306337319139,2,0.370852038264275
225,0.900709114968777,0.987352524676979,2,0.370852038264275
238,0.900709114968777,0.96794320016871,2,0.370852038264275
245,0.900709114968777,0.979462615826901,2,0.370852038264275
246,0.900709114968777,0.455508906667643,2,0.370852038264275
249,0.900709114968777,0.881801670926092,2,0.370852038264275
259,0.900709114968777,0.239276814322068,2,0.370852038264275
272,0.900709114968777,0.992720522260868,2,0.370852038264275
273,0.900709114968777,0.427844329603982,2,0.370852038264275
282,0.900709114968777,0.947406920106067,2,0.370852038264275
296,0.900709114968777,0.947692002325004,2,0.370852038264275
299,0.900709114968777,0.726043125047644,2,0.370852038264275
302,0.900709114968777,0.977900403544154,2,0.370852038264275
305,0.900709114968777,0.877531923925463,2,0.370852038264275
7,0.93603292008241,0.88812094619105,2,0.370852038264275
11,0.93603292008241,0.693926203764115,2,0.370852038264275
16,0.93603292008241,0.98926500740997,2,0.370852038264275
19,0.93603292008241,0.992533568600619,2,0.370852038264275
20,0.93603292008241,1.39345775684863e-06,2,0.370852038264275
31,0.93603292008241,0.701908152521185,2,0.370852038264275
32,0.93603292008241,0.896952172585895,2,0.370852038264275
38,0.93603292008241,0.95260005666718,2,0.370852038264275
56,0.93603292008241,0.135811995755881,2,0.370852038264275
57,0.93603292008241,0.874997458001006,2,0.370852038264275
60,0.93603292008241,0.827466312923835,2,0.370852038264275
67,0.93603292008241,0.9001730020243,2,0.370852038264275
68,0.93603292008241,0.994023849166765,2,0.370852038264275
70,0.93603292008241,0.916916164808938,2,0.370852038264275
73,0.93603292008241,0.98873464728634,2,0.370852038264275
79,0.93603292008241,0.940195318471085,2,0.370852038264275
93,0.93603292008241,0.551743658989514,2,0.370852038264275
98,0.93603292008241,0.990595628133541,2,0.370852038264275
102,0.93603292008241,0.938208862384288,2,0.370852038264275
112,0.93603292008241,0.282843881555274,2,0.370852038264275
114,0.93603292008241,0.797138410010691,2,0.370852038264275
120,0.93603292008241,0.0337104540488076,2,0.370852038264275
127,0.93603292008241,0.955543095181415,2,0.370852038264275
141,0.93603292008241,0.816644260617161,2,0.370852038264275
146,0.93603292008241,0.95604431752906,2,0.370852038264275
148,0.93603292008241,0.74015678873019,2,0.370852038264275
153,0.93603292008241,0.987205952426001,2,0.370852038264275
159,0.93603292008241,0.345298073483695,2,0.370852038264275
168,0.93603292008241,0.99065278218662,2,0.370852038264275
177,0.93603292008241,0.763437020407586,2,0.370852038264275
185,0.93603292008241,0.201082904254658,2,0.370852038264275
194,0.93603292008241,0.712990649135642,2,0.370852038264275
199,0.93603292008241,0.43486668648472,2,0.370852038264275
204,0.93603292008241,0.515646511621057,2,0.370852038264275
205,0.93603292008241,0.291748008397453,2,0.370852038264275
209,0.93603292008241,0.980892271614767,2,0.370852038264275
225,0.93603292008241,0.986056094358266,2,0.370852038264275
238,0.93603292008241,0.964925563607236,2,0.370852038264275
245,0.93603292008241,0.976740775752316,2,0.370852038264275
246,0.93603292008241,0.402724068091913,2,0.370852038264275
249,0.93603292008241,0.868179611917676,2,0.370852038264275
259,0.93603292008241,0.214427476365876,2,0.370852038264275
272,0.93603292008241,0.992110148652526,2,0.370852038264275
273,0.93603292008241,0.399283156913535,2,0.370852038264275
282,0.93603292008241,0.94034058125102,2,0.370852038264275
296,0.93603292008241,0.939694138343793,2,0.370852038264275
299,0.93603292008241,0.710142986474727,2,0.370852038264275
302,0.93603292008241,0.9755568331846,2,0.370852038264275
305,0.93603292008241,0.866147314626805,2,0.370852038264275
7,0.971356725196044,0.877062174410489,2,0.370852038264275
11,0.971356725196044,0.668365816126272,2,0.370852038264275
16,0.971356725196044,0.988333508919107,2,0.370852038264275
19,0.971356725196044,0.992032176489672,2,0.370852038264275
20,0.971356725196044,4.86926189480208e-07,2,0.370852038264275
31,0.971356725196044,0.675750860068555,2,0.370852038264275
32,0.971356725196044,0.89082302989586,2,0.370852038264275
38,0.971356725196044,0.949709397063411,2,0.370852038264275
56,0.971356725196044,0.115256471598656,2,0.370852038264275
57,0.971356725196044,0.86483086565068,2,0.370852038264275
60,0.971356725196044,0.810690818130552,2,0.370852038264275
67,0.971356725196044,0.888666003697296,2,0.370852038264275
68,0.971356725196044,0.993571095338668,2,0.370852038264275
70,0.971356725196044,0.907865613069041,2,0.370852038264275
73,0.971356725196044,0.98756973429931,2,0.370852038264275
79,0.971356725196044,0.932846387169263,2,0.370852038264275
93,0.971356725196044,0.511371455924967,2,0.370852038264275
98,0.971356725196044,0.989824035308272,2,0.370852038264275
102,0.971356725196044,0.933487883933748,2,0.370852038264275
112,0.971356725196044,0.250488583916402,2,0.370852038264275
114,0.971356725196044,0.781937651333741,2,0.370852038264275
120,0.971356725196044,0.0273705798673767,2,0.370852038264275
127,0.971356725196044,0.949907370571471,2,0.370852038264275
141,0.971356725196044,0.797354123958343,2,0.370852038264275
146,0.971356725196044,0.950420676592867,2,0.370852038264275
148,0.971356725196044,0.720461668230635,2,0.370852038264275
153,0.971356725196044,0.986342047985627,2,0.370852038264275
159,0.971356725196044,0.326256964450366,2,0.370852038264275
168,0.971356725196044,0.990002461507427,2,0.370852038264275
177,0.971356725196044,0.743151534863482,2,0.370852038264275
185,0.971356725196044,0.167129031439794,2,0.370852038264275
194,0.971356725196044,0.684986238292244,2,0.370852038264275
199,0.971356725196044,0.415003864191401,2,0.370852038264275
204,0.971356725196044,0.47494457149148,2,0.370852038264275
205,0.971356725196044,0.260007559633789,2,0.370852038264275
209,0.971356725196044,0.9794302472774,2,0.370852038264275
225,0.971356725196044,0.984892884817339,2,0.370852038264275
238,0.971356725196044,0.961727139004055,2,0.370852038264275
245,0.971356725196044,0.973774321929133,2,0.370852038264275
246,0.971356725196044,0.352986963620714,2,0.370852038264275
249,0.971356725196044,0.854030908003416,2,0.370852038264275
259,0.971356725196044,0.192655116361676,2,0.370852038264275
272,0.971356725196044,0.991483143103036,2,0.370852038264275
273,0.971356725196044,0.372971098655904,2,0.370852038264275
282,0.971356725196044,0.932566167288863,2,0.370852038264275
296,0.971356725196044,0.931033916480262,2,0.370852038264275
299,0.971356725196044,0.694753455437361,2,0.370852038264275
302,0.971356725196044,0.973034355872682,2,0.370852038264275
305,0.971356725196044,0.854288018437936,2,0.370852038264275
7,1.00668053030968,0.865688088384286,2,0.370852038264275
11,1.00668053030968,0.64197730133157,2,0.370852038264275
16,1.00668053030968,0.987358958672658,2,0.370852038264275
19,1.00668053030968,0.991553646295584,2,0.370852038264275
20,1.00668053030968,1.54459764867276e-07,2,0.370852038264275
31,1.00668053030968,0.647753661804104,2,0.370852038264275
32,1.00668053030968,0.88299998174564,2,0.370852038264275
38,1.00668053030968,0.947521332776993,2,0.370852038264275
56,1.00668053030968,0.0973033422854905,2,0.370852038264275
57,1.00668053030968,0.852433208638367,2,0.370852038264275
60,1.00668053030968,0.793618446685076,2,0.370852038264275
67,1.00668053030968,0.877430789925473,2,0.370852038264275
68,1.00668053030968,0.993099719843573,2,0.370852038264275
70,1.00668053030968,0.89809970309394,2,0.370852038264275
73,1.00668053030968,0.986330293974268,2,0.370852038264275
79,1.00668053030968,0.924762096138325,2,0.370852038264275
93,1.00668053030968,0.50710571830759,2,0.370852038264275
98,1.00668053030968,0.989018110702099,2,0.370852038264275
102,1.00668053030968,0.928600124119562,2,0.370852038264275
112,1.00668053030968,0.222798636321918,2,0.370852038264275
114,1.00668053030968,0.766570675435535,2,0.370852038264275
120,1.00668053030968,0.0222857485023752,2,0.370852038264275
127,1.00668053030968,0.943767426999453,2,0.370852038264275
141,1.00668053030968,0.778609643759454,2,0.370852038264275
146,1.00668053030968,0.94417596200502,2,0.370852038264275
148,1.00668053030968,0.699034623541162,2,0.370852038264275
153,1.00668053030968,0.985502752764792,2,0.370852038264275
159,1.00668053030968,0.30728600749786,2,0.370852038264275
168,1.00668053030968,0.989337948401934,2,0.370852038264275
177,1.00668053030968,0.722843506647721,2,0.370852038264275
185,1.00668053030968,0.139330359545434,2,0.370852038264275
194,1.00668053030968,0.656936338055106,2,0.370852038264275
199,1.00668053030968,0.396105421013516,2,0.370852038264275
204,1.00668053030968,0.435527790543644,2,0.370852038264275
205,1.00668053030968,0.230186053047519,2,0.370852038264275
209,1.00668053030968,0.977916852172721,2,0.370852038264275
225,1.00668053030968,0.983569185997754,2,0.370852038264275
238,1.00668053030968,0.958333176877461,2,0.370852038264275
245,1.00668053030968,0.97055977733299,2,0.370852038264275
246,1.00668053030968,0.307650861143675,2,0.370852038264275
249,1.00668053030968,0.839538206336797,2,0.370852038264275
259,1.00668053030968,0.173650185511737,2,0.370852038264275
272,1.00668053030968,0.990817763814673,2,0.370852038264275
273,1.00668053030968,0.348875035481049,2,0.370852038264275
282,1.00668053030968,0.924042797467689,2,0.370852038264275
296,1.00668053030968,0.92177020156317,2,0.370852038264275
299,1.00668053030968,0.679842827346083,2,0.370852038264275
302,1.00668053030968,0.97026148932136,2,0.370852038264275
305,1.00668053030968,0.84197655860376,2,0.370852038264275
7,1.04200433542331,0.852781860720289,2,0.370852038264275
11,1.04200433542331,0.618429791866272,2,0.370852038264275
16,1.04200433542331,0.986451976923176,2,0.370852038264275
19,1.04200433542331,0.991029045045444,2,0.370852038264275
20,1.04200433542331,4.39241842897786e-08,2,0.370852038264275
31,1.04200433542331,0.620538139413146,2,0.370852038264275
32,1.04200433542331,0.874314922111705,2,0.370852038264275
38,1.04200433542331,0.944720352477064,2,0.370852038264275
56,1.04200433542331,0.0818247695355269,2,0.370852038264275
57,1.04200433542331,0.840434747387664,2,0.370852038264275
60,1.04200433542331,0.776394881509179,2,0.370852038264275
67,1.04200433542331,0.864850576327385,2,0.370852038264275
68,1.04200433542331,0.992608016312063,2,0.370852038264275
70,1.04200433542331,0.887725046251972,2,0.370852038264275
73,1.04200433542331,0.984983294863509,2,0.370852038264275
79,1.04200433542331,0.915879116556134,2,0.370852038264275
93,1.04200433542331,0.488829265273532,2,0.370852038264275
98,1.04200433542331,0.988323237697935,2,0.370852038264275
102,1.04200433542331,0.923667307511802,2,0.370852038264275
112,1.04200433542331,0.19773066234294,2,0.370852038264275
114,1.04200433542331,0.751098854157442,2,0.370852038264275
120,1.04200433542331,0.0181791564787266,2,0.370852038264275
127,1.04200433542331,0.936896366061114,2,0.370852038264275
141,1.04200433542331,0.760257001884456,2,0.370852038264275
146,1.04200433542331,0.937246917298383,2,0.370852038264275
148,1.04200433542331,0.679399781406127,2,0.370852038264275
153,1.04200433542331,0.984492155371949,2,0.370852038264275
159,1.04200433542331,0.29060161754547,2,0.370852038264275
168,1.04200433542331,0.988658564872024,2,0.370852038264275
177,1.04200433542331,0.702636016987866,2,0.370852038264275
185,1.04200433542331,0.116413458595862,2,0.370852038264275
194,1.04200433542331,0.62927928594337,2,0.370852038264275
199,1.04200433542331,0.378106753585025,2,0.370852038264275
204,1.04200433542331,0.399471379287425,2,0.370852038264275
205,1.04200433542331,0.205045706883026,2,0.370852038264275
209,1.04200433542331,0.976348665369863,2,0.370852038264275
225,1.04200433542331,0.98216884715459,2,0.370852038264275
238,1.04200433542331,0.954728636160368,2,0.370852038264275
245,1.04200433542331,0.967099317174727,2,0.370852038264275
246,1.04200433542331,0.266919342689281,2,0.370852038264275
249,1.04200433542331,0.824896518313117,2,0.370852038264275
259,1.04200433542331,0.157432518824259,2,0.370852038264275
272,1.04200433542331,0.990121659558635,2,0.370852038264275
273,1.04200433542331,0.326951539030468,2,0.370852038264275
282,1.04200433542331,0.914855221734388,2,0.370852038264275
296,1.04200433542331,0.911956261291897,2,0.370852038264275
299,1.04200433542331,0.665397022995802,2,0.370852038264275
302,1.04200433542331,0.967329471425806,2,0.370852038264275
305,1.04200433542331,0.829247103089642,2,0.370852038264275
7,1.07732814053694,0.839848189048587,2,0.370852038264275
11,1.07732814053694,0.594837883921878,2,0.370852038264275
16,1.07732814053694,0.985386728382664,2,0.370852038264275
19,1.07732814053694,0.99049101007842,2,0.370852038264275
20,1.07732814053694,1.10536770847602e-08,2,0.370852038264275
31,1.07732814053694,0.593557878701002,2,0.370852038264275
32,1.07732814053694,0.866125215341284,2,0.370852038264275
38,1.07732814053694,0.941820029034467,2,0.370852038264275
56,1.07732814053694,0.068357926750568,2,0.370852038264275
57,1.07732814053694,0.82808934221699,2,0.370852038264275
60,1.07732814053694,0.759156156318301,2,0.370852038264275
67,1.07732814053694,0.851697702506179,2,0.370852038264275
68,1.07732814053694,0.992057856642639,2,0.370852038264275
70,1.07732814053694,0.876661200666886,2,0.370852038264275
73,1.07732814053694,0.983516028725943,2,0.370852038264275
79,1.07732814053694,0.906137294552181,2,0.370852038264275
93,1.07732814053694,0.458822587171784,2,0.370852038264275
98,1.07732814053694,0.987448461951834,2,0.370852038264275
102,1.07732814053694,0.918423882943104,2,0.370852038264275
112,1.07732814053694,0.175395549898646,2,0.370852038264275
114,1.07732814053694,0.734560603576573,2,0.370852038264275
120,1.07732814053694,0.0148660095960728,2,0.370852038264275
127,1.07732814053694,0.929495647183034,2,0.370852038264275
141,1.07732814053694,0.74203730920473,2,0.370852038264275
146,1.07732814053694,0.929586423997046,2,0.370852038264275
148,1.07732814053694,0.659942880115869,2,0.370852038264275
153,1.07732814053694,0.983473855438597,2,0.370852038264275
159,1.07732814053694,0.274924177470202,2,0.370852038264275
168,1.07732814053694,0.987963249161296,2,0.370852038264275
177,1.07732814053694,0.682648022135747,2,0.370852038264275
185,1.07732814053694,0.0976538933939601,2,0.370852038264275
194,1.07732814053694,0.60228399606886,2,0.370852038264275
199,1.07732814053694,0.360956237704292,2,0.370852038264275
204,1.07732814053694,0.365998710837996,2,0.370852038264275
205,1.07732814053694,0.182733386147587,2,0.370852038264275
209,1.07732814053694,0.974722277218932,2,0.370852038264275
225,1.07732814053694,0.980685963662084,2,0.370852038264275
238,1.07732814053694,0.95089835905893,2,0.370852038264275
245,1.07732814053694,0.963401532244098,2,0.370852038264275
246,1.07732814053694,0.231385859447523,2,0.370852038264275
249,1.07732814053694,0.810283408936691,2,0.370852038264275
259,1.07732814053694,0.142962210771463,2,0.370852038264275
272,1.07732814053694,0.989304969428257,2,0.370852038264275
273,1.07732814053694,0.307119687527418,2,0.370852038264275
282,1.07732814053694,0.905022162870948,2,0.370852038264275
296,1.07732814053694,0.90162675929515,2,0.370852038264275
299,1.07732814053694,0.651407678415195,2,0.370852038264275
302,1.07732814053694,0.964166455024037,2,0.370852038264275
305,1.07732814053694,0.816065104731947,2,0.370852038264275
7,1.11265194565058,0.826337969978702,2,0.370852038264275
11,1.11265194565058,0.572089618578453,2,0.370852038264275
16,1.11265194565058,0.984443483830114,2,0.370852038264275
19,1.11265194565058,0.989938423250124,2,0.370852038264275
20,1.11265194565058,2.42822106866214e-09,2,0.370852038264275
31,1.11265194565058,0.567034477682949,2,0.370852038264275
32,1.11265194565058,0.857823272358339,2,0.370852038264275
38,1.11265194565058,0.938883875185372,2,0.370852038264275
56,1.11265194565058,0.0568259364757777,2,0.370852038264275
57,1.11265194565058,0.815446337587091,2,0.370852038264275
60,1.11265194565058,0.742023027326626,2,0.370852038264275
67,1.11265194565058,0.838075656656436,2,0.370852038264275
68,1.11265194565058,0.991480190967072,2,0.370852038264275
70,1.11265194565058,0.864900882409283,2,0.370852038264275
73,1.11265194565058,0.981838902911418,2,0.370852038264275
79,1.11265194565058,0.895514502706638,2,0.370852038264275
93,1.11265194565058,0.425851063367774,2,0.370852038264275
98,1.11265194565058,0.986524679764844,2,0.370852038264275
102,1.11265194565058,0.912251726494318,2,0.370852038264275
112,1.11265194565058,0.156385246864796,2,0.370852038264275
114,1.11265194565058,0.719256332030242,2,0.370852038264275
120,1.11265194565058,0.012197957577657,2,0.370852038264275
127,1.11265194565058,0.921447157846622,2,0.370852038264275
141,1.11265194565058,0.723732862966257,2,0.370852038264275
146,1.11265194565058,0.921111441801806,2,0.370852038264275
148,1.11265194565058,0.640740911473664,2,0.370852038264275
153,1.11265194565058,0.98242380075045,2,0.370852038264275
159,1.11265194565058,0.260201599255139,2,0.370852038264275
168,1.11265194565058,0.987079615934523,2,0.370852038264275
177,1.11265194565058,0.662985425551925,2,0.370852038264275
185,1.11265194565058,0.0820326955177405,2,0.370852038264275
194,1.11265194565058,0.576130094779945,2,0.370852038264275
199,1.11265194565058,0.344606044241917,2,0.370852038264275
204,1.11265194565058,0.334962325619211,2,0.370852038264275
205,1.11265194565058,0.162931076778869,2,0.370852038264275
209,1.11265194565058,0.973034315418669,2,0.370852038264275
225,1.11265194565058,0.979114467780302,2,0.370852038264275
238,1.11265194565058,0.946827306631313,2,0.370852038264275
245,1.11265194565058,0.959481702371731,2,0.370852038264275
246,1.11265194565058,0.200609563599637,2,0.370852038264275
249,1.11265194565058,0.795829303800607,2,0.370852038264275
259,1.11265194565058,0.130302946005437,2,0.370852038264275
272,1.11265194565058,0.988538391103407,2,0.370852038264275
273,1.11265194565058,0.289247410422047,2,0.370852038264275
282,1.11265194565058,0.894613411453408,2,0.370852038264275
296,1.11265194565058,0.890798598636302,2,0.370852038264275
299,1.11265194565058,0.637856977531275,2,0.370852038264275
302,1.11265194565058,0.960752755093778,2,0.370852038264275
305,1.11265194565058,0.80265178381775,2,0.370852038264275
7,1.14797575076421,0.812299128687384,2,0.370852038264275
11,1.14797575076421,0.550238796333072,2,0.370852038264275
16,1.14797575076421,0.983273775830364,2,0.370852038264275
19,1.14797575076421,0.989369883331763,2,0.370852038264275
20,1.14797575076421,4.58852955631528e-10,2,0.370852038264275
31,1.14797575076421,0.541181714959625,2,0.370852038264275
32,1.14797575076421,0.849435059041887,2,0.370852038264275
38,1.14797575076421,0.935932346685998,2,0.370852038264275
56,1.14797575076421,0.0470122379313508,2,0.370852038264275
57,1.14797575076421,0.802561267317626,2,0.370852038264275
60,1.14797575076421,0.725022544841289,2,0.370852038264275
67,1.14797575076421,0.824105272724881,2,0.370852038264275
68,1.14797575076421,0.990914185148825,2,0.370852038264275
70,1.14797575076421,0.852448161687389,2,0.370852038264275
73,1.14797575076421,0.98008534641587,2,0.370852038264275
79,1.14797575076421,0.883907501808798,2,0.370852038264275
93,1.14797575076421,0.393421758889445,2,0.370852038264275
98,1.14797575076421,0.985550032425552,2,0.370852038264275
102,1.14797575076421,0.906601761415126,2,0.370852038264275
112,1.14797575076421,0.139842758618943,2,0.370852038264275
114,1.14797575076421,0.703887535858757,2,0.370852038264275
120,1.14797575076421,0.0100586396794238,2,0.370852038264275
127,1.14797575076421,0.912735477888606,2,0.370852038264275
141,1.14797575076421,0.705251819174741,2,0.370852038264275
146,1.14797575076421,0.911793338808889,2,0.370852038264275
148,1.14797575076421,0.621856060275543,2,0.370852038264275
153,1.14797575076421,0.981339703423593,2,0.370852038264275
159,1.14797575076421,0.246395662722821,2,0.370852038264275
168,1.14797575076421,0.986344465487225,2,0.370852038264275
177,1.14797575076421,0.643735152660514,2,0.370852038264275
185,1.14797575076421,0.0696214681917285,2,0.370852038264275
194,1.14797575076421,0.550914683722762,2,0.370852038264275
199,1.14797575076421,0.329012967677009,2,0.370852038264275
204,1.14797575076421,0.306132687930628,2,0.370852038264275
205,1.14797575076421,0.145335134662972,2,0.370852038264275
209,1.14797575076421,0.971281477842195,2,0.370852038264275
225,1.14797575076421,0.977447820659993,2,0.370852038264275
238,1.14797575076421,0.942500864265294,2,0.370852038264275
245,1.14797575076421,0.955361413994614,2,0.370852038264275
246,1.14797575076421,0.174213172001514,2,0.370852038264275
249,1.14797575076421,0.781599188620419,2,0.370852038264275
259,1.14797575076421,0.119175401576657,2,0.370852038264275
272,1.14797575076421,0.987734422703646,2,0.370852038264275
273,1.14797575076421,0.273156392288533,2,0.370852038264275
282,1.14797575076421,0.88369794223828,2,0.370852038264275
296,1.14797575076421,0.879481488743346,2,0.370852038264275
299,1.14797575076421,0.624711078861777,2,0.370852038264275
302,1.14797575076421,0.956784541099172,2,0.370852038264275
305,1.14797575076421,0.787663207426878,2,0.370852038264275
7,1.18329955587784,0.797793929244846,2,0.370852038264275
11,1.18329955587784,0.529328704577047,2,0.370852038264275
16,1.18329955587784,0.982038755616644,2,0.370852038264275
19,1.18329955587784,0.98878396907816,2,0.370852038264275
20,1.18329955587784,7.34088345666351e-11,2,0.370852038264275
31,1.18329955587784,0.51618454653592,2,0.370852038264275
32,1.18329955587784,0.840991424897748,2,0.370852038264275
38,1.18329955587784,0.932970769357285,2,0.370852038264275
56,1.18329955587784,0.0387084095225025,2,0.370852038264275
57,1.18329955587784,0.789493091132662,2,0.370852038264275
60,1.18329955587784,0.708401850258129,2,0.370852038264275
67,1.18329955587784,0.809923324816925,2,0.370852038264275
68,1.18329955587784,0.990320002577875,2,0.370852038264275
70,1.18329955587784,0.839320481267655,2,0.370852038264275
73,1.18329955587784,0.978165739114586,2,0.370852038264275
79,1.18329955587784,0.871321908851965,2,0.370852038264275
93,1.18329955587784,0.362382092386928,2,0.370852038264275
98,1.18329955587784,0.984521175024055,2,0.370852038264275
102,1.18329955587784,0.900748566546163,2,0.370852038264275
112,1.18329955587784,0.125441866750142,2,0.370852038264275
114,1.18329955587784,0.688700853607895,2,0.370852038264275
120,1.18329955587784,0.00835563130819106,2,0.370852038264275
127,1.18329955587784,0.903358780887527,2,0.370852038264275
141,1.18329955587784,0.686644828430052,2,0.370852038264275
146,1.18329955587784,0.901608587358945,2,0.370852038264275
148,1.18329955587784,0.603336285056375,2,0.370852038264275
153,1.18329955587784,0.980219166797706,2,0.370852038264275
159,1.18329955587784,0.233460897661613,2,0.370852038264275
168,1.18329955587784,0.985791121663822,2,0.370852038264275
177,1.18329955587784,0.624960144407535,2,0.370852038264275
185,1.18329955587784,0.0596724038915292,2,0.370852038264275
194,1.18329955587784,0.526670563502011,2,0.370852038264275
199,1.18329955587784,0.314142223059177,2,0.370852038264275
204,1.18329955587784,0.279296127787963,2,0.370852038264275
205,1.18329955587784,0.129679058703419,2,0.370852038264275
209,1.18329955587784,0.96946057231886,2,0.370852038264275
225,1.18329955587784,0.975679190327604,2,0.370852038264275
238,1.18329955587784,0.937905224858221,2,0.370852038264275
245,1.18329955587784,0.951067426535614,2,0.370852038264275
246,1.18329955587784,0.151656616062644,2,0.370852038264275
249,1.18329955587784,0.767594209954048,2,0.370852038264275
259,1.18329955587784,0.109336808902804,2,0.370852038264275
272,1.18329955587784,0.986890668386815,2,0.370852038264275
273,1.18329955587784,0.258640194721462,2,0.370852038264275
282,1.18329955587784,0.872319156517268,2,0.370852038264275
296,1.18329955587784,0.867681394394884,2,0.370852038264275
299,1.18329955587784,0.611923835057501,2,0.370852038264275
302,1.18329955587784,0.952796164328341,2,0.370852038264275
305,1.18329955587784,0.773846816096847,2,0.370852038264275
7,1.21862336099148,0.782896081482397,2,0.370852038264275
11,1.21862336099148,0.509394525269301,2,0.370852038264275
16,1.21862336099148,0.980736166200147,2,0.370852038264275
19,1.21862336099148,0.98817918567536,2,0.370852038264275
20,1.21862336099148,9.77173897354078e-12,2,0.370852038264275
31,1.21862336099148,0.4921827887482,2,0.370852038264275
32,1.21862336099148,0.832526237693185,2,0.370852038264275
38,1.21862336099148,0.930003524387699,2,0.370852038264275
56,1.21862336099148,0.0317205504385486,2,0.370852038264275
57,1.21862336099148,0.776300990600537,2,0.370852038264275
60,1.21862336099148,0.692162402176772,2,0.370852038264275
67,1.21862336099148,0.795673006890621,2,0.370852038264275
68,1.21862336099148,0.9896954137354,2,0.370852038264275
70,1.21862336099148,0.825550269492002,2,0.370852038264275
73,1.21862336099148,0.976062438057002,2,0.370852038264275
79,1.21862336099148,0.857533346020629,2,0.370852038264275
93,1.21862336099148,0.332920683810872,2,0.370852038264275
98,1.21862336099148,0.983433346953008,2,0.370852038264275
102,1.21862336099148,0.894687571934432,2,0.370852038264275
112,1.21862336099148,0.112889453852623,2,0.370852038264275
114,1.21862336099148,0.673763409767866,2,0.370852038264275
120,1.21862336099148,0.00701110986624132,2,0.370852038264275
127,1.21862336099148,0.893332195911514,2,0.370852038264275
141,1.21862336099148,0.668069677836779,2,0.370852038264275
146,1.21862336099148,0.890560484398473,2,0.370852038264275
148,1.21862336099148,0.585217457365732,2,0.370852038264275
153,1.21862336099148,0.979059680435764,2,0.370852038264275
159,1.21862336099148,0.221337020022026,2,0.370852038264275
168,1.21862336099148,0.985027345449213,2,0.370852038264275
177,1.21862336099148,0.606696735297024,2,0.370852038264275
185,1.21862336099148,0.0517697108687167,2,0.370852038264275
194,1.21862336099148,0.50338647411457,2,0.370852038264275
199,1.21862336099148,0.299967889955707,2,0.370852038264275
204,1.21862336099148,0.254300533790395,2,0.370852038264275
205,1.21862336099148,0.115740285072001,2,0.370852038264275
209,1.21862336099148,0.967568564030158,2,0.370852038264275
225,1.21862336099148,0.973801399939782,2,0.370852038264275
238,1.21862336099148,0.933027855622346,2,0.370852038264275
245,1.21862336099148,0.946629780815168,2,0.370852038264275
246,1.21862336099148,0.132382593801877,2,0.370852038264275
249,1.21862336099148,0.753772695608059,2,0.370852038264275
259,1.21862336099148,0.100582413443247,2,0.370852038264275
272,1.21862336099148,0.986004648209426,2,0.370852038264275
273,1.21862336099148,0.24548697800826,2,0.370852038264275
282,1.21862336099148,0.860480042358028,2,0.370852038264275
296,1.21862336099148,0.855388861807747,2,0.370852038264275
299,1.21862336099148,0.599445948952906,2,0.370852038264275
302,1.21862336099148,0.948492488859189,2,0.370852038264275
305,1.21862336099148,0.75997045009515,2,0.370852038264275
7,1.25394716610511,0.767686310617404,2,0.370852038264275
11,1.25394716610511,0.490463017591674,2,0.370852038264275
16,1.25394716610511,0.979361093471775,2,0.370852038264275
19,1.25394716610511,0.987553946054332,2,0.370852038264275
20,1.25394716610511,6.03073146976385e-13,2,0.370852038264275
31,1.25394716610511,0.469265585208023,2,0.370852038264275
32,1.25394716610511,0.824075732402178,2,0.370852038264275
38,1.25394716610511,0.927036561208292,2,0.370852038264275
56,1.25394716610511,0.0258677623412562,2,0.370852038264275
57,1.25394716610511,0.763041481565507,2,0.370852038264275
60,1.25394716610511,0.676369997916739,2,0.370852038264275
67,1.25394716610511,0.781492296791119,2,0.370852038264275
68,1.25394716610511,0.989038085749605,2,0.370852038264275
70,1.25394716610511,0.811185814682048,2,0.370852038264275
73,1.25394716610511,0.973756899069442,2,0.370852038264275
79,1.25394716610511,0.843050820751707,2,0.370852038264275
93,1.25394716610511,0.304751788964405,2,0.370852038264275
98,1.25394716610511,0.982281358737453,2,0.370852038264275
102,1.25394716610511,0.888415699368041,2,0.370852038264275
112,1.25394716610511,0.101927000646418,2,0.370852038264275
114,1.25394716610511,0.659134757370777,2,0.370852038264275
120,1.25394716610511,0.0059556546420898,2,0.370852038264275
127,1.25394716610511,0.882690810923799,2,0.370852038264275
141,1.25394716610511,0.649736614722791,2,0.370852038264275
146,1.25394716610511,0.878686175884852,2,0.370852038264275
148,1.25394716610511,0.56752599358884,2,0.370852038264275
153,1.25394716610511,0.977858615912179,2,0.370852038264275
159,1.25394716610511,0.209955715011377,2,0.370852038264275
168,1.25394716610511,0.9842361243463,2,0.370852038264275
177,1.25394716610511,0.58895750321536,2,0.370852038264275
185,1.25394716610511,0.0455106085057697,2,0.370852038264275
194,1.25394716610511,0.481026015754716,2,0.370852038264275
199,1.25394716610511,0.286469066795116,2,0.370852038264275
204,1.25394716610511,0.231056442615052,2,0.370852038264275
205,1.25394716610511,0.10333549761656,2,0.370852038264275
209,1.25394716610511,0.965602630633326,2,0.370852038264275
225,1.25394716610511,0.971806963834694,2,0.370852038264275
238,1.25394716610511,0.927858049908656,2,0.370852038264275
245,1.25394716610511,0.942079725718852,2,0.370852038264275
246,1.25394716610511,0.115878565218084,2,0.370852038264275
249,1.25394716610511,0.740080141514341,2,0.370852038264275
259,1.25394716610511,0.092743106386159,2,0.370852038264275
272,1.25394716610511,0.985073801262511,2,0.370852038264275
273,1.25394716610511,0.233499233696758,2,0.370852038264275
282,1.25394716610511,0.848151504286916,2,0.370852038264275
296,1.25394716610511,0.842567883843107,2,0.370852038264275
299,1.25394716610511,0.587234051421427,2,0.370852038264275
302,1.25394716610511,0.943850902427521,2,0.370852038264275
305,1.25394716610511,0.746133021728927,2,0.370852038264275
7,1.28927097121874,0.752247209030754,2,0.370852038264275
11,1.28927097121874,0.472551766820115,2,0.370852038264275
16,1.28927097121874,0.977908449896003,2,0.370852038264275
19,1.28927097121874,0.986906639843266,2,0.370852038264275
20,1.28927097121874,5.08482145278322e-14,2,0.370852038264275
31,1.28927097121874,0.447476813708356,2,0.370852038264275
32,1.28927097121874,0.815679319804189,2,0.370852038264275
38,1.28927097121874,0.924075759949744,2,0.370852038264275
56,1.28927097121874,0.0209801999026752,2,0.370852038264275
57,1.28927097121874,0.749766451442621,2,0.370852038264275
60,1.28927097121874,0.661073899856272,2,0.370852038264275
67,1.28927097121874,0.767502009934279,2,0.370852038264275
68,1.28927097121874,0.988345589891674,2,0.370852038264275
70,1.28927097121874,0.796291050205364,2,0.370852038264275
73,1.28927097121874,0.971230041115625,2,0.370852038264275
79,1.28927097121874,0.827630476852469,2,0.370852038264275
93,1.28927097121874,0.278716376417569,2,0.370852038264275
98,1.28927097121874,0.981059892550827,2,0.370852038264275
102,1.28927097121874,0.881931644224484,2,0.370852038264275
112,1.28927097121874,0.0923308867822014,2,0.370852038264275
114,1.28927097121874,0.644864649989677,2,0.370852038264275
120,1.28927097121874,0.00512673763838956,2,0.370852038264275
127,1.28927097121874,0.871491779494126,2,0.370852038264275
141,1.28927097121874,0.631862451899445,2,0.370852038264275
146,1.28927097121874,0.866061022784172,2,0.370852038264275
148,1.28927097121874,0.550281018478182,2,0.370852038264275
153,1.28927097121874,0.97661322340511,2,0.370852038264275
159,1.28927097121874,0.199252521109253,2,0.370852038264275
168,1.28927097121874,0.983420728730374,2,0.370852038264275
177,1.28927097121874,0.571740221449276,2,0.370852038264275
185,1.28927097121874,0.0405172880901224,2,0.370852038264275
194,1.28927097121874,0.459545545051809,2,0.370852038264275
199,1.28927097121874,0.273625245528934,2,0.370852038264275
204,1.28927097121874,0.20952009913228,2,0.370852038264275
205,1.28927097121874,0.0923111572520035,2,0.370852038264275
209,1.28927097121874,0.963560225035864,2,0.370852038264275
225,1.28927097121874,0.969688111436271,2,0.370852038264275
238,1.28927097121874,0.922387559493157,2,0.370852038264275
245,1.28927097121874,0.937447891724746,2,0.370852038264275
246,1.28927097121874,0.101699803548288,2,0.370852038264275
249,1.28927097121874,0.726474229863086,2,0.370852038264275
259,1.28927097121874,0.0856811543213507,2,0.370852038264275
272,1.28927097121874,0.98409549038654,2,0.370852038264275
273,1.28927097121874,0.222505738435485,2,0.370852038264275
282,1.28927097121874,0.835302233260587,2,0.370852038264275
296,1.28927097121874,0.829165595255209,2,0.370852038264275
299,1.28927097121874,0.575256565214077,2,0.370852038264275
302,1.28927097121874,0.938848863439592,2,0.370852038264275
305,1.28927097121874,0.732435648055328,2,0.370852038264275
7,1.32459477633238,0.736658634646713,2,0.370852038264275
11,1.32459477633238,0.455669044573381,2,0.370852038264275
16,1.32459477633238,0.976372945076315,2,0.370852038264275
19,1.32459477633238,0.986235550387075,2,0.370852038264275
20,1.32459477633238,3.33066907387547e-15,2,0.370852038264275
31,1.32459477633238,0.426826840780458,2,0.370852038264275
32,1.32459477633238,0.807376503348897,2,0.370852038264275
38,1.32459477633238,0.921127439809501,2,0.370852038264275
56,1.32459477633238,0.0169019410249087,2,0.370852038264275
57,1.32459477633238,0.736522481354802,2,0.370852038264275
60,1.32459477633238,0.646304863411175,2,0.370852038264275
67,1.32459477633238,0.753795653819813,2,0.370852038264275
68,1.32459477633238,0.987615414104193,2,0.370852038264275
70,1.32459477633238,0.780943965822242,2,0.370852038264275
73,1.32459477633238,0.968462783557256,2,0.370852038264275
79,1.32459477633238,0.811407385988733,2,0.370852038264275
93,1.32459477633238,0.254822879412249,2,0.370852038264275
98,1.32459477633238,0.979763280803538,2,0.370852038264275
102,1.32459477633238,0.875236161064127,2,0.370852038264275
112,1.32459477633238,0.0839099757955218,2,0.370852038264275
114,1.32459477633238,0.630991638317421,2,0.370852038264275
120,1.32459477633238,0.00447002642795413,2,0.370852038264275
127,1.32459477633238,0.85981488802194,2,0.370852038264275
141,1.32459477633238,0.614633916963905,2,0.370852038264275
146,1.32459477633238,0.852797792893059,2,0.370852038264275
148,1.32459477633238,0.533495760681344,2,0.370852038264275
153,1.32459477633238,0.975320629404022,2,0.370852038264275
159,1.32459477633238,0.189175580195127,2,0.370852038264275
168,1.32459477633238,0.982580117182737,2,0.370852038264275
177,1.32459477633238,0.555039292647195,2,0.370852038264275
185,1.32459477633238,0.0364613806161899,2,0.370852038264275
194,1.32459477633238,0.438909549841407,2,0.370852038264275
199,1.32459477633238,0.261414444875204,2,0.370852038264275
204,1.32459477633238,0.189671560398655,2,0.370852038264275
205,1.32459477633238,0.0825347800344994,2,0.370852038264275
209,1.32459477633238,0.961439145229189,2,0.370852038264275
225,1.32459477633238,0.96743682091275,2,0.370852038264275
238,1.32459477633238,0.916611293963018,2,0.370852038264275
245,1.32459477633238,0.932763495471381,2,0.370852038264275
246,1.32459477633238,0.0894757261208992,2,0.370852038264275
249,1.32459477633238,0.712936557431501,2,0.370852038264275
259,1.32459477633238,0.0792853620417108,2,0.370852038264275
272,1.32459477633238,0.983067008250001,2,0.370852038264275
273,1.32459477633238,0.212364744739724,2,0.370852038264275
282,1.32459477633238,0.821931811464073,2,0.370852038264275
296,1.32459477633238,0.815143263801331,2,0.370852038264275
299,1.32459477633238,0.563495974371149,2,0.370852038264275
302,1.32459477633238,0.933464440714165,2,0.370852038264275
305,1.32459477633238,0.718977096604883,2,0.370852038264275
7,1.35991858144601,0.720994841399562,2,0.370852038264275
11,1.35991858144601,0.439813336691482,2,0.370852038264275
16,1.35991858144601,0.974748853091683,2,0.370852038264275
19,1.35991858144601,0.98553887994299,2,0.370852038264275
20,1.35991858144601,2.22044604925031e-16,2,0.370852038264275
31,1.35991858144601,0.407304642602067,2,0.370852038264275
32,1.35991858144601,0.799205824259306,2,0.370852038264275
38,1.35991858144601,0.918198193086861,2,0.370852038264275
56,1.35991858144601,0.0134971431021955,2,0.370852038264275
57,1.35991858144601,0.723351376762329,2,0.370852038264275
60,1.35991858144601,0.632075146305722,2,0.370852038264275
67,1.35991858144601,0.740432751959847,2,0.370852038264275
68,1.35991858144601,0.986844980914276,2,0.370852038264275
70,1.35991858144601,0.765233547657711,2,0.370852038264275
73,1.35991858144601,0.965436788632674,2,0.370852038264275
79,1.35991858144601,0.794506094161388,2,0.370852038264275
93,1.35991858144601,0.232590842786534,2,0.370852038264275
98,1.35991858144601,0.978385706821423,2,0.370852038264275
102,1.35991858144601,0.868332337552757,2,0.370852038264275
112,1.35991858144601,0.0765005973419621,2,0.370852038264275
114,1.35991858144601,0.617542552304338,2,0.370852038264275
120,1.35991858144601,0.00394091801755825,2,0.370852038264275
127,1.35991858144601,0.847760935689533,2,0.370852038264275
141,1.35991858144601,0.598177944129298,2,0.370852038264275
146,1.35991858144601,0.839038505914052,2,0.370852038264275
148,1.35991858144601,0.517178605243735,2,0.370852038264275
153,1.35991858144601,0.973977835850622,2,0.370852038264275
159,1.35991858144601,0.17968835244333,2,0.370852038264275
168,1.35991858144601,0.981712602208408,2,0.370852038264275
177,1.35991858144601,0.538853228353943,2,0.370852038264275
185,1.35991858144601,0.0330828317015149,2,0.370852038264275
194,1.35991858144601,0.419099163300643,2,0.370852038264275
199,1.35991858144601,0.24981454211939,2,0.370852038264275
204,1.35991858144601,0.171491941297581,2,0.370852038264275
205,1.35991858144601,0.0737792473026397,2,0.370852038264275
209,1.35991858144601,0.959237610368166,2,0.370852038264275
225,1.35991858144601,0.965058537143373,2,0.370852038264275
238,1.35991858144601,0.910528062321226,2,0.370852038264275
245,1.35991858144601,0.92805485704267,2,0.370852038264275
246,1.35991858144601,0.0789068084260715,2,0.370852038264275
249,1.35991858144601,0.699472219900677,2,0.370852038264275
259,1.35991858144601,0.0734663776462047,2,0.370852038264275
272,1.35991858144601,0.981985572998182,2,0.370852038264275
273,1.35991858144601,0.202960874678056,2,0.370852038264275
282,1.35991858144601,0.808089205856541,2,0.370852038264275
296,1.35991858144601,0.800510926448201,2,0.370852038264275
299,1.35991858144601,0.551948593581567,2,0.370852038264275
302,1.35991858144601,0.927676982855104,2,0.370852038264275
305,1.35991858144601,0.705848966107775,2,0.370852038264275
7,1.39524238655965,0.705323724946129,2,0.370852038264275
11,1.39524238655965,0.424971602175046,2,0.370852038264275
16,1.39524238655965,0.973030248810793,2,0.370852038264275
19,1.39524238655965,0.984814745773596,2,0.370852038264275
20,1.39524238655965,0,2,0.370852038264275
31,1.39524238655965,0.388886733486975,2,0.370852038264275
32,1.39524238655965,0.791203291019929,2,0.370852038264275
38,1.39524238655965,0.915377124539716,2,0.370852038264275
56,1.39524238655965,0.0106547968480859,2,0.370852038264275
57,1.39524238655965,0.710291416256915,2,0.370852038264275
60,1.39524238655965,0.618379812416898,2,0.370852038264275
67,1.39524238655965,0.727436270089526,2,0.370852038264275
68,1.39524238655965,0.986031672704594,2,0.370852038264275
70,1.39524238655965,0.749255458369412,2,0.370852038264275
73,1.39524238655965,0.962135432027385,2,0.370852038264275
79,1.39524238655965,0.777076869385994,2,0.370852038264275
93,1.39524238655965,0.21194098562456,2,0.370852038264275
98,1.39524238655965,0.976921318761585,2,0.370852038264275
102,1.39524238655965,0.861225836593638,2,0.370852038264275
112,1.39524238655965,0.0699608147917792,2,0.370852038264275
114,1.39524238655965,0.604532787716912,2,0.370852038264275
120,1.39524238655965,0.00349936248208749,2,0.370852038264275
127,1.39524238655965,0.835447438985061,2,0.370852038264275
141,1.39524238655965,0.582551365526404,2,0.370852038264275
146,1.39524238655965,0.824938547379818,2,0.370852038264275
148,1.39524238655965,0.500881176220397,2,0.370852038264275
153,1.39524238655965,0.972581720990787,2,0.370852038264275
159,1.39524238655965,0.170766695330044,2,0.370852038264275
168,1.39524238655965,0.980816754178004,2,0.370852038264275
177,1.39524238655965,0.523183758812265,2,0.370852038264275
185,1.39524238655965,0.0301920136222664,2,0.370852038264275
194,1.39524238655965,0.400110438016892,2,0.370852038264275
199,1.39524238655965,0.238805943741966,2,0.370852038264275
204,1.39524238655965,0.154946073740509,2,0.370852038264275
205,1.39524238655965,0.0661677908189684,2,0.370852038264275
209,1.39524238655965,0.956954341053968,2,0.370852038264275
225,1.39524238655965,0.962629006853633,2,0.370852038264275
238,1.39524238655965,0.904141319259714,2,0.370852038264275
245,1.39524238655965,0.923350956618198,2,0.370852038264275
246,1.39524238655965,0.0697506506963744,2,0.370852038264275
249,1.39524238655965,0.686103753792013,2,0.370852038264275
259,1.39524238655965,0.0681524519741349,2,0.370852038264275
272,1.39524238655965,0.980848360204253,2,0.370852038264275
273,1.39524238655965,0.194199620561133,2,0.370852038264275
282,1.39524238655965,0.793872034464745,2,0.370852038264275
296,1.39524238655965,0.785355395952161,2,0.370852038264275
299,1.39524238655965,0.540622947122745,2,0.370852038264275
302,1.39524238655965,0.921467921227816,2,0.370852038264275
305,1.39524238655965,0.693131034714317,2,0.370852038264275
7,1.43056619167328,0.689707402555192,2,0.370852038264275
11,1.43056619167328,0.411116509514502,2,0.370852038264275
16,1.43056619167328,0.971211059686768,2,0.370852038264275
19,1.43056619167328,0.984100305938853,2,0.370852038264275
20,1.43056619167328,0,2,0.370852038264275
31,1.43056619167328,0.371542487921349,2,0.370852038264275
32,1.43056619167328,0.783400769346189,2,0.370852038264275
38,1.43056619167328,0.912502758565377,2,0.370852038264275
56,1.43056619167328,0.00828899278677209,2,0.370852038264275
57,1.43056619167328,0.696535191194294,2,0.370852038264275
60,1.43056619167328,0.605199083978835,2,0.370852038264275
67,1.43056619167328,0.715415869149794,2,0.370852038264275
68,1.43056619167328,0.985172864876297,2,0.370852038264275
70,1.43056619167328,0.733046631988218,2,0.370852038264275
73,1.43056619167328,0.958545003491873,2,0.370852038264275
79,1.43056619167328,0.759285644858688,2,0.370852038264275
93,1.43056619167328,0.207662200110915,2,0.370852038264275
98,1.43056619167328,0.975364386663448,2,0.370852038264275
102,1.43056619167328,0.853925081990562,2,0.370852038264275
112,1.43056619167328,0.0641658071887979,2,0.370852038264275
114,1.43056619167328,0.591967241654045,2,0.370852038264275
120,1.43056619167328,0.00313178894354271,2,0.370852038264275
127,1.43056619167328,0.823001550163189,2,0.370852038264275
141,1.43056619167328,0.567755504359404,2,0.370852038264275
146,1.43056619167328,0.810645940454024,2,0.370852038264275
148,1.43056619167328,0.484210733597032,2,0.370852038264275
153,1.43056619167328,0.971129042372326,2,0.370852038264275
159,1.43056619167328,0.162392843671469,2,0.370852038264275
168,1.43056619167328,0.979890860864939,2,0.370852038264275
177,1.43056619167328,0.508028382674261,2,0.370852038264275
185,1.43056619167328,0.0276581913652899,2,0.370852038264275
194,1.43056619167328,0.381944525889681,2,0.370852038264275
199,1.43056619167328,0.228373412159743,2,0.370852038264275
204,1.43056619167328,0.139975002444658,2,0.370852038264275
205,1.43056619167328,0.0591031258560946,2,0.370852038264275
209,1.43056619167328,0.954588641445414,2,0.370852038264275
225,1.43056619167328,0.959935449544688,2,0.370852038264275
238,1.43056619167328,0.897459864322394,2,0.370852038264275
245,1.43056619167328,0.918682872301843,2,0.370852038264275
246,1.43056619167328,0.0618035861479233,2,0.370852038264275
249,1.43056619167328,0.672864624655244,2,0.370852038264275
259,1.43056619167328,0.0632857700180248,2,0.370852038264275
272,1.43056619167328,0.979652515678742,2,0.370852038264275
273,1.43056619167328,0.186002500546554,2,0.370852038264275
282,1.43056619167328,0.779409784820116,2,0.370852038264275
296,1.43056619167328,0.769792031768313,2,0.370852038264275
299,1.43056619167328,0.52953729932679,2,0.370852038264275
302,1.43056619167328,0.914821700079605,2,0.370852038264275
305,1.43056619167328,0.680887242252256,2,0.370852038264275
7,0.656285350521406,0.996018681204487,2,0.629586011171341
11,0.656285350521406,0.986933464483813,2,0.629586011171341
16,0.656285350521406,0.999567495253334,2,0.629586011171341
19,0.656285350521406,0.999491431430597,2,0.629586011171341
31,0.656285350521406,0.995709016525089,2,0.629586011171341
32,0.656285350521406,0.997642970232047,2,0.629586011171341
38,0.656285350521406,0.99794689778626,2,0.629586011171341
57,0.656285350521406,0.991792524161129,2,0.629586011171341
60,0.656285350521406,0.998544980049267,2,0.629586011171341
67,0.656285350521406,0.996366530976717,2,0.629586011171341
68,0.656285350521406,0.999606067570093,2,0.629586011171341
70,0.656285350521406,0.996205879681517,2,0.629586011171341
73,0.656285350521406,0.999628115274126,2,0.629586011171341
79,0.656285350521406,0.998420408530389,2,0.629586011171341
93,0.656285350521406,0.695169619440251,2,0.629586011171341
98,0.656285350521406,0.999713158003534,2,0.629586011171341
102,0.656285350521406,0.998216175162775,2,0.629586011171341
112,0.656285350521406,0.968984124855442,2,0.629586011171341
114,0.656285350521406,0.991752359887569,2,0.629586011171341
127,0.656285350521406,0.99768780702126,2,0.629586011171341
141,0.656285350521406,0.995851298356037,2,0.629586011171341
146,0.656285350521406,0.99665497913052,2,0.629586011171341
153,0.656285350521406,0.999433545913642,2,0.629586011171341
168,0.656285350521406,0.999081608497624,2,0.629586011171341
177,0.656285350521406,0.977295153280305,2,0.629586011171341
185,0.656285350521406,0.952344188069877,2,0.629586011171341
194,0.656285350521406,0.996937546142014,2,0.629586011171341
199,0.656285350521406,0.98913338903925,2,0.629586011171341
209,0.656285350521406,0.999203937885619,2,0.629586011171341
225,0.656285350521406,0.998641805903474,2,0.629586011171341
245,0.656285350521406,0.999050476454505,2,0.629586011171341
249,0.656285350521406,0.993948565562954,2,0.629586011171341
7,0.68298468987147,0.991331009620117,2,0.629586011171341
11,0.68298468987147,0.972276185455834,2,0.629586011171341
16,0.68298468987147,0.999049318141896,2,0.629586011171341
19,0.68298468987147,0.999064571001826,2,0.629586011171341
31,0.68298468987147,0.993728849338669,2,0.629586011171341
32,0.68298468987147,0.997147924378692,2,0.629586011171341
38,0.68298468987147,0.995741666123558,2,0.629586011171341
57,0.68298468987147,0.977122345656298,2,0.629586011171341
60,0.68298468987147,0.996825183918267,2,0.629586011171341
67,0.68298468987147,0.992903937186348,2,0.629586011171341
68,0.68298468987147,0.999239105642545,2,0.629586011171341
70,0.68298468987147,0.992578335407457,2,0.629586011171341
73,0.68298468987147,0.999220023419269,2,0.629586011171341
79,0.68298468987147,0.997024731523609,2,0.629586011171341
93,0.68298468987147,0.540452766900919,2,0.629586011171341
98,0.68298468987147,0.999479666285873,2,0.629586011171341
102,0.68298468987147,0.995767845716855,2,0.629586011171341
112,0.68298468987147,0.944846263837045,2,0.629586011171341
114,0.68298468987147,0.983386348831942,2,0.629586011171341
127,0.68298468987147,0.99555824591174,2,0.629586011171341
141,0.68298468987147,0.991364800397703,2,0.629586011171341
146,0.68298468987147,0.992985090623889,2,0.629586011171341
153,0.68298468987147,0.998999685977178,2,0.629586011171341
168,0.68298468987147,0.998346577707957,2,0.629586011171341
177,0.68298468987147,0.953845005201132,2,0.629586011171341
185,0.68298468987147,0.904878962649446,2,0.629586011171341
194,0.68298468987147,0.993510445119621,2,0.629586011171341
199,0.68298468987147,0.977799257256738,2,0.629586011171341
209,0.68298468987147,0.998386380928097,2,0.629586011171341
225,0.68298468987147,0.997116010487819,2,0.629586011171341
245,0.68298468987147,0.998053851479192,2,0.629586011171341
249,0.68298468987147,0.987493853547413,2,0.629586011171341
7,0.709684029221535,0.987527655596006,2,0.629586011171341
11,0.709684029221535,0.956683799279463,2,0.629586011171341
16,0.709684029221535,0.998561264624899,2,0.629586011171341
19,0.709684029221535,0.998586674908117,2,0.629586011171341
31,0.709684029221535,0.989517430806389,2,0.629586011171341
32,0.709684029221535,0.995354809145068,2,0.629586011171341
38,0.709684029221535,0.993519453283541,2,0.629586011171341
57,0.709684029221535,0.963021151382023,2,0.629586011171341
60,0.709684029221535,0.994762508954789,2,0.629586011171341
67,0.709684029221535,0.988895614971115,2,0.629586011171341
68,0.709684029221535,0.998967497221265,2,0.629586011171341
70,0.709684029221535,0.988729959862798,2,0.629586011171341
73,0.709684029221535,0.999011114109558,2,0.629586011171341
79,0.709684029221535,0.995194117861713,2,0.629586011171341
93,0.709684029221535,0.403154037382382,2,0.629586011171341
98,0.709684029221535,0.999249273673027,2,0.629586011171341
102,0.709684029221535,0.993579748835531,2,0.629586011171341
112,0.709684029221535,0.919398418158965,2,0.629586011171341
114,0.709684029221535,0.974704257785663,2,0.629586011171341
127,0.709684029221535,0.993211841583229,2,0.629586011171341
141,0.709684029221535,0.986393806357144,2,0.629586011171341
146,0.709684029221535,0.988479297791183,2,0.629586011171341
153,0.709684029221535,0.998637194818269,2,0.629586011171341
168,0.709684029221535,0.997893507786594,2,0.629586011171341
177,0.709684029221535,0.929911674510276,2,0.629586011171341
185,0.709684029221535,0.855328142284689,2,0.629586011171341
194,0.709684029221535,0.990310070491854,2,0.629586011171341
199,0.709684029221535,0.965995308112042,2,0.629586011171341
209,0.709684029221535,0.997545181163026,2,0.629586011171341
225,0.709684029221535,0.995787524732097,2,0.629586011171341
245,0.709684029221535,0.997006557657199,2,0.629586011171341
249,0.709684029221535,0.980615253364447,2,0.629586011171341
7,0.736383368571599,0.98282434402858,2,0.629586011171341
11,0.736383368571599,0.940521876900371,2,0.629586011171341
16,0.736383368571599,0.997959625428147,2,0.629586011171341
19,0.736383368571599,0.99806097486824,2,0.629586011171341
31,0.736383368571599,0.985424508720175,2,0.629586011171341
32,0.736383368571599,0.993277933086202,2,0.629586011171341
38,0.736383368571599,0.991934754305026,2,0.629586011171341
57,0.736383368571599,0.952916919928698,2,0.629586011171341
60,0.736383368571599,0.993480960231167,2,0.629586011171341
67,0.736383368571599,0.985240791217074,2,0.629586011171341
68,0.736383368571599,0.998669566484385,2,0.629586011171341
70,0.736383368571599,0.984799119419231,2,0.629586011171341
73,0.736383368571599,0.998673122328014,2,0.629586011171341
79,0.736383368571599,0.993539964493954,2,0.629586011171341
93,0.736383368571599,0.290636234140205,2,0.629586011171341
98,0.736383368571599,0.998938892118308,2,0.629586011171341
102,0.736383368571599,0.990943896386936,2,0.629586011171341
112,0.736383368571599,0.887688020306827,2,0.629586011171341
114,0.736383368571599,0.965644258555948,2,0.629586011171341
127,0.736383368571599,0.990288104726163,2,0.629586011171341
141,0.736383368571599,0.981147834912367,2,0.629586011171341
146,0.736383368571599,0.984087563011255,2,0.629586011171341
153,0.736383368571599,0.998028864553659,2,0.629586011171341
168,0.736383368571599,0.997133909119237,2,0.629586011171341
177,0.736383368571599,0.905783901643293,2,0.629586011171341
185,0.736383368571599,0.805642145229845,2,0.629586011171341
194,0.736383368571599,0.987041224133268,2,0.629586011171341
199,0.736383368571599,0.953724559496261,2,0.629586011171341
209,0.736383368571599,0.996678135993632,2,0.629586011171341
225,0.736383368571599,0.994137167622947,2,0.629586011171341
245,0.736383368571599,0.995904800700451,2,0.629586011171341
249,0.736383368571599,0.973294387893605,2,0.629586011171341
7,0.763082707921664,0.978464943313411,2,0.629586011171341
11,0.763082707921664,0.925196210791345,2,0.629586011171341
16,0.763082707921664,0.997409770195017,2,0.629586011171341
19,0.763082707921664,0.997622583815695,2,0.629586011171341
31,0.763082707921664,0.979557204998856,2,0.629586011171341
32,0.763082707921664,0.990647399414702,2,0.629586011171341
38,0.763082707921664,0.990007341514897,2,0.629586011171341
57,0.763082707921664,0.937097520193453,2,0.629586011171341
60,0.763082707921664,0.991631248966718,2,0.629586011171341
67,0.763082707921664,0.981553715134613,2,0.629586011171341
68,0.763082707921664,0.99835364256581,2,0.629586011171341
70,0.763082707921664,0.98024534885139,2,0.629586011171341
73,0.763082707921664,0.998314513396232,2,0.629586011171341
79,0.763082707921664,0.992067744125645,2,0.629586011171341
93,0.763082707921664,0.267948100296888,2,0.629586011171341
98,0.763082707921664,0.998824471203002,2,0.629586011171341
102,0.763082707921664,0.988319475204799,2,0.629586011171341
112,0.763082707921664,0.858387257247366,2,0.629586011171341
114,0.763082707921664,0.957858598665728,2,0.629586011171341
127,0.763082707921664,0.987406840964099,2,0.629586011171341
141,0.763082707921664,0.975483762645042,2,0.629586011171341
146,0.763082707921664,0.979141153847983,2,0.629586011171341
153,0.763082707921664,0.997552944188457,2,0.629586011171341
168,0.763082707921664,0.995985684729683,2,0.629586011171341
177,0.763082707921664,0.881757827571158,2,0.629586011171341
185,0.763082707921664,0.756239732028682,2,0.629586011171341
194,0.763082707921664,0.983267914336962,2,0.629586011171341
199,0.763082707921664,0.940996070843666,2,0.629586011171341
209,0.763082707921664,0.99578297932901,2,0.629586011171341
225,0.763082707921664,0.992630370133363,2,0.629586011171341
245,0.763082707921664,0.99474454670306,2,0.629586011171341
249,0.763082707921664,0.965516046537661,2,0.629586011171341
7,0.789782047271729,0.972817196870925,2,0.629586011171341
11,0.789782047271729,0.909050147672807,2,0.629586011171341
16,0.789782047271729,0.996766431309077,2,0.629586011171341
19,0.789782047271729,0.99709653457659,2,0.629586011171341
31,0.789782047271729,0.975313814007848,2,0.629586011171341
32,0.789782047271729,0.987533690429502,2,0.629586011171341
38,0.789782047271729,0.987758395473817,2,0.629586011171341
57,0.789782047271729,0.921172856273249,2,0.629586011171341
60,0.789782047271729,0.989473390092869,2,0.629586011171341
67,0.789782047271729,0.977610822490073,2,0.629586011171341
68,0.789782047271729,0.998006824192521,2,0.629586011171341
70,0.789782047271729,0.97593037559595,2,0.629586011171341
73,0.789782047271729,0.997965244208618,2,0.629586011171341
79,0.789782047271729,0.990481423585068,2,0.629586011171341
93,0.789782047271729,0.194499490936964,2,0.629586011171341
98,0.789782047271729,0.998601113745875,2,0.629586011171341
102,0.789782047271729,0.986790108721401,2,0.629586011171341
112,0.789782047271729,0.829024532428517,2,0.629586011171341
114,0.789782047271729,0.947703190690538,2,0.629586011171341
127,0.789782047271729,0.984386154602332,2,0.629586011171341
141,0.789782047271729,0.969375933590356,2,0.629586011171341
146,0.789782047271729,0.973663193517615,2,0.629586011171341
153,0.789782047271729,0.997100803499814,2,0.629586011171341
168,0.789782047271729,0.995157243287859,2,0.629586011171341
177,0.789782047271729,0.858116441676005,2,0.629586011171341
185,0.789782047271729,0.707461953360234,2,0.629586011171341
194,0.789782047271729,0.979382478292172,2,0.629586011171341
199,0.789782047271729,0.927825600711979,2,0.629586011171341
209,0.789782047271729,0.994857373240911,2,0.629586011171341
225,0.789782047271729,0.990962252105012,2,0.629586011171341
245,0.789782047271729,0.993521510001565,2,0.629586011171341
249,0.789782047271729,0.957269254244828,2,0.629586011171341
7,0.816481386621793,0.967602165673382,2,0.629586011171341
11,0.816481386621793,0.891160366624385,2,0.629586011171341
16,0.816481386621793,0.996062695849486,2,0.629586011171341
19,0.816481386621793,0.996684172088074,2,0.629586011171341
31,0.816481386621793,0.972643016086788,2,0.629586011171341
32,0.816481386621793,0.986192245710432,2,0.629586011171341
38,0.816481386621793,0.985534827406336,2,0.629586011171341
57,0.816481386621793,0.902423757688086,2,0.629586011171341
60,0.816481386621793,0.988005249970137,2,0.629586011171341
67,0.816481386621793,0.973470625849623,2,0.629586011171341
68,0.816481386621793,0.997711621861144,2,0.629586011171341
70,0.816481386621793,0.971240389979782,2,0.629586011171341
73,0.816481386621793,0.997620306982026,2,0.629586011171341
79,0.816481386621793,0.988366379063905,2,0.629586011171341
93,0.816481386621793,0.132140524090263,2,0.629586011171341
98,0.816481386621793,0.998389992388405,2,0.629586011171341
102,0.816481386621793,0.98406409526561,2,0.629586011171341
112,0.816481386621793,0.802087288098329,2,0.629586011171341
114,0.816481386621793,0.938633030129214,2,0.629586011171341
127,0.816481386621793,0.980913547381398,2,0.629586011171341
141,0.816481386621793,0.962972152475988,2,0.629586011171341
146,0.816481386621793,0.96765804951292,2,0.629586011171341
153,0.816481386621793,0.996672039584229,2,0.629586011171341
168,0.816481386621793,0.9943171237241,2,0.629586011171341
177,0.816481386621793,0.835111690827455,2,0.629586011171341
185,0.816481386621793,0.659824561463966,2,0.629586011171341
194,0.816481386621793,0.975856337104012,2,0.629586011171341
199,0.816481386621793,0.914236142063593,2,0.629586011171341
209,0.816481386621793,0.993898900122317,2,0.629586011171341
225,0.816481386621793,0.989279060177976,2,0.629586011171341
245,0.816481386621793,0.992231141953939,2,0.629586011171341
249,0.816481386621793,0.94859356886242,2,0.629586011171341
7,0.843180725971858,0.962169844970894,2,0.629586011171341
11,0.843180725971858,0.871596755155241,2,0.629586011171341
16,0.843180725971858,0.99555313356671,2,0.629586011171341
19,0.843180725971858,0.996148008000951,2,0.629586011171341
31,0.843180725971858,0.968340917888566,2,0.629586011171341
32,0.843180725971858,0.984471615828716,2,0.629586011171341
38,0.843180725971858,0.983454935091236,2,0.629586011171341
57,0.843180725971858,0.889616394731935,2,0.629586011171341
60,0.843180725971858,0.986903227681502,2,0.629586011171341
67,0.843180725971858,0.96931187536944,2,0.629586011171341
68,0.843180725971858,0.997245702277845,2,0.629586011171341
70,0.843180725971858,0.966918098962053,2,0.629586011171341
73,0.843180725971858,0.997211118539252,2,0.629586011171341
79,0.843180725971858,0.986673333899218,2,0.629586011171341
93,0.843180725971858,0.0880442023430541,2,0.629586011171341
98,0.843180725971858,0.998069770925748,2,0.629586011171341
102,0.843180725971858,0.981376747467868,2,0.629586011171341
112,0.843180725971858,0.774256794056204,2,0.629586011171341
114,0.843180725971858,0.929417693422173,2,0.629586011171341
127,0.843180725971858,0.977278664996341,2,0.629586011171341
141,0.843180725971858,0.955914659641077,2,0.629586011171341
146,0.843180725971858,0.960563811415061,2,0.629586011171341
153,0.843180725971858,0.996023654912394,2,0.629586011171341
168,0.843180725971858,0.99347941239071,2,0.629586011171341
177,0.843180725971858,0.812952568720135,2,0.629586011171341
185,0.843180725971858,0.611607363621719,2,0.629586011171341
194,0.843180725971858,0.97224564072328,2,0.629586011171341
199,0.843180725971858,0.900258277106081,2,0.629586011171341
209,0.843180725971858,0.992905055357223,2,0.629586011171341
225,0.843180725971858,0.98705223976906,2,0.629586011171341
245,0.843180725971858,0.99086862102681,2,0.629586011171341
249,0.843180725971858,0.939400730122538,2,0.629586011171341
7,0.869880065321922,0.957102030918915,2,0.629586011171341
11,0.869880065321922,0.853097335969983,2,0.629586011171341
16,0.869880065321922,0.994927280510299,2,0.629586011171341
19,0.869880065321922,0.995813239945411,2,0.629586011171341
31,0.869880065321922,0.96336546455083,2,0.629586011171341
32,0.869880065321922,0.982329767506665,2,0.629586011171341
38,0.869880065321922,0.980746370101623,2,0.629586011171341
57,0.869880065321922,0.87055243522809,2,0.629586011171341
60,0.869880065321922,0.984516692020403,2,0.629586011171341
67,0.869880065321922,0.963971079731401,2,0.629586011171341
68,0.869880065321922,0.996966432174436,2,0.629586011171341
70,0.869880065321922,0.961082560428687,2,0.629586011171341
73,0.869880065321922,0.997007835544584,2,0.629586011171341
79,0.869880065321922,0.984970958914863,2,0.629586011171341
93,0.869880065321922,0.0575447280403281,2,0.629586011171341
98,0.869880065321922,0.997886512765783,2,0.629586011171341
102,0.869880065321922,0.979050687512968,2,0.629586011171341
112,0.869880065321922,0.739864396507034,2,0.629586011171341
114,0.869880065321922,0.919567247405975,2,0.629586011171341
127,0.869880065321922,0.973451866904343,2,0.629586011171341
141,0.869880065321922,0.948349984899323,2,0.629586011171341
146,0.869880065321922,0.953331969524931,2,0.629586011171341
153,0.869880065321922,0.995570781694187,2,0.629586011171341
168,0.869880065321922,0.992587982086232,2,0.629586011171341
177,0.869880065321922,0.791800266742012,2,0.629586011171341
185,0.869880065321922,0.566649998162244,2,0.629586011171341
194,0.869880065321922,0.968546576130437,2,0.629586011171341
199,0.869880065321922,0.886125906658646,2,0.629586011171341
209,0.869880065321922,0.991873240526467,2,0.629586011171341
225,0.869880065321922,0.985142097500517,2,0.629586011171341
245,0.869880065321922,0.98942884467567,2,0.629586011171341
249,0.869880065321922,0.929743988463598,2,0.629586011171341
7,0.896579404671987,0.951064890956304,2,0.629586011171341
11,0.896579404671987,0.832433627553399,2,0.629586011171341
16,0.896579404671987,0.994230841548448,2,0.629586011171341
19,0.896579404671987,0.995309353561478,2,0.629586011171341
31,0.896579404671987,0.95891984237259,2,0.629586011171341
32,0.896579404671987,0.980426249971158,2,0.629586011171341
38,0.896579404671987,0.978422904765094,2,0.629586011171341
57,0.896579404671987,0.851793827528429,2,0.629586011171341
60,0.896579404671987,0.982690177524151,2,0.629586011171341
67,0.896579404671987,0.959340951817333,2,0.629586011171341
68,0.896579404671987,0.996620402560449,2,0.629586011171341
70,0.896579404671987,0.955779344739632,2,0.629586011171341
73,0.896579404671987,0.996545366528483,2,0.629586011171341
79,0.896579404671987,0.983184125882637,2,0.629586011171341
93,0.896579404671987,0.0375346076727213,2,0.629586011171341
98,0.896579404671987,0.997670548377599,2,0.629586011171341
102,0.896579404671987,0.976700840277196,2,0.629586011171341
112,0.896579404671987,0.712084179912973,2,0.629586011171341
114,0.896579404671987,0.909890366457189,2,0.629586011171341
127,0.896579404671987,0.969316926834901,2,0.629586011171341
141,0.896579404671987,0.940268612401906,2,0.629586011171341
146,0.896579404671987,0.945395187351862,2,0.629586011171341
153,0.896579404671987,0.99508222581636,2,0.629586011171341
168,0.896579404671987,0.991888162203424,2,0.629586011171341
177,0.896579404671987,0.771768734183283,2,0.629586011171341
185,0.896579404671987,0.523043475279086,2,0.629586011171341
194,0.896579404671987,0.964755447797347,2,0.629586011171341
199,0.896579404671987,0.871495414607496,2,0.629586011171341
209,0.896579404671987,0.990800757202892,2,0.629586011171341
225,0.896579404671987,0.983120140134287,2,0.629586011171341
245,0.896579404671987,0.987906423606971,2,0.629586011171341
249,0.896579404671987,0.919641503833945,2,0.629586011171341
7,0.923278744022051,0.945606774538406,2,0.629586011171341
11,0.923278744022051,0.810943807744615,2,0.629586011171341
16,0.923278744022051,0.993511374539061,2,0.629586011171341
19,0.923278744022051,0.99480154485294,2,0.629586011171341
31,0.923278744022051,0.954409047875727,2,0.629586011171341
32,0.923278744022051,0.978549615992544,2,0.629586011171341
38,0.923278744022051,0.976394180654995,2,0.629586011171341
57,0.923278744022051,0.832170900550298,2,0.629586011171341
60,0.923278744022051,0.980874076668418,2,0.629586011171341
67,0.923278744022051,0.954528971675053,2,0.629586011171341
68,0.923278744022051,0.996248585278005,2,0.629586011171341
70,0.923278744022051,0.95005165012541,2,0.629586011171341
73,0.923278744022051,0.996177865560449,2,0.629586011171341
79,0.923278744022051,0.980688626395043,2,0.629586011171341
93,0.923278744022051,0.0198936644143988,2,0.629586011171341
98,0.923278744022051,0.997455738312344,2,0.629586011171341
102,0.923278744022051,0.974325510042843,2,0.629586011171341
112,0.923278744022051,0.684474150258981,2,0.629586011171341
114,0.923278744022051,0.899948577246582,2,0.629586011171341
127,0.923278744022051,0.964847182344554,2,0.629586011171341
141,0.923278744022051,0.931666618780043,2,0.629586011171341
146,0.923278744022051,0.936700843217388,2,0.629586011171341
153,0.923278744022051,0.994590281591901,2,0.629586011171341
168,0.923278744022051,0.990809308102013,2,0.629586011171341
177,0.923278744022051,0.7529275081342,2,0.629586011171341
185,0.923278744022051,0.480879328033033,2,0.629586011171341
194,0.923278744022051,0.960868699660197,2,0.629586011171341
199,0.923278744022051,0.856613106517363,2,0.629586011171341
209,0.923278744022051,0.989684801417894,2,0.629586011171341
225,0.923278744022051,0.980843840312604,2,0.629586011171341
245,0.923278744022051,0.986295679134828,2,0.629586011171341
249,0.923278744022051,0.909121481811183,2,0.629586011171341
7,0.949978083372116,0.939959885880576,2,0.629586011171341
11,0.949978083372116,0.788670776081116,2,0.629586011171341
16,0.949978083372116,0.992767617934265,2,0.629586011171341
19,0.949978083372116,0.994289599880598,2,0.629586011171341
31,0.949978083372116,0.94983026507305,2,0.629586011171341
32,0.949978083372116,0.976698043943329,2,0.629586011171341
38,0.949978083372116,0.974274953583038,2,0.629586011171341
57,0.949978083372116,0.812849089040141,2,0.629586011171341
60,0.949978083372116,0.97905894429898,2,0.629586011171341
67,0.949978083372116,0.94952710949575,2,0.629586011171341
68,0.949978083372116,0.995870398959051,2,0.629586011171341
70,0.949978083372116,0.944181263456639,2,0.629586011171341
73,0.949978083372116,0.995803705162695,2,0.629586011171341
79,0.949978083372116,0.978772972070461,2,0.629586011171341
93,0.949978083372116,0.0125130057666867,2,0.629586011171341
98,0.949978083372116,0.99724185321735,2,0.629586011171341
102,0.949978083372116,0.971262787242455,2,0.629586011171341
112,0.949978083372116,0.657098012012131,2,0.629586011171341
114,0.949978083372116,0.890121459023382,2,0.629586011171341
127,0.949978083372116,0.959613860769476,2,0.629586011171341
141,0.949978083372116,0.922548168389747,2,0.629586011171341
146,0.949978083372116,0.927200508885508,2,0.629586011171341
153,0.949978083372116,0.994165561137613,2,0.629586011171341
168,0.949978083372116,0.989830295543718,2,0.629586011171341
177,0.949978083372116,0.735304424623755,2,0.629586011171341
185,0.949978083372116,0.440365113439038,2,0.629586011171341
194,0.949978083372116,0.956344333010426,2,0.629586011171341
199,0.949978083372116,0.841537915823522,2,0.629586011171341
209,0.949978083372116,0.988522458893905,2,0.629586011171341
225,0.949978083372116,0.978692209968141,2,0.629586011171341
245,0.949978083372116,0.984590644488569,2,0.629586011171341
249,0.949978083372116,0.898222718595072,2,0.629586011171341
7,0.976677422722181,0.934117167901244,2,0.629586011171341
11,0.976677422722181,0.765673025884447,2,0.629586011171341
16,0.976677422722181,0.991998241726993,2,0.629586011171341
19,0.976677422722181,0.993773050654837,2,0.629586011171341
31,0.976677422722181,0.946290366753299,2,0.629586011171341
32,0.976677422722181,0.976161398704577,2,0.629586011171341
38,0.976677422722181,0.972883259322149,2,0.629586011171341
57,0.976677422722181,0.791536431900852,2,0.629586011171341
60,0.976677422722181,0.977243716548595,2,0.629586011171341
67,0.976677422722181,0.944056091840056,2,0.629586011171341
68,0.976677422722181,0.995485514061455,2,0.629586011171341
70,0.976677422722181,0.938007623746618,2,0.629586011171341
73,0.976677422722181,0.995399471970334,2,0.629586011171341
79,0.976677422722181,0.976800852876352,2,0.629586011171341
93,0.976677422722181,0.00795193656661608,2,0.629586011171341
98,0.976677422722181,0.997028667403284,2,0.629586011171341
102,0.976677422722181,0.968896252271496,2,0.629586011171341
112,0.976677422722181,0.630016179869182,2,0.629586011171341
114,0.976677422722181,0.880148962656991,2,0.629586011171341
127,0.976677422722181,0.954360227657031,2,0.629586011171341
141,0.976677422722181,0.912927152726954,2,0.629586011171341
146,0.976677422722181,0.916853082896962,2,0.629586011171341
153,0.976677422722181,0.993667361042148,2,0.629586011171341
168,0.976677422722181,0.988817322260158,2,0.629586011171341
177,0.976677422722181,0.718887943380241,2,0.629586011171341
185,0.976677422722181,0.401788728009343,2,0.629586011171341
194,0.976677422722181,0.952328265484954,2,0.629586011171341
199,0.976677422722181,0.826333631421704,2,0.629586011171341
209,0.976677422722181,0.987310701180133,2,0.629586011171341
225,0.976677422722181,0.975646823278105,2,0.629586011171341
245,0.976677422722181,0.982785071061134,2,0.629586011171341
249,0.976677422722181,0.886994559331921,2,0.629586011171341
7,1.00337676207225,0.928071649069261,2,0.629586011171341
11,1.00337676207225,0.741181500172531,2,0.629586011171341
16,1.00337676207225,0.991201843198561,2,0.629586011171341
19,1.00337676207225,0.993293297353625,2,0.629586011171341
31,1.00337676207225,0.941167928545587,2,0.629586011171341
32,1.00337676207225,0.974710657016341,2,0.629586011171341
38,1.00337676207225,0.970798881887873,2,0.629586011171341
57,1.00337676207225,0.767052051679589,2,0.629586011171341
60,1.00337676207225,0.976295236443521,2,0.629586011171341
67,1.00337676207225,0.938461741320325,2,0.629586011171341
68,1.00337676207225,0.995093591752057,2,0.629586011171341
70,1.00337676207225,0.930977374379289,2,0.629586011171341
73,1.00337676207225,0.995009999235918,2,0.629586011171341
79,1.00337676207225,0.974769681061335,2,0.629586011171341
93,1.00337676207225,0.00656769193463669,2,0.629586011171341
98,1.00337676207225,0.996815958175471,2,0.629586011171341
102,1.00337676207225,0.967287885984146,2,0.629586011171341
112,1.00337676207225,0.60543513182382,2,0.629586011171341
114,1.00337676207225,0.870034123853277,2,0.629586011171341
127,1.00337676207225,0.948613075132359,2,0.629586011171341
141,1.00337676207225,0.902828286636343,2,0.629586011171341
146,1.00337676207225,0.905628461997095,2,0.629586011171341
153,1.00337676207225,0.993276968991378,2,0.629586011171341
168,1.00337676207225,0.987768332216504,2,0.629586011171341
177,1.00337676207225,0.703630341983954,2,0.629586011171341
185,1.00337676207225,0.365453066080778,2,0.629586011171341
194,1.00337676207225,0.948122670902607,2,0.629586011171341
199,1.00337676207225,0.811067297486028,2,0.629586011171341
209,1.00337676207225,0.986046382848015,2,0.629586011171341
225,1.00337676207225,0.973058961674205,2,0.629586011171341
245,1.00337676207225,0.980872440770331,2,0.629586011171341
249,1.00337676207225,0.875496072856701,2,0.629586011171341
7,1.03007610142231,0.920619993908368,2,0.629586011171341
11,1.03007610142231,0.717371206027263,2,0.629586011171341
16,1.03007610142231,0.990488541134903,2,0.629586011171341
19,1.03007610142231,0.992876643980307,2,0.629586011171341
31,1.03007610142231,0.937163260810175,2,0.629586011171341
32,1.03007610142231,0.973263381864129,2,0.629586011171341
38,1.03007610142231,0.968394663522931,2,0.629586011171341
57,1.03007610142231,0.746152046068733,2,0.629586011171341
60,1.03007610142231,0.974583112542026,2,0.629586011171341
67,1.03007610142231,0.933002591001455,2,0.629586011171341
68,1.03007610142231,0.994694283278997,2,0.629586011171341
70,1.03007610142231,0.92394535996123,2,0.629586011171341
73,1.03007610142231,0.994598002395416,2,0.629586011171341
79,1.03007610142231,0.972676811600709,2,0.629586011171341
93,1.03007610142231,0.00480806813336254,2,0.629586011171341
98,1.03007610142231,0.996633716403561,2,0.629586011171341
102,1.03007610142231,0.964944760394725,2,0.629586011171341
112,1.03007610142231,0.575145239783425,2,0.629586011171341
114,1.03007610142231,0.85978118683277,2,0.629586011171341
127,1.03007610142231,0.942498013932007,2,0.629586011171341
141,1.03007610142231,0.892287804510627,2,0.629586011171341
146,1.03007610142231,0.893511535282052,2,0.629586011171341
153,1.03007610142231,0.992664894102299,2,0.629586011171341
168,1.03007610142231,0.986681151564004,2,0.629586011171341
177,1.03007610142231,0.68945296710683,2,0.629586011171341
185,1.03007610142231,0.331377217504721,2,0.629586011171341
194,1.03007610142231,0.943809179064965,2,0.629586011171341
199,1.03007610142231,0.795807340228661,2,0.629586011171341
209,1.03007610142231,0.984726239940746,2,0.629586011171341
225,1.03007610142231,0.97031193987399,2,0.629586011171341
245,1.03007610142231,0.978845985866786,2,0.629586011171341
249,1.03007610142231,0.863794274929769,2,0.629586011171341
7,1.05677544077237,0.913523756374209,2,0.629586011171341
11,1.05677544077237,0.69272383971541,2,0.629586011171341
16,1.05677544077237,0.989719996145364,2,0.629586011171341
19,1.05677544077237,0.992346712596086,2,0.629586011171341
31,1.05677544077237,0.932312126124978,2,0.629586011171341
32,1.05677544077237,0.971601142174481,2,0.629586011171341
38,1.05677544077237,0.966232759587509,2,0.629586011171341
57,1.05677544077237,0.722544116427614,2,0.629586011171341
60,1.05677544077237,0.972779325895888,2,0.629586011171341
67,1.05677544077237,0.927138857274008,2,0.629586011171341
68,1.05677544077237,0.994316464693576,2,0.629586011171341
70,1.05677544077237,0.916740086355677,2,0.629586011171341
73,1.05677544077237,0.994078988368911,2,0.629586011171341
79,1.05677544077237,0.970519544837772,2,0.629586011171341
93,1.05677544077237,0.0036840437386112,2,0.629586011171341
98,1.05677544077237,0.996421997260353,2,0.629586011171341
102,1.05677544077237,0.96242280629827,2,0.629586011171341
112,1.05677544077237,0.549278440116621,2,0.629586011171341
114,1.05677544077237,0.848272793625885,2,0.629586011171341
127,1.05677544077237,0.93585019020288,2,0.629586011171341
141,1.05677544077237,0.881353598393629,2,0.629586011171341
146,1.05677544077237,0.880514693729893,2,0.629586011171341
153,1.05677544077237,0.992131354812344,2,0.629586011171341
168,1.05677544077237,0.985553481540514,2,0.629586011171341
177,1.05677544077237,0.676253777490369,2,0.629586011171341
185,1.05677544077237,0.300235622192984,2,0.629586011171341
194,1.05677544077237,0.939385474688824,2,0.629586011171341
199,1.05677544077237,0.780621529382872,2,0.629586011171341
209,1.05677544077237,0.983346889906467,2,0.629586011171341
225,1.05677544077237,0.967394715856654,2,0.629586011171341
245,1.05677544077237,0.976698717698367,2,0.629586011171341
249,1.05677544077237,0.851961311331795,2,0.629586011171341
7,1.08347478012244,0.906775814077051,2,0.629586011171341
11,1.08347478012244,0.667737597900507,2,0.629586011171341
16,1.08347478012244,0.988839291042747,2,0.629586011171341
19,1.08347478012244,0.991810180897018,2,0.629586011171341
31,1.08347478012244,0.927379789896867,2,0.629586011171341
32,1.08347478012244,0.969898751652405,2,0.629586011171341
38,1.08347478012244,0.964053954084879,2,0.629586011171341
57,1.08347478012244,0.69829238297099,2,0.629586011171341
60,1.08347478012244,0.970970955104863,2,0.629586011171341
67,1.08347478012244,0.921044765672348,2,0.629586011171341
68,1.08347478012244,0.993962937601833,2,0.629586011171341
70,1.08347478012244,0.909173127583265,2,0.629586011171341
73,1.08347478012244,0.993839044958467,2,0.629586011171341
79,1.08347478012244,0.968295130003668,2,0.629586011171341
93,1.08347478012244,0.00306696957367447,2,0.629586011171341
98,1.08347478012244,0.996209966354324,2,0.629586011171341
102,1.08347478012244,0.9600944728167,2,0.629586011171341
112,1.08347478012244,0.52271755328881,2,0.629586011171341
114,1.08347478012244,0.837945852527505,2,0.629586011171341
127,1.08347478012244,0.928663631062588,2,0.629586011171341
141,1.08347478012244,0.870084664072195,2,0.629586011171341
146,1.08347478012244,0.866049232163514,2,0.629586011171341
153,1.08347478012244,0.991611791529597,2,0.629586011171341
168,1.08347478012244,0.984382891191471,2,0.629586011171341
177,1.08347478012244,0.663916564203677,2,0.629586011171341
185,1.08347478012244,0.271857246682203,2,0.629586011171341
194,1.08347478012244,0.934849509841588,2,0.629586011171341
199,1.08347478012244,0.765574922201876,2,0.629586011171341
209,1.08347478012244,0.98190483327855,2,0.629586011171341
225,1.08347478012244,0.964295657281998,2,0.629586011171341
245,1.08347478012244,0.974423466094923,2,0.629586011171341
249,1.08347478012244,0.840070655110732,2,0.629586011171341
7,1.1101741194725,0.899799538355179,2,0.629586011171341
11,1.1101741194725,0.64253854842573,2,0.629586011171341
16,1.1101741194725,0.988089361597045,2,0.629586011171341
19,1.1101741194725,0.991266513608701,2,0.629586011171341
31,1.1101741194725,0.922364129183792,2,0.629586011171341
32,1.1101741194725,0.968193032739198,2,0.629586011171341
38,1.1101741194725,0.961857268423173,2,0.629586011171341
57,1.1101741194725,0.67348510343774,2,0.629586011171341
60,1.1101741194725,0.969157333600649,2,0.629586011171341
67,1.1101741194725,0.914713117267508,2,0.629586011171341
68,1.1101741194725,0.993490432745987,2,0.629586011171341
70,1.1101741194725,0.901231286519476,2,0.629586011171341
73,1.1101741194725,0.99334964641819,2,0.629586011171341
79,1.1101741194725,0.966035529183979,2,0.629586011171341
93,1.1101741194725,0.00247625552111364,2,0.629586011171341
98,1.1101741194725,0.995997527876475,2,0.629586011171341
102,1.1101741194725,0.956544849827787,2,0.629586011171341
112,1.1101741194725,0.497966851879122,2,0.629586011171341
114,1.1101741194725,0.826487643115341,2,0.629586011171341
127,1.1101741194725,0.920898387050303,2,0.629586011171341
141,1.1101741194725,0.85854977430586,2,0.629586011171341
146,1.1101741194725,0.851353367759547,2,0.629586011171341
153,1.1101741194725,0.991085945315805,2,0.629586011171341
168,1.1101741194725,0.983197268576924,2,0.629586011171341
177,1.1101741194725,0.652320687505215,2,0.629586011171341
185,1.1101741194725,0.245472675037646,2,0.629586011171341
194,1.1101741194725,0.930199619588483,2,0.629586011171341
199,1.1101741194725,0.750727970308906,2,0.629586011171341
209,1.1101741194725,0.980396457421019,2,0.629586011171341
225,1.1101741194725,0.96100256553025,2,0.629586011171341
245,1.1101741194725,0.972012931190762,2,0.629586011171341
249,1.1101741194725,0.828192580577712,2,0.629586011171341
7,1.13687345882257,0.892589550382649,2,0.629586011171341
11,1.13687345882257,0.617258683126306,2,0.629586011171341
16,1.13687345882257,0.987144513777779,2,0.629586011171341
19,1.13687345882257,0.990715157667246,2,0.629586011171341
31,1.13687345882257,0.917263189885892,2,0.629586011171341
32,1.13687345882257,0.966499822980329,2,0.629586011171341
38,1.13687345882257,0.959641507483807,2,0.629586011171341
57,1.13687345882257,0.648225766185633,2,0.629586011171341
60,1.13687345882257,0.96724305745135,2,0.629586011171341
67,1.13687345882257,0.908137221294211,2,0.629586011171341
68,1.13687345882257,0.993059414931754,2,0.629586011171341
70,1.13687345882257,0.892902389513449,2,0.629586011171341
73,1.13687345882257,0.992913102606954,2,0.629586011171341
79,1.13687345882257,0.962956304247228,2,0.629586011171341
93,1.13687345882257,0.00194744660596013,2,0.629586011171341
98,1.13687345882257,0.995784465296169,2,0.629586011171341
102,1.13687345882257,0.953895033749522,2,0.629586011171341
112,1.13687345882257,0.473838331997958,2,0.629586011171341
114,1.13687345882257,0.815732552211906,2,0.629586011171341
127,1.13687345882257,0.912059612612294,2,0.629586011171341
141,1.13687345882257,0.84682537721075,2,0.629586011171341
146,1.13687345882257,0.835920817685624,2,0.629586011171341
153,1.13687345882257,0.99055338323592,2,0.629586011171341
168,1.13687345882257,0.981935753124607,2,0.629586011171341
177,1.13687345882257,0.641349925359266,2,0.629586011171341
185,1.13687345882257,0.222573669052263,2,0.629586011171341
194,1.13687345882257,0.925434565548593,2,0.629586011171341
199,1.13687345882257,0.736134983180771,2,0.629586011171341
209,1.13687345882257,0.978818042681349,2,0.629586011171341
225,1.13687345882257,0.957502716882111,2,0.629586011171341
245,1.13687345882257,0.96945974956805,2,0.629586011171341
249,1.13687345882257,0.816389427789867,2,0.629586011171341
7,1.16357279817263,0.885141045426681,2,0.629586011171341
11,1.16357279817263,0.592031883994459,2,0.629586011171341
16,1.16357279817263,0.986162553422105,2,0.629586011171341
19,1.16357279817263,0.990155540837508,2,0.629586011171341
31,1.16357279817263,0.912075204035165,2,0.629586011171341
32,1.16357279817263,0.964819433097927,2,0.629586011171341
38,1.16357279817263,0.957405587691165,2,0.629586011171341
57,1.16357279817263,0.622631715937854,2,0.629586011171341
60,1.16357279817263,0.965414591008875,2,0.629586011171341
67,1.16357279817263,0.901311038378964,2,0.629586011171341
68,1.16357279817263,0.992619139023008,2,0.629586011171341
70,1.16357279817263,0.884175625664239,2,0.629586011171341
73,1.16357279817263,0.992465412035906,2,0.629586011171341
79,1.16357279817263,0.960607027662047,2,0.629586011171341
93,1.16357279817263,0.00154219444766412,2,0.629586011171341
98,1.16357279817263,0.995570561785536,2,0.629586011171341
102,1.16357279817263,0.950397133550697,2,0.629586011171341
112,1.16357279817263,0.450379799134016,2,0.629586011171341
114,1.16357279817263,0.804881401602338,2,0.629586011171341
127,1.16357279817263,0.902993043402541,2,0.629586011171341
141,1.16357279817263,0.834992810720296,2,0.629586011171341
146,1.16357279817263,0.819847657194857,2,0.629586011171341
153,1.16357279817263,0.990013665157963,2,0.629586011171341
168,1.16357279817263,0.980230438452745,2,0.629586011171341
177,1.16357279817263,0.63089930405826,2,0.629586011171341
185,1.16357279817263,0.202186945692119,2,0.629586011171341
194,1.16357279817263,0.920553579885705,2,0.629586011171341
199,1.16357279817263,0.7218431204664,2,0.629586011171341
209,1.16357279817263,0.977165771361578,2,0.629586011171341
225,1.16357279817263,0.953146726313726,2,0.629586011171341
245,1.16357279817263,0.96675657662128,2,0.629586011171341
249,1.16357279817263,0.804711405009564,2,0.629586011171341
7,1.1902721375227,0.877449905389635,2,0.629586011171341
11,1.1902721375227,0.566989652461358,2,0.629586011171341
16,1.1902721375227,0.985141434915185,2,0.629586011171341
19,1.1902721375227,0.989587070317238,2,0.629586011171341
31,1.1902721375227,0.905959776462278,2,0.629586011171341
32,1.1902721375227,0.963150731402321,2,0.629586011171341
38,1.1902721375227,0.955148545872555,2,0.629586011171341
57,1.1902721375227,0.59683186509084,2,0.629586011171341
60,1.1902721375227,0.963578098849464,2,0.629586011171341
67,1.1902721375227,0.89422933595888,2,0.629586011171341
68,1.1902721375227,0.99216918461068,2,0.629586011171341
70,1.1902721375227,0.875041920613148,2,0.629586011171341
73,1.1902721375227,0.992005890724722,2,0.629586011171341
79,1.1902721375227,0.958068024684684,2,0.629586011171341
93,1.1902721375227,0.00122566877971708,2,0.629586011171341
98,1.1902721375227,0.995355599764084,2,0.629586011171341
102,1.1902721375227,0.947645878438669,2,0.629586011171341
112,1.1902721375227,0.427635541011802,2,0.629586011171341
114,1.1902721375227,0.793946007182972,2,0.629586011171341
127,1.1902721375227,0.89322475833566,2,0.629586011171341
141,1.1902721375227,0.823135012525956,2,0.629586011171341
146,1.1902721375227,0.803247055383533,2,0.629586011171341
153,1.1902721375227,0.989466343401767,2,0.629586011171341
168,1.1902721375227,0.979116389922123,2,0.629586011171341
177,1.1902721375227,0.620879448856085,2,0.629586011171341
185,1.1902721375227,0.184099711377466,2,0.629586011171341
194,1.1902721375227,0.915556408700456,2,0.629586011171341
199,1.1902721375227,0.707892013706347,2,0.629586011171341
209,1.1902721375227,0.97543573995642,2,0.629586011171341
225,1.1902721375227,0.949168001824845,2,0.629586011171341
245,1.1902721375227,0.963896186929536,2,0.629586011171341
249,1.1902721375227,0.793193791165139,2,0.629586011171341
7,1.21697147687276,0.869512820126316,2,0.629586011171341
11,1.21697147687276,0.543425402990629,2,0.629586011171341
16,1.21697147687276,0.984078999043975,2,0.629586011171341
19,1.21697147687276,0.989059092666367,2,0.629586011171341
31,1.21697147687276,0.90057713497363,2,0.629586011171341
32,1.21697147687276,0.961175365358125,2,0.629586011171341
38,1.21697147687276,0.952869548780694,2,0.629586011171341
57,1.21697147687276,0.569859746006042,2,0.629586011171341
60,1.21697147687276,0.961732667712969,2,0.629586011171341
67,1.21697147687276,0.885624346554034,2,0.629586011171341
68,1.21697147687276,0.991709116842704,2,0.629586011171341
70,1.21697147687276,0.864378704833375,2,0.629586011171341
73,1.21697147687276,0.991533819785524,2,0.629586011171341
79,1.21697147687276,0.955240108289861,2,0.629586011171341
93,1.21697147687276,0.000960664237461883,2,0.629586011171341
98,1.21697147687276,0.995192683398151,2,0.629586011171341
102,1.21697147687276,0.944947157015933,2,0.629586011171341
112,1.21697147687276,0.405645068486435,2,0.629586011171341
114,1.21697147687276,0.78293927001831,2,0.629586011171341
127,1.21697147687276,0.882715729221615,2,0.629586011171341
141,1.21697147687276,0.811332970963974,2,0.629586011171341
146,1.21697147687276,0.786243332622039,2,0.629586011171341
153,1.21697147687276,0.988961944654111,2,0.629586011171341
168,1.21697147687276,0.977691958806454,2,0.629586011171341
177,1.21697147687276,0.61121850132867,2,0.629586011171341
185,1.21697147687276,0.168057856606313,2,0.629586011171341
194,1.21697147687276,0.909828154067005,2,0.629586011171341
199,1.21697147687276,0.694313993736903,2,0.629586011171341
209,1.21697147687276,0.973623975155866,2,0.629586011171341
225,1.21697147687276,0.944941475342967,2,0.629586011171341
245,1.21697147687276,0.960871594121163,2,0.629586011171341
249,1.21697147687276,0.781856274399989,2,0.629586011171341
7,1.24367081622283,0.860285895948449,2,0.629586011171341
11,1.24367081622283,0.519103809998615,2,0.629586011171341
16,1.24367081622283,0.982972967167245,2,0.629586011171341
19,1.24367081622283,0.988472066876493,2,0.629586011171341
31,1.24367081622283,0.895423336309634,2,0.629586011171341
32,1.24367081622283,0.959524407207351,2,0.629586011171341
38,1.24367081622283,0.950033346389899,2,0.629586011171341
57,1.24367081622283,0.544073346571782,2,0.629586011171341
60,1.24367081622283,0.959427623331483,2,0.629586011171341
67,1.24367081622283,0.87798524283456,2,0.629586011171341
68,1.24367081622283,0.99123848574046,2,0.629586011171341
70,1.24367081622283,0.854380011415646,2,0.629586011171341
73,1.24367081622283,0.991030780305149,2,0.629586011171341
79,1.24367081622283,0.9525305644685,2,0.629586011171341
93,1.24367081622283,0.000741771741976427,2,0.629586011171341
98,1.24367081622283,0.994975686184667,2,0.629586011171341
102,1.24367081622283,0.942105736427679,2,0.629586011171341
112,1.24367081622283,0.383208956457586,2,0.629586011171341
114,1.24367081622283,0.771875059079875,2,0.629586011171341
127,1.24367081622283,0.87142987071999,2,0.629586011171341
141,1.24367081622283,0.799662198350008,2,0.629586011171341
146,1.24367081622283,0.768965835004927,2,0.629586011171341
153,1.24367081622283,0.98839905138766,2,0.629586011171341
168,1.24367081622283,0.976204615387238,2,0.629586011171341
177,1.24367081622283,0.601861780755071,2,0.629586011171341
185,1.24367081622283,0.153786708817923,2,0.629586011171341
194,1.24367081622283,0.904591196462883,2,0.629586011171341
199,1.24367081622283,0.681134746818365,2,0.629586011171341
209,1.24367081622283,0.971726454163987,2,0.629586011171341
225,1.24367081622283,0.940453256925511,2,0.629586011171341
245,1.24367081622283,0.957676191202739,2,0.629586011171341
249,1.24367081622283,0.770704719273378,2,0.629586011171341
7,1.27037015557289,0.85182832347433,2,0.629586011171341
11,1.27037015557289,0.494862513193664,2,0.629586011171341
16,1.27037015557289,0.981820935287865,2,0.629586011171341
19,1.27037015557289,0.987822805872431,2,0.629586011171341
31,1.27037015557289,0.889863168636191,2,0.629586011171341
32,1.27037015557289,0.958237095664057,2,0.629586011171341
38,1.27037015557289,0.94770158925297,2,0.629586011171341
57,1.27037015557289,0.521956683760965,2,0.629586011171341
60,1.27037015557289,0.958536912955191,2,0.629586011171341
67,1.27037015557289,0.870197908335106,2,0.629586011171341
68,1.27037015557289,0.990863765575305,2,0.629586011171341
70,1.27037015557289,0.8445292411715,2,0.629586011171341
73,1.27037015557289,0.990530865643848,2,0.629586011171341
79,1.27037015557289,0.949779245891748,2,0.629586011171341
93,1.27037015557289,0.000561567913299088,2,0.629586011171341
98,1.27037015557289,0.994602596337457,2,0.629586011171341
102,1.27037015557289,0.939215580876809,2,0.629586011171341
112,1.27037015557289,0.362859219723412,2,0.629586011171341
114,1.27037015557289,0.760768070036547,2,0.629586011171341
127,1.27037015557289,0.859211167408984,2,0.629586011171341
141,1.27037015557289,0.788189522430849,2,0.629586011171341
146,1.27037015557289,0.751543526623901,2,0.629586011171341
153,1.27037015557289,0.987576723531108,2,0.629586011171341
168,1.27037015557289,0.97465248603055,2,0.629586011171341
177,1.27037015557289,0.592769490193449,2,0.629586011171341
185,1.27037015557289,0.141014411442177,2,0.629586011171341
194,1.27037015557289,0.899241151902649,2,0.629586011171341
199,1.27037015557289,0.668374095633831,2,0.629586011171341
209,1.27037015557289,0.969739129932582,2,0.629586011171341
225,1.27037015557289,0.935689538111813,2,0.629586011171341
245,1.27037015557289,0.95430391147765,2,0.629586011171341
249,1.27037015557289,0.759734955684297,2,0.629586011171341
7,1.29706949492296,0.843121760629027,2,0.629586011171341
11,1.29706949492296,0.471672313759909,2,0.629586011171341
16,1.29706949492296,0.980620368065295,2,0.629586011171341
19,1.29706949492296,0.987212632816019,2,0.629586011171341
31,1.29706949492296,0.884210692170537,2,0.629586011171341
32,1.29706949492296,0.956605537802776,2,0.629586011171341
38,1.29706949492296,0.94556254136156,2,0.629586011171341
57,1.29706949492296,0.496684997978623,2,0.629586011171341
60,1.29706949492296,0.956728640330353,2,0.629586011171341
67,1.29706949492296,0.862032682308073,2,0.629586011171341
68,1.29706949492296,0.990373288278228,2,0.629586011171341
70,1.29706949492296,0.833706751088861,2,0.629586011171341
73,1.29706949492296,0.990016003556448,2,0.629586011171341
79,1.29706949492296,0.946892732698368,2,0.629586011171341
93,1.29706949492296,0.000415294281706391,2,0.629586011171341
98,1.29706949492296,0.994379996680808,2,0.629586011171341
102,1.29706949492296,0.936274846351434,2,0.629586011171341
112,1.29706949492296,0.340678310320423,2,0.629586011171341
114,1.29706949492296,0.749633663989616,2,0.629586011171341
127,1.29706949492296,0.846280110758776,2,0.629586011171341
141,1.29706949492296,0.77697049981666,2,0.629586011171341
146,1.29706949492296,0.734100315420163,2,0.629586011171341
153,1.29706949492296,0.986990968761858,2,0.629586011171341
168,1.29706949492296,0.97303169237335,2,0.629586011171341
177,1.29706949492296,0.58391316882874,2,0.629586011171341
185,1.29706949492296,0.129493450802073,2,0.629586011171341
194,1.29706949492296,0.893780227904241,2,0.629586011171341
199,1.29706949492296,0.656046570809768,2,0.629586011171341
209,1.29706949492296,0.967657961935905,2,0.629586011171341
225,1.29706949492296,0.93053006615826,2,0.629586011171341
245,1.29706949492296,0.950749408976759,2,0.629586011171341
249,1.29706949492296,0.748937490610833,2,0.629586011171341
7,1.32376883427302,0.834167565335212,2,0.629586011171341
11,1.32376883427302,0.449150493967072,2,0.629586011171341
16,1.32376883427302,0.979468875502412,2,0.629586011171341
19,1.32376883427302,0.986590290458469,2,0.629586011171341
31,1.32376883427302,0.878465639324026,2,0.629586011171341
32,1.32376883427302,0.954980516071389,2,0.629586011171341
38,1.32376883427302,0.943188131187048,2,0.629586011171341
57,1.32376883427302,0.471888353006379,2,0.629586011171341
60,1.32376883427302,0.95485585444278,2,0.629586011171341
67,1.32376883427302,0.853604411663685,2,0.629586011171341
68,1.32376883427302,0.989870834814394,2,0.629586011171341
70,1.32376883427302,0.822472568857859,2,0.629586011171341
73,1.32376883427302,0.989485309456335,2,0.629586011171341
79,1.32376883427302,0.943913048329268,2,0.629586011171341
93,1.32376883427302,0.000299087988821278,2,0.629586011171341
98,1.32376883427302,0.994155241903002,2,0.629586011171341
102,1.32376883427302,0.934244868479456,2,0.629586011171341
112,1.32376883427302,0.322109642977397,2,0.629586011171341
114,1.32376883427302,0.738487691376998,2,0.629586011171341
127,1.32376883427302,0.832499668261434,2,0.629586011171341
141,1.32376883427302,0.766047758150624,2,0.629586011171341
146,1.32376883427302,0.716750340900115,2,0.629586011171341
153,1.32376883427302,0.986395265870397,2,0.629586011171341
168,1.32376883427302,0.971338932521322,2,0.629586011171341
177,1.32376883427302,0.575271968040399,2,0.629586011171341
185,1.32376883427302,0.119015863355908,2,0.629586011171341
194,1.32376883427302,0.888211296125004,2,0.629586011171341
199,1.32376883427302,0.644161548457988,2,0.629586011171341
209,1.32376883427302,0.965478953157803,2,0.629586011171341
225,1.32376883427302,0.925172815744887,2,0.629586011171341
245,1.32376883427302,0.947008255626212,2,0.629586011171341
249,1.32376883427302,0.738301750960137,2,0.629586011171341
7,1.35046817362309,0.824968588142674,2,0.629586011171341
11,1.35046817362309,0.427342287073363,2,0.629586011171341
16,1.35046817362309,0.978165842719441,2,0.629586011171341
19,1.35046817362309,0.985955032924009,2,0.629586011171341
31,1.35046817362309,0.872628041766493,2,0.629586011171341
32,1.35046817362309,0.954133661223615,2,0.629586011171341
38,1.35046817362309,0.940788078777536,2,0.629586011171341
57,1.35046817362309,0.446004945538383,2,0.629586011171341
60,1.35046817362309,0.952961528931338,2,0.629586011171341
67,1.35046817362309,0.845115778450541,2,0.629586011171341
68,1.35046817362309,0.989283737432165,2,0.629586011171341
70,1.35046817362309,0.81083624414278,2,0.629586011171341
73,1.35046817362309,0.988798979082125,2,0.629586011171341
79,1.35046817362309,0.940837408938651,2,0.629586011171341
93,1.35046817362309,0.000207763265297922,2,0.629586011171341
98,1.35046817362309,0.99392810108003,2,0.629586011171341
102,1.35046817362309,0.931273312175799,2,0.629586011171341
112,1.35046817362309,0.304395878360004,2,0.629586011171341
114,1.35046817362309,0.727346307203071,2,0.629586011171341
127,1.35046817362309,0.818003790883079,2,0.629586011171341
141,1.35046817362309,0.755450536498467,2,0.629586011171341
146,1.35046817362309,0.699592687774394,2,0.629586011171341
153,1.35046817362309,0.985789117718758,2,0.629586011171341
168,1.35046817362309,0.969570117071592,2,0.629586011171341
177,1.35046817362309,0.56682972200176,2,0.629586011171341
185,1.35046817362309,0.109419633557033,2,0.629586011171341
194,1.35046817362309,0.882537907293345,2,0.629586011171341
199,1.35046817362309,0.63272295421116,2,0.629586011171341
209,1.35046817362309,0.96319819395867,2,0.629586011171341
225,1.35046817362309,0.919501604350137,2,0.629586011171341
245,1.35046817362309,0.943077150217952,2,0.629586011171341
249,1.35046817362309,0.72781883197077,2,0.629586011171341
7,1.37716751297315,0.814903860736758,2,0.629586011171341
11,1.37716751297315,0.405830115832567,2,0.629586011171341
16,1.37716751297315,0.976805859174025,2,0.629586011171341
19,1.37716751297315,0.985440077605389,2,0.629586011171341
31,1.37716751297315,0.868406740705587,2,0.629586011171341
32,1.37716751297315,0.952653055003121,2,0.629586011171341
38,1.37716751297315,0.938364274870983,2,0.629586011171341
57,1.37716751297315,0.422535354211038,2,0.629586011171341
60,1.37716751297315,0.951578156408333,2,0.629586011171341
67,1.37716751297315,0.836175412703311,2,0.629586011171341
68,1.37716751297315,0.988754207366101,2,0.629586011171341
70,1.37716751297315,0.798622619146221,2,0.629586011171341
73,1.37716751297315,0.988230924258047,2,0.629586011171341
79,1.37716751297315,0.937663104384903,2,0.629586011171341
93,1.37716751297315,0.000140661679828846,2,0.629586011171341
98,1.37716751297315,0.993698340009725,2,0.629586011171341
102,1.37716751297315,0.928201095308666,2,0.629586011171341
112,1.37716751297315,0.288581703903253,2,0.629586011171341
114,1.37716751297315,0.715942228263384,2,0.629586011171341
127,1.37716751297315,0.802525318305119,2,0.629586011171341
141,1.37716751297315,0.745195557411064,2,0.629586011171341
146,1.37716751297315,0.682706254827585,2,0.629586011171341
153,1.37716751297315,0.985246136769831,2,0.629586011171341
168,1.37716751297315,0.967720893844641,2,0.629586011171341
177,1.37716751297315,0.558573213753409,2,0.629586011171341
185,1.37716751297315,0.100586661620296,2,0.629586011171341
194,1.37716751297315,0.876764287221398,2,0.629586011171341
199,1.37716751297315,0.621728773707397,2,0.629586011171341
209,1.37716751297315,0.960811913486666,2,0.629586011171341
225,1.37716751297315,0.913667907110792,2,0.629586011171341
245,1.37716751297315,0.938954131512003,2,0.629586011171341
249,1.37716751297315,0.717482584295577,2,0.629586011171341
7,1.40386685232321,0.805224422801083,2,0.629586011171341
11,1.40386685232321,0.385530276136869,2,0.629586011171341
16,1.40386685232321,0.975385804626995,2,0.629586011171341
19,1.40386685232321,0.98477981316442,2,0.629586011171341
31,1.40386685232321,0.862510450577999,2,0.629586011171341
32,1.40386685232321,0.951100758205941,2,0.629586011171341
38,1.40386685232321,0.936072714602275,2,0.629586011171341
57,1.40386685232321,0.399842549824988,2,0.629586011171341
60,1.40386685232321,0.949677629176893,2,0.629586011171341
67,1.40386685232321,0.826986652574719,2,0.629586011171341
68,1.40386685232321,0.98821108225233,2,0.629586011171341
70,1.40386685232321,0.786224235528741,2,0.629586011171341
73,1.40386685232321,0.987644057815074,2,0.629586011171341
79,1.40386685232321,0.934387519070748,2,0.629586011171341
93,1.40386685232321,9.19253559676925e-05,2,0.629586011171341
98,1.40386685232321,0.993465720947904,2,0.629586011171341
102,1.40386685232321,0.925060321811455,2,0.629586011171341
112,1.40386685232321,0.27252482017156,2,0.629586011171341
114,1.40386685232321,0.704858694604405,2,0.629586011171341
127,1.40386685232321,0.786225372743333,2,0.629586011171341
141,1.40386685232321,0.735289104133581,2,0.629586011171341
146,1.40386685232321,0.666146438981513,2,0.629586011171341
153,1.40386685232321,0.984618790651187,2,0.629586011171341
168,1.40386685232321,0.966057722771482,2,0.629586011171341
177,1.40386685232321,0.550491433178099,2,0.629586011171341
185,1.40386685232321,0.0924350138082997,2,0.629586011171341
194,1.40386685232321,0.870895319566527,2,0.629586011171341
199,1.40386685232321,0.611170739756066,2,0.629586011171341
209,1.40386685232321,0.958316539251215,2,0.629586011171341
225,1.40386685232321,0.907340916473315,2,0.629586011171341
245,1.40386685232321,0.934638784662572,2,0.629586011171341
249,1.40386685232321,0.707289640105791,2,0.629586011171341
7,1.43056619167328,0.795319536111662,2,0.629586011171341
11,1.43056619167328,0.365991921367238,2,0.629586011171341
16,1.43056619167328,0.97390239859771,2,0.629586011171341
19,1.43056619167328,0.984157557728755,2,0.629586011171341
31,1.43056619167328,0.856435797558976,2,0.629586011171341
32,1.43056619167328,0.94952076914675,2,0.629586011171341
38,1.43056619167328,0.933603566151474,2,0.629586011171341
57,1.43056619167328,0.377347948106613,2,0.629586011171341
60,1.43056619167328,0.947744852348779,2,0.629586011171341
67,1.43056619167328,0.818429310936446,2,0.629586011171341
68,1.43056619167328,0.987653786521501,2,0.629586011171341
70,1.43056619167328,0.773404559871821,2,0.629586011171341
73,1.43056619167328,0.987037281096874,2,0.629586011171341
79,1.43056619167328,0.930186196431751,2,0.629586011171341
93,1.43056619167328,9.19153504399528e-05,2,0.629586011171341
98,1.43056619167328,0.993230002376834,2,0.629586011171341
102,1.43056619167328,0.921854692819088,2,0.629586011171341
112,1.43056619167328,0.257300617901093,2,0.629586011171341
114,1.43056619167328,0.693828436913763,2,0.629586011171341
127,1.43056619167328,0.768698798645912,2,0.629586011171341
141,1.43056619167328,0.725729863261962,2,0.629586011171341
146,1.43056619167328,0.64945689884037,2,0.629586011171341
153,1.43056619167328,0.983979361938613,2,0.629586011171341
168,1.43056619167328,0.964042432137723,2,0.629586011171341
177,1.43056619167328,0.542575323350308,2,0.629586011171341
185,1.43056619167328,0.0849089262960561,2,0.629586011171341
194,1.43056619167328,0.864936514378559,2,0.629586011171341
199,1.43056619167328,0.601034521957806,2,0.629586011171341
209,1.43056619167328,0.955708765388573,2,0.629586011171341
225,1.43056619167328,0.900672266728695,2,0.629586011171341
245,1.43056619167328,0.930132426691952,2,0.629586011171341
249,1.43056619167328,0.697239121098243,2,0.629586011171341
11,0.906064030528068,0.9849763648392,2,0.887977749109268
16,0.906064030528068,0.999584452707259,2,0.887977749109268
19,0.906064030528068,0.999622872637741,2,0.887977749109268
31,0.906064030528068,0.99759233640374,2,0.887977749109268
32,0.906064030528068,0.998929998748835,2,0.887977749109268
38,0.906064030528068,0.998286663493762,2,0.887977749109268
57,0.906064030528068,0.982221004989892,2,0.887977749109268
60,0.906064030528068,0.998734597099076,2,0.887977749109268
68,0.906064030528068,0.999700614989919,2,0.887977749109268
70,0.906064030528068,0.989604091588211,2,0.887977749109268
73,0.906064030528068,0.999810900796034,2,0.887977749109268
79,0.906064030528068,0.998370825128046,2,0.887977749109268
93,0.906064030528068,0.707948772593765,2,0.887977749109268
98,0.906064030528068,0.99987480304852,2,0.887977749109268
102,0.906064030528068,0.99829000912585,2,0.887977749109268
112,0.906064030528068,0.982908705606205,2,0.887977749109268
114,0.906064030528068,0.989222120438392,2,0.887977749109268
127,0.906064030528068,0.996345516565026,2,0.887977749109268
141,0.906064030528068,0.999221159465148,2,0.887977749109268
153,0.906064030528068,0.999736291723325,2,0.887977749109268
168,0.906064030528068,0.999316795960945,2,0.887977749109268
177,0.906064030528068,0.98594528466235,2,0.887977749109268
11,0.924150311946869,0.969562915202411,2,0.887977749109268
16,0.924150311946869,0.999086607552622,2,0.887977749109268
19,0.924150311946869,0.999213276436299,2,0.887977749109268
31,0.924150311946869,0.995177196448085,2,0.887977749109268
32,0.924150311946869,0.997876181253753,2,0.887977749109268
38,0.924150311946869,0.99277265503918,2,0.887977749109268
57,0.924150311946869,0.963960148407405,2,0.887977749109268
60,0.924150311946869,0.997467527623002,2,0.887977749109268
68,0.924150311946869,0.999162387569271,2,0.887977749109268
70,0.924150311946869,0.979556657074989,2,0.887977749109268
73,0.924150311946869,0.999673355874311,2,0.887977749109268
79,0.924150311946869,0.996329461860123,2,0.887977749109268
93,0.924150311946869,0.411267623356392,2,0.887977749109268
98,0.924150311946869,0.999779431060881,2,0.887977749109268
102,0.924150311946869,0.995920482148828,2,0.887977749109268
112,0.924150311946869,0.962934747365763,2,0.887977749109268
114,0.924150311946869,0.979884753662716,2,0.887977749109268
127,0.924150311946869,0.993128985648704,2,0.887977749109268
141,0.924150311946869,0.998429728830765,2,0.887977749109268
153,0.924150311946869,0.999473237107348,2,0.887977749109268
168,0.924150311946869,0.998459145162168,2,0.887977749109268
177,0.924150311946869,0.971538500180806,2,0.887977749109268
11,0.942236593365669,0.948873668942538,2,0.887977749109268
16,0.942236593365669,0.998709040999967,2,0.887977749109268
19,0.942236593365669,0.998830944118582,2,0.887977749109268
31,0.942236593365669,0.992754078477276,2,0.887977749109268
32,0.942236593365669,0.997282299755612,2,0.887977749109268
38,0.942236593365669,0.989972252359209,2,0.887977749109268
57,0.942236593365669,0.94613061925103,2,0.887977749109268
60,0.942236593365669,0.996061161569499,2,0.887977749109268
68,0.942236593365669,0.998749832522655,2,0.887977749109268
70,0.942236593365669,0.967514242611592,2,0.887977749109268
73,0.942236593365669,0.999431125806446,2,0.887977749109268
79,0.942236593365669,0.994289794881896,2,0.887977749109268
93,0.942236593365669,0.278212022369869,2,0.887977749109268
98,0.942236593365669,0.99967643135173,2,0.887977749109268
102,0.942236593365669,0.994165240997269,2,0.887977749109268
112,0.942236593365669,0.94567646896835,2,0.887977749109268
114,0.942236593365669,0.972331797214719,2,0.887977749109268
127,0.942236593365669,0.989327892571422,2,0.887977749109268
141,0.942236593365669,0.997625234268465,2,0.887977749109268
153,0.942236593365669,0.999164044289209,2,0.887977749109268
168,0.942236593365669,0.997748486824966,2,0.887977749109268
177,0.942236593365669,0.95681867595668,2,0.887977749109268
11,0.96032287478447,0.932515442714292,2,0.887977749109268
16,0.96032287478447,0.998386996868497,2,0.887977749109268
19,0.96032287478447,0.998446220488368,2,0.887977749109268
31,0.96032287478447,0.990322487306162,2,0.887977749109268
32,0.96032287478447,0.996261473054267,2,0.887977749109268
38,0.96032287478447,0.988858951391571,2,0.887977749109268
57,0.96032287478447,0.926916708853761,2,0.887977749109268
60,0.96032287478447,0.994787633777271,2,0.887977749109268
68,0.96032287478447,0.998328334113501,2,0.887977749109268
70,0.96032287478447,0.954489202664741,2,0.887977749109268
73,0.96032287478447,0.999239504242143,2,0.887977749109268
79,0.96032287478447,0.9926258113236,2,0.887977749109268
93,0.96032287478447,0.185202714420447,2,0.887977749109268
98,0.96032287478447,0.999584080224372,2,0.887977749109268
102,0.96032287478447,0.991863690862165,2,0.887977749109268
112,0.96032287478447,0.928366801622077,2,0.887977749109268
114,0.96032287478447,0.960376197027633,2,0.887977749109268
127,0.96032287478447,0.985764792025749,2,0.887977749109268
141,0.96032287478447,0.996807195296681,2,0.887977749109268
153,0.96032287478447,0.998975702659089,2,0.887977749109268
168,0.96032287478447,0.997158063695904,2,0.887977749109268
177,0.96032287478447,0.941830784104465,2,0.887977749109268
11,0.97840915620327,0.915780097802513,2,0.887977749109268
16,0.97840915620327,0.998001996678193,2,0.887977749109268
19,0.97840915620327,0.99805901022253,2,0.887977749109268
31,0.97840915620327,0.9889970029924,2,0.887977749109268
32,0.97840915620327,0.996235952608796,2,0.887977749109268
38,0.97840915620327,0.98690960514666,2,0.887977749109268
57,0.97840915620327,0.907249647594427,2,0.887977749109268
60,0.97840915620327,0.993511301906012,2,0.887977749109268
68,0.97840915620327,0.997897577654039,2,0.887977749109268
70,0.97840915620327,0.942990844590148,2,0.887977749109268
73,0.97840915620327,0.999025535278119,2,0.887977749109268
79,0.97840915620327,0.991162071943484,2,0.887977749109268
93,0.97840915620327,0.115678095811419,2,0.887977749109268
98,0.97840915620327,0.99949317342455,2,0.887977749109268
102,0.97840915620327,0.989161371049727,2,0.887977749109268
112,0.97840915620327,0.911012856865406,2,0.887977749109268
114,0.97840915620327,0.952578413435216,2,0.887977749109268
127,0.97840915620327,0.982024303431365,2,0.887977749109268
141,0.97840915620327,0.995975124475339,2,0.887977749109268
153,0.97840915620327,0.998715011965192,2,0.887977749109268
168,0.97840915620327,0.996532962078307,2,0.887977749109268
177,0.97840915620327,0.926625152794724,2,0.887977749109268
11,0.99649543762207,0.896628309319125,2,0.887977749109268
16,0.99649543762207,0.997612256452693,2,0.887977749109268
19,0.99649543762207,0.997752578092265,2,0.887977749109268
31,0.99649543762207,0.98591709818817,2,0.887977749109268
32,0.99649543762207,0.995109395846793,2,0.887977749109268
38,0.99649543762207,0.98407349197948,2,0.887977749109268
57,0.99649543762207,0.884132179607169,2,0.887977749109268
60,0.99649543762207,0.992231785560972,2,0.887977749109268
68,0.99649543762207,0.997457237669626,2,0.887977749109268
70,0.99649543762207,0.928914489320726,2,0.887977749109268
73,0.99649543762207,0.998831615776826,2,0.887977749109268
79,0.99649543762207,0.989526974362918,2,0.887977749109268
93,0.99649543762207,0.100553530558315,2,0.887977749109268
98,0.99649543762207,0.999403657976138,2,0.887977749109268
102,0.99649543762207,0.988214444759791,2,0.887977749109268
112,0.99649543762207,0.893622209711041,2,0.887977749109268
114,0.99649543762207,0.944706275378536,2,0.887977749109268
127,0.99649543762207,0.9773381639105,2,0.887977749109268
141,0.99649543762207,0.99512852712885,2,0.887977749109268
153,0.99649543762207,0.998563655587975,2,0.887977749109268
168,0.99649543762207,0.995923142396303,2,0.887977749109268
177,0.99649543762207,0.911256576542238,2,0.887977749109268
11,1.01458171904087,0.880147996724436,2,0.887977749109268
16,1.01458171904087,0.997332436975509,2,0.887977749109268
19,1.01458171904087,0.997240399754855,2,0.887977749109268
31,1.01458171904087,0.982640624716366,2,0.887977749109268
32,1.01458171904087,0.994604455073354,2,0.887977749109268
38,1.01458171904087,0.979836619353408,2,0.887977749109268
57,1.01458171904087,0.860804817170985,2,0.887977749109268
60,1.01458171904087,0.991840429565637,2,0.887977749109268
68,1.01458171904087,0.996785005028249,2,0.887977749109268
70,1.01458171904087,0.914788125443345,2,0.887977749109268
73,1.01458171904087,0.998636616948259,2,0.887977749109268
79,1.01458171904087,0.987855105157313,2,0.887977749109268
93,1.01458171904087,0.0688591895481149,2,0.887977749109268
98,1.01458171904087,0.999312350920293,2,0.887977749109268
102,1.01458171904087,0.986392307961483,2,0.887977749109268
112,1.01458171904087,0.878699376746197,2,0.887977749109268
114,1.01458171904087,0.936759452956786,2,0.887977749109268
127,1.01458171904087,0.973084266044615,2,0.887977749109268
141,1.01458171904087,0.994266901099981,2,0.887977749109268
153,1.01458171904087,0.99808872634003,2,0.887977749109268
168,1.01458171904087,0.995303540392502,2,0.887977749109268
177,1.01458171904087,0.895783133690551,2,0.887977749109268
11,1.03266800045967,0.862828241538016,2,0.887977749109268
16,1.03266800045967,0.996935345587353,2,0.887977749109268
19,1.03266800045967,0.996843832428021,2,0.887977749109268
31,1.03266800045967,0.981701714768728,2,0.887977749109268
32,1.03266800045967,0.994245689544598,2,0.887977749109268
38,1.03266800045967,0.976500609293387,2,0.887977749109268
57,1.03266800045967,0.83914079406349,2,0.887977749109268
60,1.03266800045967,0.990607736418529,2,0.887977749109268
68,1.03266800045967,0.996317253586631,2,0.887977749109268
70,1.03266800045967,0.901295641994746,2,0.887977749109268
73,1.03266800045967,0.998424923513651,2,0.887977749109268
79,1.03266800045967,0.986003930354843,2,0.887977749109268
93,1.03266800045967,0.0444590138738016,2,0.887977749109268
98,1.03266800045967,0.999213673441914,2,0.887977749109268
102,1.03266800045967,0.984665882270732,2,0.887977749109268
112,1.03266800045967,0.854086577838439,2,0.887977749109268
114,1.03266800045967,0.928737789325025,2,0.887977749109268
127,1.03266800045967,0.968710153841261,2,0.887977749109268
141,1.03266800045967,0.993389736534604,2,0.887977749109268
153,1.03266800045967,0.997822988806173,2,0.887977749109268
168,1.03266800045967,0.994673847636981,2,0.887977749109268
177,1.03266800045967,0.880264754100935,2,0.887977749109268
11,1.05075428187847,0.83889745158156,2,0.887977749109268
16,1.05075428187847,0.996327809002674,2,0.887977749109268
19,1.05075428187847,0.996444353250272,2,0.887977749109268
31,1.05075428187847,0.979261091651517,2,0.887977749109268
32,1.05075428187847,0.993326845329687,2,0.887977749109268
38,1.05075428187847,0.973523999691781,2,0.887977749109268
57,1.05075428187847,0.817753892308931,2,0.887977749109268
60,1.05075428187847,0.989193220430369,2,0.887977749109268
68,1.05075428187847,0.995993173358431,2,0.887977749109268
70,1.05075428187847,0.887502523715847,2,0.887977749109268
73,1.05075428187847,0.998227203453535,2,0.887977749109268
79,1.05075428187847,0.984250023330555,2,0.887977749109268
93,1.05075428187847,0.0285590113109847,2,0.887977749109268
98,1.05075428187847,0.999128297070773,2,0.887977749109268
102,1.05075428187847,0.982793754435926,2,0.887977749109268
112,1.05075428187847,0.836581732250511,2,0.887977749109268
114,1.05075428187847,0.91935930360343,2,0.887977749109268
127,1.05075428187847,0.964118909561403,2,0.887977749109268
141,1.05075428187847,0.992496515700224,2,0.887977749109268
153,1.05075428187847,0.99754159287575,2,0.887977749109268
168,1.05075428187847,0.9940337468932,2,0.887977749109268
177,1.05075428187847,0.864761616802473,2,0.887977749109268
11,1.06884056329727,0.820330801702526,2,0.887977749109268
16,1.06884056329727,0.995995175358711,2,0.887977749109268
19,1.06884056329727,0.996041862760105,2,0.887977749109268
31,1.06884056329727,0.976782624046333,2,0.887977749109268
32,1.06884056329727,0.992414201994632,2,0.887977749109268
38,1.06884056329727,0.97051081111737,2,0.887977749109268
57,1.06884056329727,0.796037042670501,2,0.887977749109268
60,1.06884056329727,0.987908391232319,2,0.887977749109268
68,1.06884056329727,0.995389436203111,2,0.887977749109268
70,1.06884056329727,0.873148466966856,2,0.887977749109268
73,1.06884056329727,0.997930088681339,2,0.887977749109268
79,1.06884056329727,0.982455586790256,2,0.887977749109268
93,1.06884056329727,0.0185329748542509,2,0.887977749109268
98,1.06884056329727,0.999044116359449,2,0.887977749109268
102,1.06884056329727,0.98090257650276,2,0.887977749109268
112,1.06884056329727,0.817342084106478,2,0.887977749109268
114,1.06884056329727,0.903649373222108,2,0.887977749109268
127,1.06884056329727,0.959300171993778,2,0.887977749109268
141,1.06884056329727,0.991586712839507,2,0.887977749109268
153,1.06884056329727,0.997279602158421,2,0.887977749109268
168,1.06884056329727,0.993180492161231,2,0.887977749109268
177,1.06884056329727,0.849332492721353,2,0.887977749109268
11,1.08692684471607,0.801477488888197,2,0.887977749109268
16,1.08692684471607,0.995578510744576,2,0.887977749109268
19,1.08692684471607,0.995636260584533,2,0.887977749109268
31,1.08692684471607,0.974292166756349,2,0.887977749109268
32,1.08692684471607,0.99151193923726,2,0.887977749109268
38,1.08692684471607,0.967460164744477,2,0.887977749109268
57,1.08692684471607,0.774023921144702,2,0.887977749109268
60,1.08692684471607,0.986618474843024,2,0.887977749109268
68,1.08692684471607,0.99509354635223,2,0.887977749109268
70,1.08692684471607,0.855821465628216,2,0.887977749109268
73,1.08692684471607,0.997871887183527,2,0.887977749109268
79,1.08692684471607,0.979985908297747,2,0.887977749109268
93,1.08692684471607,0.0118896171933852,2,0.887977749109268
98,1.08692684471607,0.998961085724422,2,0.887977749109268
102,1.08692684471607,0.978015130003806,2,0.887977749109268
112,1.08692684471607,0.799855229650508,2,0.887977749109268
114,1.08692684471607,0.895494050978437,2,0.887977749109268
127,1.08692684471607,0.954243252686402,2,0.887977749109268
141,1.08692684471607,0.990659794061727,2,0.887977749109268
153,1.08692684471607,0.997017533923019,2,0.887977749109268
168,1.08692684471607,0.992163632456609,2,0.887977749109268
177,1.08692684471607,0.834033174042761,2,0.887977749109268
11,1.10501312613487,0.782359986001733,2,0.887977749109268
16,1.10501312613487,0.995317056257464,2,0.887977749109268
19,1.10501312613487,0.99522744536258,2,0.887977749109268
31,1.10501312613487,0.971789268948332,2,0.887977749109268
32,1.10501312613487,0.990620444984446,2,0.887977749109268
38,1.10501312613487,0.96437117513126,2,0.887977749109268
57,1.10501312613487,0.751751493529169,2,0.887977749109268
60,1.10501312613487,0.985323106818074,2,0.887977749109268
68,1.10501312613487,0.994440831750974,2,0.887977749109268
70,1.10501312613487,0.840247525626495,2,0.887977749109268
73,1.10501312613487,0.997628021869868,2,0.887977749109268
79,1.10501312613487,0.978298985545061,2,0.887977749109268
93,1.10501312613487,0.00818446357613434,2,0.887977749109268
98,1.10501312613487,0.998879160943867,2,0.887977749109268
102,1.10501312613487,0.975105131249924,2,0.887977749109268
112,1.10501312613487,0.782391877631184,2,0.887977749109268
114,1.10501312613487,0.88611680693758,2,0.887977749109268
127,1.10501312613487,0.948937155091692,2,0.887977749109268
141,1.10501312613487,0.989715217274369,2,0.887977749109268
153,1.10501312613487,0.996755309857622,2,0.887977749109268
168,1.10501312613487,0.991691563264886,2,0.887977749109268
177,1.10501312613487,0.818915140564843,2,0.887977749109268
11,1.12309940755367,0.763002892550594,2,0.887977749109268
16,1.12309940755367,0.994894259097395,2,0.887977749109268
19,1.12309940755367,0.994815314669756,2,0.887977749109268
31,1.12309940755367,0.969273485198776,2,0.887977749109268
32,1.12309940755367,0.989734644809975,2,0.887977749109268
38,1.12309940755367,0.964104635457918,2,0.887977749109268
57,1.12309940755367,0.729259858805765,2,0.887977749109268
60,1.12309940755367,0.983934209568649,2,0.887977749109268
68,1.12309940755367,0.993918192400321,2,0.887977749109268
70,1.12309940755367,0.82128060096977,2,0.887977749109268
73,1.12309940755367,0.997424759402201,2,0.887977749109268
79,1.12309940755367,0.975431816237702,2,0.887977749109268
93,1.12309940755367,0.00562442833023902,2,0.887977749109268
98,1.12309940755367,0.998798299094946,2,0.887977749109268
102,1.12309940755367,0.973224776779627,2,0.887977749109268
112,1.12309940755367,0.764962684658275,2,0.887977749109268
114,1.12309940755367,0.877591417675355,2,0.887977749109268
127,1.12309940755367,0.942384990483415,2,0.887977749109268
141,1.12309940755367,0.988752432158344,2,0.887977749109268
153,1.12309940755367,0.996492851725868,2,0.887977749109268
168,1.12309940755367,0.990800551624611,2,0.887977749109268
177,1.12309940755367,0.804024596833056,2,0.887977749109268
11,1.14118568897247,0.743432799823291,2,0.887977749109268
16,1.14118568897247,0.994462651501128,2,0.887977749109268
19,1.14118568897247,0.9943495399941,2,0.887977749109268
31,1.14118568897247,0.966744375559233,2,0.887977749109268
32,1.14118568897247,0.988859253951638,2,0.887977749109268
38,1.14118568897247,0.961276701767651,2,0.887977749109268
57,1.14118568897247,0.706592027552425,2,0.887977749109268
60,1.14118568897247,0.982625809759161,2,0.887977749109268
68,1.14118568897247,0.993103982603824,2,0.887977749109268
70,1.14118568897247,0.804462202914006,2,0.887977749109268
73,1.14118568897247,0.997219903999573,2,0.887977749109268
79,1.14118568897247,0.973428575502421,2,0.887977749109268
93,1.14118568897247,0.00399752555771782,2,0.887977749109268
98,1.14118568897247,0.99871845849397,2,0.887977749109268
102,1.14118568897247,0.971216850965273,2,0.887977749109268
112,1.14118568897247,0.749143930068075,2,0.887977749109268
114,1.14118568897247,0.868997282337368,2,0.887977749109268
127,1.14118568897247,0.936006082647338,2,0.887977749109268
141,1.14118568897247,0.987770880190218,2,0.887977749109268
153,1.14118568897247,0.996230081292741,2,0.887977749109268
168,1.14118568897247,0.989720447679364,2,0.887977749109268
177,1.14118568897247,0.789401968041613,2,0.887977749109268
11,1.15927197039127,0.723678115482025,2,0.887977749109268
16,1.15927197039127,0.994024844409401,2,0.887977749109268
19,1.15927197039127,0.993929501393467,2,0.887977749109268
31,1.15927197039127,0.963888531324808,2,0.887977749109268
32,1.15927197039127,0.988022750960201,2,0.887977749109268
38,1.15927197039127,0.95341436149361,2,0.887977749109268
57,1.15927197039127,0.683162389234421,2,0.887977749109268
60,1.15927197039127,0.981310896851602,2,0.887977749109268
68,1.15927197039127,0.992547358957053,2,0.887977749109268
70,1.15927197039127,0.786794621137086,2,0.887977749109268
73,1.15927197039127,0.997013413051343,2,0.887977749109268
79,1.15927197039127,0.971496700101884,2,0.887977749109268
93,1.15927197039127,0.00294203501719836,2,0.887977749109268
98,1.15927197039127,0.998624262987399,2,0.887977749109268
102,1.15927197039127,0.968339897420214,2,0.887977749109268
112,1.15927197039127,0.731821192445641,2,0.887977749109268
114,1.15927197039127,0.860335990725049,2,0.887977749109268
127,1.15927197039127,0.929824089465277,2,0.887977749109268
141,1.15927197039127,0.986769994714806,2,0.887977749109268
153,1.15927197039127,0.995889405925412,2,0.887977749109268
168,1.15927197039127,0.988991866627053,2,0.887977749109268
177,1.15927197039127,0.775081870895664,2,0.887977749109268
11,1.17735825181007,0.698000990122893,2,0.887977749109268
16,1.17735825181007,0.993580660822857,2,0.887977749109268
19,1.17735825181007,0.993325492685409,2,0.887977749109268
31,1.17735825181007,0.961326973550798,2,0.887977749109268
32,1.17735825181007,0.987167914004066,2,0.887977749109268
38,1.17735825181007,0.950140858758285,2,0.887977749109268
57,1.17735825181007,0.655479320511558,2,0.887977749109268
60,1.17735825181007,0.980665206766421,2,0.887977749109268
68,1.17735825181007,0.991976839850415,2,0.887977749109268
70,1.17735825181007,0.768850631787032,2,0.887977749109268
73,1.17735825181007,0.996716564450779,2,0.887977749109268
79,1.17735825181007,0.969398618888973,2,0.887977749109268
93,1.17735825181007,0.00224809979357565,2,0.887977749109268
98,1.17735825181007,0.998501527641879,2,0.887977749109268
102,1.17735825181007,0.966273591049047,2,0.887977749109268
112,1.17735825181007,0.714565049020033,2,0.887977749109268
114,1.17735825181007,0.851609397663473,2,0.887977749109268
127,1.17735825181007,0.923345040209302,2,0.887977749109268
141,1.17735825181007,0.985749201073549,2,0.887977749109268
153,1.17735825181007,0.99554180554442,2,0.887977749109268
168,1.17735825181007,0.988506678272354,2,0.887977749109268
177,1.17735825181007,0.761093490197112,2,0.887977749109268
11,1.19544453322887,0.677924680737829,2,0.887977749109268
16,1.19544453322887,0.993230361605098,2,0.887977749109268
19,1.19544453322887,0.992894930446147,2,0.887977749109268
31,1.19544453322887,0.957974597513246,2,0.887977749109268
32,1.19544453322887,0.986323008613249,2,0.887977749109268
38,1.19544453322887,0.946824590006617,2,0.887977749109268
57,1.19544453322887,0.632573710994053,2,0.887977749109268
60,1.19544453322887,0.979346214694582,2,0.887977749109268
68,1.19544453322887,0.991391939058126,2,0.887977749109268
70,1.19544453322887,0.750366414619235,2,0.887977749109268
73,1.19544453322887,0.996586380930816,2,0.887977749109268
79,1.19544453322887,0.96724973544778,2,0.887977749109268
93,1.19544453322887,0.00175013009535341,2,0.887977749109268
98,1.19544453322887,0.998424331371081,2,0.887977749109268
102,1.19544453322887,0.964183647630334,2,0.887977749109268
112,1.19544453322887,0.697387224984918,2,0.887977749109268
114,1.19544453322887,0.836742417267965,2,0.887977749109268
127,1.19544453322887,0.916556979984401,2,0.887977749109268
141,1.19544453322887,0.984707916791567,2,0.887977749109268
153,1.19544453322887,0.995275701054654,2,0.887977749109268
168,1.19544453322887,0.987759488353057,2,0.887977749109268
177,1.19544453322887,0.74746121350671,2,0.887977749109268
11,1.21353081464767,0.659234265853234,2,0.887977749109268
16,1.21353081464767,0.992573954278351,2,0.887977749109268
19,1.21353081464767,0.992512267828247,2,0.887977749109268
31,1.21353081464767,0.955373573720103,2,0.887977749109268
32,1.21353081464767,0.985196906065909,2,0.887977749109268
38,1.21353081464767,0.943464648871431,2,0.887977749109268
57,1.21353081464767,0.6083535261825,2,0.887977749109268
60,1.21353081464767,0.978019740232029,2,0.887977749109268
68,1.21353081464767,0.990838686128144,2,0.887977749109268
70,1.21353081464767,0.729708591217365,2,0.887977749109268
73,1.21353081464767,0.996374306289673,2,0.887977749109268
79,1.21353081464767,0.964836249688155,2,0.887977749109268
93,1.21353081464767,0.00138501077275177,2,0.887977749109268
98,1.21353081464767,0.998348006288775,2,0.887977749109268
102,1.21353081464767,0.960703138601241,2,0.887977749109268
112,1.21353081464767,0.675975929820821,2,0.887977749109268
114,1.21353081464767,0.827823652748895,2,0.887977749109268
127,1.21353081464767,0.909447929443605,2,0.887977749109268
141,1.21353081464767,0.983645551830749,2,0.887977749109268
153,1.21353081464767,0.995008963821677,2,0.887977749109268
168,1.21353081464767,0.986952128039405,2,0.887977749109268
177,1.21353081464767,0.734205328977889,2,0.887977749109268
11,1.23161709606647,0.639024172307081,2,0.887977749109268
16,1.23161709606647,0.992107787718592,2,0.887977749109268
19,1.23161709606647,0.992074633946502,2,0.887977749109268
31,1.23161709606647,0.952757147766299,2,0.887977749109268
32,1.23161709606647,0.984369671207204,2,0.887977749109268
38,1.23161709606647,0.939779783738201,2,0.887977749109268
57,1.23161709606647,0.585571321145302,2,0.887977749109268
60,1.23161709606647,0.975403476440641,2,0.887977749109268
68,1.23161709606647,0.990224648207411,2,0.887977749109268
70,1.23161709606647,0.71018986988096,2,0.887977749109268
73,1.23161709606647,0.996160239409945,2,0.887977749109268
79,1.23161709606647,0.962577633698411,2,0.887977749109268
93,1.23161709606647,0.00110558057312404,2,0.887977749109268
98,1.23161709606647,0.998313099050135,2,0.887977749109268
102,1.23161709606647,0.958538389086148,2,0.887977749109268
112,1.23161709606647,0.657173723296278,2,0.887977749109268
114,1.23161709606647,0.818849315185485,2,0.887977749109268
127,1.23161709606647,0.902005965651348,2,0.887977749109268
141,1.23161709606647,0.982561508911797,2,0.887977749109268
153,1.23161709606647,0.994786999907679,2,0.887977749109268
168,1.23161709606647,0.98617174899686,2,0.887977749109268
177,1.23161709606647,0.721342594381438,2,0.887977749109268
11,1.24970337748528,0.618797912481083,2,0.887977749109268
16,1.24970337748528,0.991634481333087,2,0.887977749109268
19,1.24970337748528,0.991632895501895,2,0.887977749109268
31,1.24970337748528,0.950431447294947,2,0.887977749109268
32,1.24970337748528,0.983551536723245,2,0.887977749109268
38,1.24970337748528,0.93585008182164,2,0.887977749109268
57,1.24970337748528,0.562925182889769,2,0.887977749109268
60,1.24970337748528,0.974045102361971,2,0.887977749109268
68,1.24970337748528,0.989594687480612,2,0.887977749109268
70,1.24970337748528,0.68744593163982,2,0.887977749109268
73,1.24970337748528,0.995929234224799,2,0.887977749109268
79,1.24970337748528,0.960308189537456,2,0.887977749109268
93,1.24970337748528,0.000884405973638813,2,0.887977749109268
98,1.24970337748528,0.998240551240331,2,0.887977749109268
102,1.24970337748528,0.956347801436124,2,0.887977749109268
112,1.24970337748528,0.640328672710182,2,0.887977749109268
114,1.24970337748528,0.809822532482511,2,0.887977749109268
127,1.24970337748528,0.894219315382575,2,0.887977749109268
141,1.24970337748528,0.981455183914361,2,0.887977749109268
153,1.24970337748528,0.994519237767239,2,0.887977749109268
168,1.24970337748528,0.985165726789676,2,0.887977749109268
177,1.24970337748528,0.708886542894725,2,0.887977749109268
11,1.26778965890408,0.598036384024645,2,0.887977749109268
16,1.26778965890408,0.991012029921734,2,0.887977749109268
19,1.26778965890408,0.991134725655279,2,0.887977749109268
31,1.26778965890408,0.947786392088172,2,0.887977749109268
32,1.26778965890408,0.983069652870609,2,0.887977749109268
38,1.26778965890408,0.935593372659752,2,0.887977749109268
57,1.26778965890408,0.544567066805678,2,0.887977749109268
60,1.26778965890408,0.973614478763019,2,0.887977749109268
68,1.26778965890408,0.989090521353817,2,0.887977749109268
70,1.26778965890408,0.665432038559043,2,0.887977749109268
73,1.26778965890408,0.995710835645718,2,0.887977749109268
79,1.26778965890408,0.957712829645078,2,0.887977749109268
93,1.26778965890408,0.000678998160264954,2,0.887977749109268
98,1.26778965890408,0.998166771505896,2,0.887977749109268
102,1.26778965890408,0.954130715933349,2,0.887977749109268
112,1.26778965890408,0.623615221331113,2,0.887977749109268
114,1.26778965890408,0.800746722020749,2,0.887977749109268
127,1.26778965890408,0.885939108192965,2,0.887977749109268
141,1.26778965890408,0.980325966358585,2,0.887977749109268
153,1.26778965890408,0.994250600658011,2,0.887977749109268
168,1.26778965890408,0.984350864603537,2,0.887977749109268
177,1.26778965890408,0.696847487823604,2,0.887977749109268
11,1.28587594032288,0.577886311852097,2,0.887977749109268
16,1.28587594032288,0.990521353932337,2,0.887977749109268
19,1.28587594032288,0.990683704608882,2,0.887977749109268
31,1.28587594032288,0.945124724465389,2,0.887977749109268
32,1.28587594032288,0.982273925352146,2,0.887977749109268
38,1.28587594032288,0.932908349260145,2,0.887977749109268
57,1.28587594032288,0.522278901487742,2,0.887977749109268
60,1.28587594032288,0.972339721616432,2,0.887977749109268
68,1.28587594032288,0.988430102754979,2,0.887977749109268
70,1.28587594032288,0.644567277098415,2,0.887977749109268
73,1.28587594032288,0.995490250879056,2,0.887977749109268
79,1.28587594032288,0.955490281390451,2,0.887977749109268
93,1.28587594032288,0.000537023864476294,2,0.887977749109268
98,1.28587594032288,0.997962582448078,2,0.887977749109268
102,1.28587594032288,0.951886466778994,2,0.887977749109268
112,1.28587594032288,0.607045440492228,2,0.887977749109268
114,1.28587594032288,0.789431368012345,2,0.887977749109268
127,1.28587594032288,0.877426036449751,2,0.887977749109268
141,1.28587594032288,0.979173239977959,2,0.887977749109268
153,1.28587594032288,0.993748434193043,2,0.887977749109268
168,1.28587594032288,0.983520195227733,2,0.887977749109268
177,1.28587594032288,0.685232291614843,2,0.887977749109268
11,1.30396222174168,0.557823381858513,2,0.887977749109268
16,1.30396222174168,0.990022906011111,2,0.887977749109268
19,1.30396222174168,0.990228228805172,2,0.887977749109268
31,1.30396222174168,0.942446063650937,2,0.887977749109268
32,1.30396222174168,0.981483124834706,2,0.887977749109268
38,1.30396222174168,0.929431907213165,2,0.887977749109268
57,1.30396222174168,0.500270715222029,2,0.887977749109268
60,1.30396222174168,0.970971321654233,2,0.887977749109268
68,1.30396222174168,0.987752016122562,2,0.887977749109268
70,1.30396222174168,0.623365405899222,2,0.887977749109268
73,1.30396222174168,0.995267396367316,2,0.887977749109268
79,1.30396222174168,0.952998272235474,2,0.887977749109268
93,1.30396222174168,0.000420695697057605,2,0.887977749109268
98,1.30396222174168,0.997889649243219,2,0.887977749109268
102,1.30396222174168,0.949614382345816,2,0.887977749109268
112,1.30396222174168,0.586361553364303,2,0.887977749109268
114,1.30396222174168,0.780258810433488,2,0.887977749109268
127,1.30396222174168,0.867426031464036,2,0.887977749109268
141,1.30396222174168,0.977996383389144,2,0.887977749109268
153,1.30396222174168,0.993475498924558,2,0.887977749109268
168,1.30396222174168,0.982249306191659,2,0.887977749109268
177,1.30396222174168,0.674044037818678,2,0.887977749109268
11,1.32204850316048,0.537881211832194,2,0.887977749109268
16,1.32204850316048,0.989607346649537,2,0.887977749109268
19,1.32204850316048,0.989768178501583,2,0.887977749109268
31,1.32204850316048,0.93975003676733,2,0.887977749109268
32,1.32204850316048,0.980700344253021,2,0.887977749109268
38,1.32204850316048,0.925857086998167,2,0.887977749109268
57,1.32204850316048,0.478594546565277,2,0.887977749109268
60,1.32204850316048,0.969588463598021,2,0.887977749109268
68,1.32204850316048,0.987055700693883,2,0.887977749109268
70,1.32204850316048,0.601876687186968,2,0.887977749109268
73,1.32204850316048,0.99504218682701,2,0.887977749109268
79,1.32204850316048,0.949678892143141,2,0.887977749109268
93,1.32204850316048,0.000325772526565626,2,0.887977749109268
98,1.32204850316048,0.997817391844202,2,0.887977749109268
102,1.32204850316048,0.948303323788461,2,0.887977749109268
112,1.32204850316048,0.571571578773149,2,0.887977749109268
114,1.32204850316048,0.771050216233687,2,0.887977749109268
127,1.32204850316048,0.858113485030542,2,0.887977749109268
141,1.32204850316048,0.976794770867647,2,0.887977749109268
153,1.32204850316048,0.993201452702277,2,0.887977749109268
168,1.32204850316048,0.981377880662912,2,0.887977749109268
177,1.32204850316048,0.66328176454896,2,0.887977749109268
11,1.34013478457928,0.518092850406321,2,0.887977749109268
16,1.34013478457928,0.98909410235656,2,0.887977749109268
19,1.34013478457928,0.989240405462566,2,0.887977749109268
31,1.34013478457928,0.93703627921194,2,0.887977749109268
32,1.34013478457928,0.979925341764178,2,0.887977749109268
38,1.34013478457928,0.916659126156657,2,0.887977749109268
57,1.34013478457928,0.456830822842202,2,0.887977749109268
60,1.34013478457928,0.968196048444071,2,0.887977749109268
68,1.34013478457928,0.985899900859748,2,0.887977749109268
70,1.34013478457928,0.580155821133765,2,0.887977749109268
73,1.34013478457928,0.994695031274125,2,0.887977749109268
79,1.34013478457928,0.947044576374129,2,0.887977749109268
93,1.34013478457928,0.000246760369209897,2,0.887977749109268
98,1.34013478457928,0.997726677739597,2,0.887977749109268
102,1.34013478457928,0.946185433406736,2,0.887977749109268
112,1.34013478457928,0.555541403679953,2,0.887977749109268
114,1.34013478457928,0.76181014520972,2,0.887977749109268
127,1.34013478457928,0.848403934042041,2,0.887977749109268
141,1.34013478457928,0.975567773237642,2,0.887977749109268
153,1.34013478457928,0.992830277976306,2,0.887977749109268
168,1.34013478457928,0.980489070528896,2,0.887977749109268
177,1.34013478457928,0.652940385167008,2,0.887977749109268
11,1.35822106599808,0.4938862990324,2,0.887977749109268
16,1.35822106599808,0.988572437691945,2,0.887977749109268
19,1.35822106599808,0.988900464950167,2,0.887977749109268
31,1.35822106599808,0.935952811335871,2,0.887977749109268
32,1.35822106599808,0.979924341764178,2,0.887977749109268
38,1.35822106599808,0.912896138903581,2,0.887977749109268
57,1.35822106599808,0.434092291895804,2,0.887977749109268
60,1.35822106599808,0.96789967204629,2,0.887977749109268
68,1.35822106599808,0.985155209994754,2,0.887977749109268
70,1.35822106599808,0.558261458032278,2,0.887977749109268
73,1.35822106599808,0.994354208883186,2,0.887977749109268
79,1.35822106599808,0.944343649416874,2,0.887977749109268
93,1.35822106599808,0.000185867003986595,2,0.887977749109268
98,1.35822106599808,0.99765563263575,2,0.887977749109268
102,1.35822106599808,0.943843925402848,2,0.887977749109268
112,1.35822106599808,0.539703252225709,2,0.887977749109268
114,1.35822106599808,0.752543416995034,2,0.887977749109268
127,1.35822106599808,0.838445283121114,2,0.887977749109268
141,1.35822106599808,0.974314758885743,2,0.887977749109268
153,1.35822106599808,0.992621623864442,2,0.887977749109268
168,1.35822106599808,0.979582343817941,2,0.887977749109268
177,1.35822106599808,0.643010858977653,2,0.887977749109268
11,1.37630734741688,0.474022326308914,2,0.887977749109268
16,1.37630734741688,0.988042123858039,2,0.887977749109268
19,1.37630734741688,0.988428270234714,2,0.887977749109268
31,1.37630734741688,0.933376247548783,2,0.887977749109268
32,1.37630734741688,0.979780413277636,2,0.887977749109268
38,1.37630734741688,0.909081676378502,2,0.887977749109268
57,1.37630734741688,0.413740069069846,2,0.887977749109268
60,1.37630734741688,0.966719587742505,2,0.887977749109268
68,1.37630734741688,0.984390135049256,2,0.887977749109268
70,1.37630734741688,0.53606922314632,2,0.887977749109268
73,1.37630734741688,0.994118368540161,2,0.887977749109268
79,1.37630734741688,0.94157416535678,2,0.887977749109268
93,1.37630734741688,0.000137852727287724,2,0.887977749109268
98,1.37630734741688,0.997585171202856,2,0.887977749109268
102,1.37630734741688,0.941467140635067,2,0.887977749109268
112,1.37630734741688,0.525918217609444,2,0.887977749109268
114,1.37630734741688,0.742932081160425,2,0.887977749109268
127,1.37630734741688,0.82792080383341,2,0.887977749109268
141,1.37630734741688,0.973035094906732,2,0.887977749109268
153,1.37630734741688,0.992344547625982,2,0.887977749109268
168,1.37630734741688,0.978657152440051,2,0.887977749109268
177,1.37630734741688,0.633480611261546,2,0.887977749109268
11,1.39439362883568,0.454960007666923,2,0.887977749109268
16,1.39439362883568,0.987627556422352,2,0.887977749109268
19,1.39439362883568,0.987949264901423,2,0.887977749109268
31,1.39439362883568,0.930263172098478,2,0.887977749109268
32,1.39439362883568,0.979302353888493,2,0.887977749109268
38,1.39439362883568,0.905481036738685,2,0.887977749109268
57,1.39439362883568,0.393888739420369,2,0.887977749109268
60,1.39439362883568,0.965329257484181,2,0.887977749109268
68,1.39439362883568,0.983603967366917,2,0.887977749109268
70,1.39439362883568,0.513803373694072,2,0.887977749109268
73,1.39439362883568,0.993879796621907,2,0.887977749109268
79,1.39439362883568,0.938734138764415,2,0.887977749109268
93,1.39439362883568,0.000100570041664971,2,0.887977749109268
98,1.39439362883568,0.997515263655233,2,0.887977749109268
102,1.39439362883568,0.939059008172761,2,0.887977749109268
112,1.39439362883568,0.510469054939955,2,0.887977749109268
114,1.39439362883568,0.727361638142345,2,0.887977749109268
127,1.39439362883568,0.816978983394,2,0.887977749109268
141,1.39439362883568,0.971728148393337,2,0.887977749109268
153,1.39439362883568,0.992064839579946,2,0.887977749109268
168,1.39439362883568,0.977970556700648,2,0.887977749109268
177,1.39439362883568,0.624334157791223,2,0.887977749109268
11,1.41247991025448,0.436182006274391,2,0.887977749109268
16,1.41247991025448,0.987081568074327,2,0.887977749109268
19,1.41247991025448,0.987245451063982,2,0.887977749109268
31,1.41247991025448,0.927487318888284,2,0.887977749109268
32,1.41247991025448,0.977872161580702,2,0.887977749109268
38,1.41247991025448,0.901563850908014,2,0.887977749109268
57,1.41247991025448,0.371628703170287,2,0.887977749109268
60,1.41247991025448,0.963912470083833,2,0.887977749109268
68,1.41247991025448,0.982795974560887,2,0.887977749109268
70,1.41247991025448,0.49171740224249,2,0.887977749109268
73,1.41247991025448,0.993638397735063,2,0.887977749109268
79,1.41247991025448,0.934943658132711,2,0.887977749109268
93,1.41247991025448,0.000100558488409841,2,0.887977749109268
98,1.41247991025448,0.997445880836436,2,0.887977749109268
102,1.41247991025448,0.934847031969865,2,0.887977749109268
112,1.41247991025448,0.495242894728978,2,0.887977749109268
114,1.41247991025448,0.71802777283363,2,0.887977749109268
127,1.41247991025448,0.805616029173019,2,0.887977749109268
141,1.41247991025448,0.970393287878591,2,0.887977749109268
153,1.41247991025448,0.99168193386993,2,0.887977749109268
168,1.41247991025448,0.97696045893265,2,0.887977749109268
177,1.41247991025448,0.615553867328383,2,0.887977749109268
11,1.43056619167328,0.417716120204949,2,0.887977749109268
16,1.43056619167328,0.986526240653843,2,0.887977749109268
19,1.43056619167328,0.986805108985763,2,0.887977749109268
31,1.43056619167328,0.924691880035991,2,0.887977749109268
32,1.43056619167328,0.977140835060647,2,0.887977749109268
38,1.43056619167328,0.897592603842529,2,0.887977749109268
57,1.43056619167328,0.352288123166273,2,0.887977749109268
60,1.43056619167328,0.962483711976267,2,0.887977749109268
68,1.43056619167328,0.98196539991626,2,0.887977749109268
70,1.43056619167328,0.46977996674078,2,0.887977749109268
73,1.43056619167328,0.993394074352296,2,0.887977749109268
79,1.43056619167328,0.931942661593104,2,0.887977749109268
93,1.43056619167328,0.000100547819708252,2,0.887977749109268
98,1.43056619167328,0.997321669377676,2,0.887977749109268
102,1.43056619167328,0.932348228496642,2,0.887977749109268
112,1.43056619167328,0.480249572242733,2,0.887977749109268
114,1.43056619167328,0.708692308227831,2,0.887977749109268
127,1.43056619167328,0.793326400386249,2,0.887977749109268
141,1.43056619167328,0.969029884942667,2,0.887977749109268
153,1.43056619167328,0.991398083681202,2,0.887977749109268
168,1.43056619167328,0.975979386856267,2,0.887977749109268
177,1.43056619167328,0.607120789026438,2,0.887977749109268
13,0.406175843377908,0.994299742748715,3,0.370852038264275
29,0.406175843377908,0.994493213549437,3,0.370852038264275
36,0.406175843377908,0.995312640841132,3,0.370852038264275
39,0.406175843377908,0.995182851446083,3,0.370852038264275
42,0.406175843377908,0.989766482777258,3,0.370852038264275
52,0.406175843377908,0.878390370142388,3,0.370852038264275
66,0.406175843377908,0.988094649493256,3,0.370852038264275
84,0.406175843377908,0.99711996747478,3,0.370852038264275
86,0.406175843377908,0.841454523628178,3,0.370852038264275
90,0.406175843377908,0.962016018642681,3,0.370852038264275
96,0.406175843377908,0.997518525946236,3,0.370852038264275
108,0.406175843377908,0.998232102771704,3,0.370852038264275
116,0.406175843377908,0.990636423829732,3,0.370852038264275
118,0.406175843377908,0.958182823200297,3,0.370852038264275
130,0.406175843377908,0.853372267396915,3,0.370852038264275
132,0.406175843377908,0.996130407641744,3,0.370852038264275
133,0.406175843377908,0.912033447425001,3,0.370852038264275
134,0.406175843377908,0.997913416505196,3,0.370852038264275
137,0.406175843377908,0.991300881330911,3,0.370852038264275
140,0.406175843377908,0.996675902519269,3,0.370852038264275
145,0.406175843377908,0.997327849357012,3,0.370852038264275
155,0.406175843377908,0.997471038851672,3,0.370852038264275
160,0.406175843377908,0.995877081587777,3,0.370852038264275
171,0.406175843377908,0.997191381740917,3,0.370852038264275
178,0.406175843377908,0.986827615472586,3,0.370852038264275
179,0.406175843377908,0.983336192406622,3,0.370852038264275
180,0.406175843377908,0.961850066290238,3,0.370852038264275
182,0.406175843377908,0.995107918162668,3,0.370852038264275
195,0.406175843377908,0.968914962787897,3,0.370852038264275
196,0.406175843377908,0.982793523353428,3,0.370852038264275
203,0.406175843377908,0.998738252744683,3,0.370852038264275
207,0.406175843377908,0.99014798722161,3,0.370852038264275
211,0.406175843377908,0.97901188985281,3,0.370852038264275
219,0.406175843377908,0.98737067962686,3,0.370852038264275
221,0.406175843377908,0.984301155343398,3,0.370852038264275
224,0.406175843377908,0.987583254609026,3,0.370852038264275
230,0.406175843377908,0.990345988601033,3,0.370852038264275
234,0.406175843377908,0.996272218577668,3,0.370852038264275
235,0.406175843377908,0.81860479334131,3,0.370852038264275
248,0.406175843377908,0.993667823151192,3,0.370852038264275
256,0.406175843377908,0.997060544803123,3,0.370852038264275
269,0.406175843377908,0.812929757445196,3,0.370852038264275
270,0.406175843377908,0.997738338611304,3,0.370852038264275
283,0.406175843377908,0.984283186519967,3,0.370852038264275
298,0.406175843377908,0.983795974020658,3,0.370852038264275
301,0.406175843377908,0.991921310339806,3,0.370852038264275
308,0.406175843377908,0.989590335003883,3,0.370852038264275
13,0.441499648491542,0.98802468605554,3,0.370852038264275
29,0.441499648491542,0.988753047384563,3,0.370852038264275
36,0.441499648491542,0.990284862156844,3,0.370852038264275
39,0.441499648491542,0.989859503627524,3,0.370852038264275
42,0.441499648491542,0.978194455666299,3,0.370852038264275
52,0.441499648491542,0.756851643560723,3,0.370852038264275
66,0.441499648491542,0.975034541607813,3,0.370852038264275
84,0.441499648491542,0.994089855712536,3,0.370852038264275
86,0.441499648491542,0.694899839064333,3,0.370852038264275
90,0.441499648491542,0.91676332232542,3,0.370852038264275
96,0.441499648491542,0.995013254468098,3,0.370852038264275
108,0.441499648491542,0.996532017124749,3,0.370852038264275
116,0.441499648491542,0.982386535347581,3,0.370852038264275
118,0.441499648491542,0.915360582296944,3,0.370852038264275
130,0.441499648491542,0.71337771420648,3,0.370852038264275
132,0.441499648491542,0.992134955410983,3,0.370852038264275
133,0.441499648491542,0.821035086848692,3,0.370852038264275
134,0.441499648491542,0.995843673582123,3,0.370852038264275
137,0.441499648491542,0.983080824580735,3,0.370852038264275
140,0.441499648491542,0.993273239677999,3,0.370852038264275
145,0.441499648491542,0.994578593878971,3,0.370852038264275
155,0.441499648491542,0.994863399258267,3,0.370852038264275
160,0.441499648491542,0.991591168438695,3,0.370852038264275
171,0.441499648491542,0.994286759378542,3,0.370852038264275
178,0.441499648491542,0.973916950944082,3,0.370852038264275
179,0.441499648491542,0.964787653550259,3,0.370852038264275
180,0.441499648491542,0.920522689420197,3,0.370852038264275
182,0.441499648491542,0.99016766240281,3,0.370852038264275
195,0.441499648491542,0.934292528420445,3,0.370852038264275
196,0.441499648491542,0.964082133117817,3,0.370852038264275
203,0.441499648491542,0.9973766349314,3,0.370852038264275
207,0.441499648491542,0.979487071675332,3,0.370852038264275
211,0.441499648491542,0.957309837409878,3,0.370852038264275
219,0.441499648491542,0.973536750454886,3,0.370852038264275
221,0.441499648491542,0.967058566020917,3,0.370852038264275
224,0.441499648491542,0.97323634679444,3,0.370852038264275
230,0.441499648491542,0.979768734395776,3,0.370852038264275
234,0.441499648491542,0.992106704352553,3,0.370852038264275
235,0.441499648491542,0.65738100771099,3,0.370852038264275
248,0.441499648491542,0.987429904928667,3,0.370852038264275
256,0.441499648491542,0.993651628295143,3,0.370852038264275
269,0.441499648491542,0.660897973813885,3,0.370852038264275
270,0.441499648491542,0.99541667988968,3,0.370852038264275
283,0.441499648491542,0.967863090737713,3,0.370852038264275
298,0.441499648491542,0.966672257420656,3,0.370852038264275
301,0.441499648491542,0.982776740499163,3,0.370852038264275
308,0.441499648491542,0.978187763149366,3,0.370852038264275
13,0.476823453605175,0.981403136821027,3,0.370852038264275
29,0.476823453605175,0.983371591158129,3,0.370852038264275
36,0.476823453605175,0.985070143114661,3,0.370852038264275
39,0.476823453605175,0.984524385922988,3,0.370852038264275
42,0.476823453605175,0.966409667786382,3,0.370852038264275
52,0.476823453605175,0.648161907350511,3,0.370852038264275
66,0.476823453605175,0.960344951483116,3,0.370852038264275
84,0.476823453605175,0.990971118575053,3,0.370852038264275
86,0.476823453605175,0.56296787162339,3,0.370852038264275
90,0.476823453605175,0.862775505315231,3,0.370852038264275
96,0.476823453605175,0.992378658480566,3,0.370852038264275
108,0.476823453605175,0.994681019248084,3,0.370852038264275
116,0.476823453605175,0.973844141928161,3,0.370852038264275
118,0.476823453605175,0.870582018217511,3,0.370852038264275
130,0.476823453605175,0.593504264846384,3,0.370852038264275
132,0.476823453605175,0.988133642800182,3,0.370852038264275
133,0.476823453605175,0.723651856757441,3,0.370852038264275
134,0.476823453605175,0.993810424125278,3,0.370852038264275
137,0.476823453605175,0.974891238046258,3,0.370852038264275
140,0.476823453605175,0.989939219685905,3,0.370852038264275
145,0.476823453605175,0.991813678935985,3,0.370852038264275
155,0.476823453605175,0.992058066957005,3,0.370852038264275
160,0.476823453605175,0.987170815557766,3,0.370852038264275
171,0.476823453605175,0.991376672255076,3,0.370852038264275
178,0.476823453605175,0.960508363255839,3,0.370852038264275
179,0.476823453605175,0.944238888150193,3,0.370852038264275
180,0.476823453605175,0.87673473213353,3,0.370852038264275
182,0.476823453605175,0.984928246933769,3,0.370852038264275
195,0.476823453605175,0.896324674990798,3,0.370852038264275
196,0.476823453605175,0.945489933339319,3,0.370852038264275
203,0.476823453605175,0.996021505204913,3,0.370852038264275
207,0.476823453605175,0.9691900386859,3,0.370852038264275
211,0.476823453605175,0.932386431181063,3,0.370852038264275
219,0.476823453605175,0.959063740655368,3,0.370852038264275
221,0.476823453605175,0.947742399295915,3,0.370852038264275
224,0.476823453605175,0.956977045784615,3,0.370852038264275
230,0.476823453605175,0.969054982825605,3,0.370852038264275
234,0.476823453605175,0.98752971541934,3,0.370852038264275
235,0.476823453605175,0.519825759653474,3,0.370852038264275
248,0.476823453605175,0.980763418085372,3,0.370852038264275
256,0.476823453605175,0.990233530286421,3,0.370852038264275
269,0.476823453605175,0.517005954555241,3,0.370852038264275
270,0.476823453605175,0.992927545260005,3,0.370852038264275
283,0.476823453605175,0.950955143991347,3,0.370852038264275
298,0.476823453605175,0.948593658926201,3,0.370852038264275
301,0.476823453605175,0.972911188262255,3,0.370852038264275
308,0.476823453605175,0.965726709924125,3,0.370852038264275
13,0.512147258718809,0.973973789315693,3,0.370852038264275
29,0.512147258718809,0.977591596758895,3,0.370852038264275
36,0.512147258718809,0.979333352038307,3,0.370852038264275
39,0.512147258718809,0.97917325976074,3,0.370852038264275
42,0.512147258718809,0.953016344169579,3,0.370852038264275
52,0.512147258718809,0.533151627117938,3,0.370852038264275
66,0.512147258718809,0.945187985907883,3,0.370852038264275
84,0.512147258718809,0.987768535550185,3,0.370852038264275
86,0.512147258718809,0.447323293207169,3,0.370852038264275
90,0.512147258718809,0.802455093861602,3,0.370852038264275
96,0.512147258718809,0.989854402241798,3,0.370852038264275
108,0.512147258718809,0.992899776741418,3,0.370852038264275
116,0.512147258718809,0.966175102052145,3,0.370852038264275
118,0.512147258718809,0.822161003328289,3,0.370852038264275
130,0.512147258718809,0.483077600939744,3,0.370852038264275
132,0.512147258718809,0.984100408046357,3,0.370852038264275
133,0.512147258718809,0.626290191476796,3,0.370852038264275
134,0.512147258718809,0.991705887579159,3,0.370852038264275
137,0.512147258718809,0.96621850342969,3,0.370852038264275
140,0.512147258718809,0.9866312907985,3,0.370852038264275
145,0.512147258718809,0.989115654037391,3,0.370852038264275
155,0.512147258718809,0.989150487512965,3,0.370852038264275
160,0.512147258718809,0.982902707940388,3,0.370852038264275
171,0.512147258718809,0.988387468525327,3,0.370852038264275
178,0.512147258718809,0.947773536363865,3,0.370852038264275
179,0.512147258718809,0.922694052621156,3,0.370852038264275
180,0.512147258718809,0.834033123735592,3,0.370852038264275
182,0.512147258718809,0.979390384318899,3,0.370852038264275
195,0.512147258718809,0.855466435019367,3,0.370852038264275
196,0.512147258718809,0.923597168779867,3,0.370852038264275
203,0.512147258718809,0.994598785204186,3,0.370852038264275
207,0.512147258718809,0.958004185503192,3,0.370852038264275
211,0.512147258718809,0.906976189882412,3,0.370852038264275
219,0.512147258718809,0.942495716564215,3,0.370852038264275
221,0.512147258718809,0.926105183955496,3,0.370852038264275
224,0.512147258718809,0.9384430608554,3,0.370852038264275
230,0.512147258718809,0.957699364810767,3,0.370852038264275
234,0.512147258718809,0.982502533159142,3,0.370852038264275
235,0.512147258718809,0.406739586667889,3,0.370852038264275
248,0.512147258718809,0.973494499513652,3,0.370852038264275
256,0.512147258718809,0.986320986765359,3,0.370852038264275
269,0.512147258718809,0.4109340078168,3,0.370852038264275
270,0.512147258718809,0.990127636574926,3,0.370852038264275
283,0.512147258718809,0.933173652601407,3,0.370852038264275
298,0.512147258718809,0.929191251642008,3,0.370852038264275
301,0.512147258718809,0.962022427905938,3,0.370852038264275
308,0.512147258718809,0.952507272199792,3,0.370852038264275
13,0.547471063832442,0.96572691302317,3,0.370852038264275
29,0.547471063832442,0.972007354313577,3,0.370852038264275
36,0.547471063832442,0.973401132061468,3,0.370852038264275
39,0.547471063832442,0.972831144253145,3,0.370852038264275
42,0.547471063832442,0.939143828488783,3,0.370852038264275
52,0.547471063832442,0.427338467047812,3,0.370852038264275
66,0.547471063832442,0.928710817694914,3,0.370852038264275
84,0.547471063832442,0.984435544160391,3,0.370852038264275
86,0.547471063832442,0.348654377465261,3,0.370852038264275
90,0.547471063832442,0.735039363031434,3,0.370852038264275
96,0.547471063832442,0.987184963366799,3,0.370852038264275
108,0.547471063832442,0.990976354716123,3,0.370852038264275
116,0.547471063832442,0.959184762973057,3,0.370852038264275
118,0.547471063832442,0.772959384301088,3,0.370852038264275
130,0.547471063832442,0.388561458279626,3,0.370852038264275
132,0.547471063832442,0.979869994267416,3,0.370852038264275
133,0.547471063832442,0.530268686392439,3,0.370852038264275
134,0.547471063832442,0.989775889585405,3,0.370852038264275
137,0.547471063832442,0.957624136713624,3,0.370852038264275
140,0.547471063832442,0.983229676344741,3,0.370852038264275
145,0.547471063832442,0.986316581478836,3,0.370852038264275
155,0.547471063832442,0.986015794214087,3,0.370852038264275
160,0.547471063832442,0.97844718522441,3,0.370852038264275
171,0.547471063832442,0.985295832702245,3,0.370852038264275
178,0.547471063832442,0.933383471567307,3,0.370852038264275
179,0.547471063832442,0.898069519735791,3,0.370852038264275
180,0.547471063832442,0.788068511221426,3,0.370852038264275
182,0.547471063832442,0.973593035065663,3,0.370852038264275
195,0.547471063832442,0.812432590097574,3,0.370852038264275
196,0.547471063832442,0.902397055695931,3,0.370852038264275
203,0.547471063832442,0.993158527368551,3,0.370852038264275
207,0.547471063832442,0.947282223751457,3,0.370852038264275
211,0.547471063832442,0.878099116825159,3,0.370852038264275
219,0.547471063832442,0.925221635335732,3,0.370852038264275
221,0.547471063832442,0.902590852491729,3,0.370852038264275
224,0.547471063832442,0.917233485711497,3,0.370852038264275
230,0.547471063832442,0.945325457097296,3,0.370852038264275
234,0.547471063832442,0.976987708555567,3,0.370852038264275
235,0.547471063832442,0.316673322326212,3,0.370852038264275
248,0.547471063832442,0.966064108172614,3,0.370852038264275
256,0.547471063832442,0.981946938632666,3,0.370852038264275
269,0.547471063832442,0.325656133294512,3,0.370852038264275
270,0.547471063832442,0.987238277788537,3,0.370852038264275
283,0.547471063832442,0.915218811440647,3,0.370852038264275
298,0.547471063832442,0.909094083960403,3,0.370852038264275
301,0.547471063832442,0.950009882807753,3,0.370852038264275
308,0.547471063832442,0.937388046686004,3,0.370852038264275
13,0.582794868946075,0.95687374807896,3,0.370852038264275
29,0.582794868946075,0.966418162560002,3,0.370852038264275
36,0.582794868946075,0.966859547798097,3,0.370852038264275
39,0.582794868946075,0.966511478740597,3,0.370852038264275
42,0.582794868946075,0.924052086118695,3,0.370852038264275
52,0.582794868946075,0.334014345627195,3,0.370852038264275
66,0.582794868946075,0.910737525949784,3,0.370852038264275
84,0.582794868946075,0.980974204562356,3,0.370852038264275
86,0.582794868946075,0.266760624499122,3,0.370852038264275
90,0.582794868946075,0.66356877965879,3,0.370852038264275
96,0.582794868946075,0.984480000589418,3,0.370852038264275
108,0.582794868946075,0.989007760223617,3,0.370852038264275
116,0.582794868946075,0.952248214234656,3,0.370852038264275
118,0.582794868946075,0.722284654823458,3,0.370852038264275
130,0.582794868946075,0.312413110456119,3,0.370852038264275
132,0.582794868946075,0.975652296988542,3,0.370852038264275
133,0.582794868946075,0.442094916399492,3,0.370852038264275
134,0.582794868946075,0.987662650265661,3,0.370852038264275
137,0.582794868946075,0.948978975336796,3,0.370852038264275
140,0.582794868946075,0.97963420707824,3,0.370852038264275
145,0.582794868946075,0.983492899102513,3,0.370852038264275
155,0.582794868946075,0.982691529191129,3,0.370852038264275
160,0.582794868946075,0.97391542722351,3,0.370852038264275
171,0.582794868946075,0.98213430504835,3,0.370852038264275
178,0.582794868946075,0.918431647114187,3,0.370852038264275
179,0.582794868946075,0.87145609662416,3,0.370852038264275
180,0.582794868946075,0.741333665472385,3,0.370852038264275
182,0.582794868946075,0.967301305697845,3,0.370852038264275
195,0.582794868946075,0.768118881932899,3,0.370852038264275
196,0.582794868946075,0.877890336417734,3,0.370852038264275
203,0.582794868946075,0.991671105115227,3,0.370852038264275
207,0.582794868946075,0.935327642300566,3,0.370852038264275
211,0.582794868946075,0.848679736087598,3,0.370852038264275
219,0.582794868946075,0.906455376062896,3,0.370852038264275
221,0.582794868946075,0.876950864463637,3,0.370852038264275
224,0.582794868946075,0.893387634916206,3,0.370852038264275
230,0.582794868946075,0.932785449651301,3,0.370852038264275
234,0.582794868946075,0.970951371646748,3,0.370852038264275
235,0.582794868946075,0.246783253378124,3,0.370852038264275
248,0.582794868946075,0.958373519158832,3,0.370852038264275
256,0.582794868946075,0.977189993659412,3,0.370852038264275
269,0.582794868946075,0.250589278747676,3,0.370852038264275
270,0.582794868946075,0.984122785159693,3,0.370852038264275
283,0.582794868946075,0.89673944520162,3,0.370852038264275
298,0.582794868946075,0.887968939764682,3,0.370852038264275
301,0.582794868946075,0.936770224055659,3,0.370852038264275
308,0.582794868946075,0.921474325871598,3,0.370852038264275
13,0.618118674059709,0.946850067376773,3,0.370852038264275
29,0.618118674059709,0.961033826660264,3,0.370852038264275
36,0.618118674059709,0.959899725908534,3,0.370852038264275
39,0.618118674059709,0.959818392477247,3,0.370852038264275
42,0.618118674059709,0.906197783988016,3,0.370852038264275
52,0.618118674059709,0.254574618830539,3,0.370852038264275
66,0.618118674059709,0.891838421608584,3,0.370852038264275
84,0.618118674059709,0.977369682815903,3,0.370852038264275
86,0.618118674059709,0.2006735894493,3,0.370852038264275
90,0.618118674059709,0.59124669880814,3,0.370852038264275
96,0.618118674059709,0.981884883209371,3,0.370852038264275
108,0.618118674059709,0.987182016212009,3,0.370852038264275
116,0.618118674059709,0.945623894541459,3,0.370852038264275
118,0.618118674059709,0.670610022999428,3,0.370852038264275
130,0.618118674059709,0.246292790077317,3,0.370852038264275
132,0.618118674059709,0.971387522908808,3,0.370852038264275
133,0.618118674059709,0.360754350952889,3,0.370852038264275
134,0.618118674059709,0.98558805246717,3,0.370852038264275
137,0.618118674059709,0.940754442934865,3,0.370852038264275
140,0.618118674059709,0.976130719333719,3,0.370852038264275
145,0.618118674059709,0.980641313879452,3,0.370852038264275
155,0.618118674059709,0.979160738729746,3,0.370852038264275
160,0.618118674059709,0.969300024758696,3,0.370852038264275
171,0.618118674059709,0.978795114614749,3,0.370852038264275
178,0.618118674059709,0.902899099676855,3,0.370852038264275
179,0.618118674059709,0.842427877347355,3,0.370852038264275
180,0.618118674059709,0.693944854549117,3,0.370852038264275
182,0.618118674059709,0.960778782646667,3,0.370852038264275
195,0.618118674059709,0.723458493022237,3,0.370852038264275
196,0.618118674059709,0.853967831964508,3,0.370852038264275
203,0.618118674059709,0.990060371697666,3,0.370852038264275
207,0.618118674059709,0.923985349074204,3,0.370852038264275
211,0.618118674059709,0.817287631770575,3,0.370852038264275
219,0.618118674059709,0.885293831099917,3,0.370852038264275
221,0.618118674059709,0.849357218988735,3,0.370852038264275
224,0.618118674059709,0.866550237605834,3,0.370852038264275
230,0.618118674059709,0.919586340221454,3,0.370852038264275
234,0.618118674059709,0.964366022046137,3,0.370852038264275
235,0.618118674059709,0.193643449572588,3,0.370852038264275
248,0.618118674059709,0.950258673655856,3,0.370852038264275
256,0.618118674059709,0.971942510215688,3,0.370852038264275
269,0.618118674059709,0.194453089756687,3,0.370852038264275
270,0.618118674059709,0.980757079094974,3,0.370852038264275
283,0.618118674059709,0.877740526733303,3,0.370852038264275
298,0.618118674059709,0.865809128989656,3,0.370852038264275
301,0.618118674059709,0.921939145239276,3,0.370852038264275
308,0.618118674059709,0.904145193929251,3,0.370852038264275
13,0.653442479173342,0.935851155097149,3,0.370852038264275
29,0.653442479173342,0.955421366231584,3,0.370852038264275
36,0.653442479173342,0.952404996854679,3,0.370852038264275
39,0.653442479173342,0.952244099759893,3,0.370852038264275
42,0.653442479173342,0.888290664953697,3,0.370852038264275
52,0.653442479173342,0.186941198538986,3,0.370852038264275
66,0.653442479173342,0.871376067939419,3,0.370852038264275
84,0.653442479173342,0.973606326138275,3,0.370852038264275
86,0.653442479173342,0.148798261308139,3,0.370852038264275
90,0.653442479173342,0.520039845531028,3,0.370852038264275
96,0.653442479173342,0.97910279565319,3,0.370852038264275
108,0.653442479173342,0.985124255469966,3,0.370852038264275
116,0.653442479173342,0.93858567873865,3,0.370852038264275
118,0.653442479173342,0.618490361849892,3,0.370852038264275
130,0.653442479173342,0.192500208757597,3,0.370852038264275
132,0.653442479173342,0.966992551017334,3,0.370852038264275
133,0.653442479173342,0.289154492606879,3,0.370852038264275
134,0.653442479173342,0.98347338719176,3,0.370852038264275
137,0.653442479173342,0.931999350019477,3,0.370852038264275
140,0.653442479173342,0.972572313321782,3,0.370852038264275
145,0.653442479173342,0.977758393824025,3,0.370852038264275
155,0.653442479173342,0.975405030891522,3,0.370852038264275
160,0.653442479173342,0.964593303931596,3,0.370852038264275
171,0.653442479173342,0.975425391154631,3,0.370852038264275
178,0.653442479173342,0.886768957204281,3,0.370852038264275
179,0.653442479173342,0.812520848853395,3,0.370852038264275
180,0.653442479173342,0.646067336977333,3,0.370852038264275
182,0.653442479173342,0.953919397659698,3,0.370852038264275
195,0.653442479173342,0.679280149548946,3,0.370852038264275
196,0.653442479173342,0.828905046172833,3,0.370852038264275
203,0.653442479173342,0.988460847122921,3,0.370852038264275
207,0.653442479173342,0.912378115412342,3,0.370852038264275
211,0.653442479173342,0.782080050476756,3,0.370852038264275
219,0.653442479173342,0.863243348961134,3,0.370852038264275
221,0.653442479173342,0.820105811300867,3,0.370852038264275
224,0.653442479173342,0.83655086876602,3,0.370852038264275
230,0.653442479173342,0.905701696651839,3,0.370852038264275
234,0.653442479173342,0.957213548947885,3,0.370852038264275
235,0.653442479173342,0.153793756678817,3,0.370852038264275
248,0.653442479173342,0.941515160824376,3,0.370852038264275
256,0.653442479173342,0.966150164436842,3,0.370852038264275
269,0.653442479173342,0.151318859322153,3,0.370852038264275
270,0.653442479173342,0.977114384807446,3,0.370852038264275
283,0.653442479173342,0.858238862418348,3,0.370852038264275
298,0.653442479173342,0.842621227896884,3,0.370852038264275
301,0.653442479173342,0.905924997300169,3,0.370852038264275
308,0.653442479173342,0.884963138594105,3,0.370852038264275
13,0.688766284286976,0.923685489362496,3,0.370852038264275
29,0.688766284286976,0.949779836681669,3,0.370852038264275
36,0.688766284286976,0.944571040962584,3,0.370852038264275
39,0.688766284286976,0.94503019468647,3,0.370852038264275
42,0.688766284286976,0.869230735039826,3,0.370852038264275
52,0.688766284286976,0.136513059600175,3,0.370852038264275
66,0.688766284286976,0.849702665112467,3,0.370852038264275
84,0.688766284286976,0.9696676854466,3,0.370852038264275
86,0.688766284286976,0.109106531133192,3,0.370852038264275
90,0.688766284286976,0.452353455613937,3,0.370852038264275
96,0.688766284286976,0.976270344081989,3,0.370852038264275
108,0.688766284286976,0.982924963066436,3,0.370852038264275
116,0.688766284286976,0.932494067262065,3,0.370852038264275
118,0.688766284286976,0.565585301909709,3,0.370852038264275
130,0.688766284286976,0.149331333333776,3,0.370852038264275
132,0.688766284286976,0.962495380716781,3,0.370852038264275
133,0.688766284286976,0.227689161946862,3,0.370852038264275
134,0.688766284286976,0.981352546446299,3,0.370852038264275
137,0.688766284286976,0.922534002012793,3,0.370852038264275
140,0.688766284286976,0.968953133419285,3,0.370852038264275
145,0.688766284286976,0.974945630619651,3,0.370852038264275
155,0.688766284286976,0.971404499534776,3,0.370852038264275
160,0.688766284286976,0.959942169623847,3,0.370852038264275
171,0.688766284286976,0.971941777817342,3,0.370852038264275
178,0.688766284286976,0.87002730691185,3,0.370852038264275
179,0.688766284286976,0.781542060654463,3,0.370852038264275
180,0.688766284286976,0.600198930990275,3,0.370852038264275
182,0.688766284286976,0.946612344938013,3,0.370852038264275
195,0.688766284286976,0.636248595231908,3,0.370852038264275
196,0.688766284286976,0.800218391506971,3,0.370852038264275
203,0.688766284286976,0.986892047585136,3,0.370852038264275
207,0.688766284286976,0.900575536027772,3,0.370852038264275
211,0.688766284286976,0.746746554287059,3,0.370852038264275
219,0.688766284286976,0.839445625985654,3,0.370852038264275
221,0.688766284286976,0.789247498571746,3,0.370852038264275
224,0.688766284286976,0.803299193879246,3,0.370852038264275
230,0.688766284286976,0.891110997919162,3,0.370852038264275
234,0.688766284286976,0.949487984288209,3,0.370852038264275
235,0.688766284286976,0.124046579720711,3,0.370852038264275
248,0.688766284286976,0.931957324107623,3,0.370852038264275
256,0.688766284286976,0.959753128713481,3,0.370852038264275
269,0.688766284286976,0.11755495861079,3,0.370852038264275
270,0.688766284286976,0.973010065420315,3,0.370852038264275
283,0.688766284286976,0.838601165606765,3,0.370852038264275
298,0.688766284286976,0.818427885967578,3,0.370852038264275
301,0.688766284286976,0.888392785022051,3,0.370852038264275
308,0.688766284286976,0.864223970979085,3,0.370852038264275
13,0.724090089400609,0.9102905979519,3,0.370852038264275
29,0.724090089400609,0.943669532400198,3,0.370852038264275
36,0.724090089400609,0.93598089952378,3,0.370852038264275
39,0.724090089400609,0.937033717402732,3,0.370852038264275
42,0.724090089400609,0.84861055333117,3,0.370852038264275
52,0.724090089400609,0.0981441676567526,3,0.370852038264275
66,0.724090089400609,0.826620695636653,3,0.370852038264275
84,0.724090089400609,0.965536578779872,3,0.370852038264275
86,0.724090089400609,0.079388055163137,3,0.370852038264275
90,0.724090089400609,0.389448166586142,3,0.370852038264275
96,0.724090089400609,0.973382165718353,3,0.370852038264275
108,0.724090089400609,0.980745376929885,3,0.370852038264275
116,0.724090089400609,0.927696265849735,3,0.370852038264275
118,0.724090089400609,0.514461273042337,3,0.370852038264275
130,0.724090089400609,0.116451412066139,3,0.370852038264275
132,0.724090089400609,0.957829259280038,3,0.370852038264275
133,0.724090089400609,0.176974706204252,3,0.370852038264275
134,0.724090089400609,0.97920242872958,3,0.370852038264275
137,0.724090089400609,0.913536358015827,3,0.370852038264275
140,0.724090089400609,0.965196472302598,3,0.370852038264275
145,0.724090089400609,0.97199431563118,3,0.370852038264275
155,0.724090089400609,0.967137660616777,3,0.370852038264275
160,0.724090089400609,0.955036322170191,3,0.370852038264275
171,0.724090089400609,0.968309321300561,3,0.370852038264275
178,0.724090089400609,0.852664180758086,3,0.370852038264275
179,0.724090089400609,0.749956355627361,3,0.370852038264275
180,0.724090089400609,0.553107982941621,3,0.370852038264275
182,0.724090089400609,0.938883404745005,3,0.370852038264275
195,0.724090089400609,0.594889310621487,3,0.370852038264275
196,0.724090089400609,0.772363299844379,3,0.370852038264275
203,0.724090089400609,0.985170518980456,3,0.370852038264275
207,0.724090089400609,0.88841970623967,3,0.370852038264275
211,0.724090089400609,0.70959539004552,3,0.370852038264275
219,0.724090089400609,0.814022369822654,3,0.370852038264275
221,0.724090089400609,0.757866031480358,3,0.370852038264275
224,0.724090089400609,0.76667059657855,3,0.370852038264275
230,0.724090089400609,0.875243756451578,3,0.370852038264275
234,0.724090089400609,0.941197227345251,3,0.370852038264275
235,0.724090089400609,0.101676801056735,3,0.370852038264275
248,0.724090089400609,0.922327062838832,3,0.370852038264275
256,0.724090089400609,0.952609373783638,3,0.370852038264275
269,0.724090089400609,0.0891531804244513,3,0.370852038264275
270,0.724090089400609,0.968711416826572,3,0.370852038264275
283,0.724090089400609,0.818209094305005,3,0.370852038264275
298,0.724090089400609,0.793270587750419,3,0.370852038264275
301,0.724090089400609,0.869269274254102,3,0.370852038264275
308,0.724090089400609,0.842098041526434,3,0.370852038264275
13,0.759413894514243,0.895858353713587,3,0.370852038264275
29,0.759413894514243,0.937927818638788,3,0.370852038264275
36,0.759413894514243,0.926826925460779,3,0.370852038264275
39,0.759413894514243,0.928483671968834,3,0.370852038264275
42,0.759413894514243,0.824468687414654,3,0.370852038264275
52,0.759413894514243,0.0711557688890693,3,0.370852038264275
66,0.759413894514243,0.801489813840596,3,0.370852038264275
84,0.759413894514243,0.961302385971459,3,0.370852038264275
86,0.759413894514243,0.0575028887311871,3,0.370852038264275
90,0.759413894514243,0.331820981235739,3,0.370852038264275
96,0.759413894514243,0.970589826391161,3,0.370852038264275
108,0.759413894514243,0.97869933590156,3,0.370852038264275
116,0.759413894514243,0.922093965865163,3,0.370852038264275
118,0.759413894514243,0.464699905145286,3,0.370852038264275
130,0.759413894514243,0.0893412692916591,3,0.370852038264275
132,0.759413894514243,0.95309858892174,3,0.370852038264275
133,0.759413894514243,0.135969637068185,3,0.370852038264275
134,0.759413894514243,0.976882372972588,3,0.370852038264275
137,0.759413894514243,0.905466878023629,3,0.370852038264275
140,0.759413894514243,0.961247233425202,3,0.370852038264275
145,0.759413894514243,0.969000531795019,3,0.370852038264275
155,0.759413894514243,0.962581409046921,3,0.370852038264275
160,0.759413894514243,0.949894519687703,3,0.370852038264275
171,0.759413894514243,0.964475567350936,3,0.370852038264275
178,0.759413894514243,0.833731997449297,3,0.370852038264275
179,0.759413894514243,0.718222511281316,3,0.370852038264275
180,0.759413894514243,0.506867497541318,3,0.370852038264275
182,0.759413894514243,0.930725157431067,3,0.370852038264275
195,0.759413894514243,0.555611834741113,3,0.370852038264275
196,0.759413894514243,0.743345542848928,3,0.370852038264275
203,0.759413894514243,0.983377189242781,3,0.370852038264275
207,0.759413894514243,0.874896857237912,3,0.370852038264275
211,0.759413894514243,0.670909288427485,3,0.370852038264275
219,0.759413894514243,0.786957730874585,3,0.370852038264275
221,0.759413894514243,0.726064062707648,3,0.370852038264275
224,0.759413894514243,0.727125077447298,3,0.370852038264275
230,0.759413894514243,0.859191231900534,3,0.370852038264275
234,0.759413894514243,0.932450909110584,3,0.370852038264275
235,0.759413894514243,0.0845480788465851,3,0.370852038264275
248,0.759413894514243,0.912134023821144,3,0.370852038264275
256,0.759413894514243,0.94498526510385,3,0.370852038264275
269,0.759413894514243,0.0693537830184878,3,0.370852038264275
270,0.759413894514243,0.964037172134773,3,0.370852038264275
283,0.759413894514243,0.797446684749334,3,0.370852038264275
298,0.759413894514243,0.767212148719305,3,0.370852038264275
301,0.759413894514243,0.848505327846304,3,0.370852038264275
308,0.759413894514243,0.818288459653544,3,0.370852038264275
13,0.794737699627876,0.879705363340628,3,0.370852038264275
29,0.794737699627876,0.932688118943748,3,0.370852038264275
36,0.794737699627876,0.916851855524443,3,0.370852038264275
39,0.794737699627876,0.918938032811078,3,0.370852038264275
42,0.794737699627876,0.800414293961331,3,0.370852038264275
52,0.794737699627876,0.0499614344815198,3,0.370852038264275
66,0.794737699627876,0.775671534794827,3,0.370852038264275
84,0.794737699627876,0.956758609204879,3,0.370852038264275
86,0.794737699627876,0.0415650964160122,3,0.370852038264275
90,0.794737699627876,0.280106720765241,3,0.370852038264275
96,0.794737699627876,0.96762650080566,3,0.370852038264275
108,0.794737699627876,0.97639406278174,3,0.370852038264275
116,0.794737699627876,0.91526133464857,3,0.370852038264275
118,0.794737699627876,0.41700512851455,3,0.370852038264275
130,0.794737699627876,0.0682634316346666,3,0.370852038264275
132,0.794737699627876,0.948286047800054,3,0.370852038264275
133,0.794737699627876,0.103569393642581,3,0.370852038264275
134,0.794737699627876,0.974653564627776,3,0.370852038264275
137,0.794737699627876,0.896341121182715,3,0.370852038264275
140,0.794737699627876,0.95739752865604,3,0.370852038264275
145,0.794737699627876,0.965960319695207,3,0.370852038264275
155,0.794737699627876,0.95785307514251,3,0.370852038264275
160,0.794737699627876,0.944743725240037,3,0.370852038264275
171,0.794737699627876,0.960667215937539,3,0.370852038264275
178,0.794737699627876,0.81639948484789,3,0.370852038264275
179,0.794737699627876,0.687714226227312,3,0.370852038264275
180,0.794737699627876,0.462346312569074,3,0.370852038264275
182,0.794737699627876,0.922192467746412,3,0.370852038264275
195,0.794737699627876,0.518696948216365,3,0.370852038264275
196,0.794737699627876,0.712956089823025,3,0.370852038264275
203,0.794737699627876,0.981361389127052,3,0.370852038264275
207,0.794737699627876,0.862317673228739,3,0.370852038264275
211,0.794737699627876,0.630865659354643,3,0.370852038264275
219,0.794737699627876,0.757528936703229,3,0.370852038264275
221,0.794737699627876,0.694098045333486,3,0.370852038264275
224,0.794737699627876,0.684853275176607,3,0.370852038264275
230,0.794737699627876,0.842340064598654,3,0.370852038264275
234,0.794737699627876,0.923108127211898,3,0.370852038264275
235,0.794737699627876,0.0711340726085763,3,0.370852038264275
248,0.794737699627876,0.901153797012468,3,0.370852038264275
256,0.794737699627876,0.936362380470826,3,0.370852038264275
269,0.794737699627876,0.0539131863368555,3,0.370852038264275
270,0.794737699627876,0.958948107226474,3,0.370852038264275
283,0.794737699627876,0.775676596711799,3,0.370852038264275
298,0.794737699627876,0.740000268224296,3,0.370852038264275
301,0.794737699627876,0.826084749499169,3,0.370852038264275
308,0.794737699627876,0.792592517497832,3,0.370852038264275
13,0.83006150474151,0.862205833570445,3,0.370852038264275
29,0.83006150474151,0.926852994419485,3,0.370852038264275
36,0.83006150474151,0.906286070676364,3,0.370852038264275
39,0.83006150474151,0.909346746329544,3,0.370852038264275
42,0.83006150474151,0.774849429945422,3,0.370852038264275
52,0.83006150474151,0.0347307231208341,3,0.370852038264275
66,0.83006150474151,0.748421428705989,3,0.370852038264275
84,0.83006150474151,0.951947362678246,3,0.370852038264275
86,0.83006150474151,0.030028811266164,3,0.370852038264275
90,0.83006150474151,0.23374112411435,3,0.370852038264275
96,0.83006150474151,0.964545591646575,3,0.370852038264275
108,0.83006150474151,0.974041467801246,3,0.370852038264275
116,0.83006150474151,0.910005628561696,3,0.370852038264275
118,0.83006150474151,0.371761405354223,3,0.370852038264275
130,0.83006150474151,0.0519865707465825,3,0.370852038264275
132,0.83006150474151,0.943289738276977,3,0.370852038264275
133,0.83006150474151,0.0786701691400721,3,0.370852038264275
134,0.83006150474151,0.972529910024438,3,0.370852038264275
137,0.83006150474151,0.887100421934445,3,0.370852038264275
140,0.83006150474151,0.953708788790614,3,0.370852038264275
145,0.83006150474151,0.962869586666057,3,0.370852038264275
155,0.83006150474151,0.952648622909361,3,0.370852038264275
160,0.83006150474151,0.939460480614552,3,0.370852038264275
171,0.83006150474151,0.956631503758244,3,0.370852038264275
178,0.83006150474151,0.797178702308408,3,0.370852038264275
179,0.83006150474151,0.656708987566953,3,0.370852038264275
180,0.83006150474151,0.419834030001637,3,0.370852038264275
182,0.83006150474151,0.91320369215417,3,0.370852038264275
195,0.83006150474151,0.48430874159861,3,0.370852038264275
196,0.83006150474151,0.681974366229718,3,0.370852038264275
203,0.83006150474151,0.979398692892066,3,0.370852038264275
207,0.83006150474151,0.849300056526903,3,0.370852038264275
211,0.83006150474151,0.588056722357954,3,0.370852038264275
219,0.83006150474151,0.727515665091263,3,0.370852038264275
221,0.83006150474151,0.662446035438306,3,0.370852038264275
224,0.83006150474151,0.640353053048634,3,0.370852038264275
230,0.83006150474151,0.82489359014448,3,0.370852038264275
234,0.83006150474151,0.913290352985219,3,0.370852038264275
235,0.83006150474151,0.0604207660052166,3,0.370852038264275
248,0.83006150474151,0.889755928341344,3,0.370852038264275
256,0.83006150474151,0.926676397032654,3,0.370852038264275
269,0.83006150474151,0.0421223752555504,3,0.370852038264275
270,0.83006150474151,0.953401919362319,3,0.370852038264275
283,0.83006150474151,0.754390763013837,3,0.370852038264275
298,0.83006150474151,0.712418074532791,3,0.370852038264275
301,0.83006150474151,0.802033245552915,3,0.370852038264275
308,0.83006150474151,0.765482326612226,3,0.370852038264275
13,0.865385309855143,0.842914287211423,3,0.370852038264275
29,0.865385309855143,0.920948985732022,3,0.370852038264275
36,0.865385309855143,0.894977187978641,3,0.370852038264275
39,0.865385309855143,0.89917142194319,3,0.370852038264275
42,0.865385309855143,0.747860953157061,3,0.370852038264275
52,0.865385309855143,0.0238933814284524,3,0.370852038264275
66,0.865385309855143,0.72029203597592,3,0.370852038264275
84,0.865385309855143,0.946871210153853,3,0.370852038264275
86,0.865385309855143,0.0216952186631817,3,0.370852038264275
90,0.865385309855143,0.192781301788182,3,0.370852038264275
96,0.865385309855143,0.961385157018248,3,0.370852038264275
108,0.865385309855143,0.971580916627457,3,0.370852038264275
116,0.865385309855143,0.90491983198371,3,0.370852038264275
118,0.865385309855143,0.329311489153388,3,0.370852038264275
130,0.865385309855143,0.0395688672552016,3,0.370852038264275
132,0.865385309855143,0.938145180272782,3,0.370852038264275
133,0.865385309855143,0.0594037160088783,3,0.370852038264275
134,0.865385309855143,0.970214459789969,3,0.370852038264275
137,0.865385309855143,0.877738712032588,3,0.370852038264275
140,0.865385309855143,0.94969096404427,3,0.370852038264275
145,0.865385309855143,0.959724104939634,3,0.370852038264275
155,0.865385309855143,0.947075603855404,3,0.370852038264275
160,0.865385309855143,0.934012358738392,3,0.370852038264275
171,0.865385309855143,0.95243238811633,3,0.370852038264275
178,0.865385309855143,0.777358167111524,3,0.370852038264275
179,0.865385309855143,0.626301912694506,3,0.370852038264275
180,0.865385309855143,0.379456166285273,3,0.370852038264275
182,0.865385309855143,0.903964410240969,3,0.370852038264275
195,0.865385309855143,0.452540219493616,3,0.370852038264275
196,0.865385309855143,0.648183001730802,3,0.370852038264275
203,0.865385309855143,0.977344557996905,3,0.370852038264275
207,0.865385309855143,0.836028248585007,3,0.370852038264275
211,0.865385309855143,0.546231441263135,3,0.370852038264275
219,0.865385309855143,0.696339452339463,3,0.370852038264275
221,0.865385309855143,0.631114911205403,3,0.370852038264275
224,0.865385309855143,0.594261724435506,3,0.370852038264275
230,0.865385309855143,0.806806784011201,3,0.370852038264275
234,0.865385309855143,0.903030681142714,3,0.370852038264275
235,0.865385309855143,0.0517507819291926,3,0.370852038264275
248,0.865385309855143,0.877669337653104,3,0.370852038264275
256,0.865385309855143,0.916159684900374,3,0.370852038264275
269,0.865385309855143,0.0329449198504888,3,0.370852038264275
270,0.865385309855143,0.947353625148466,3,0.370852038264275
283,0.865385309855143,0.732988302707823,3,0.370852038264275
298,0.865385309855143,0.684267351243498,3,0.370852038264275
301,0.865385309855143,0.776426248835746,3,0.370852038264275
308,0.865385309855143,0.736872331798573,3,0.370852038264275
13,0.900709114968777,0.821956520177077,3,0.370852038264275
29,0.900709114968777,0.914968387848774,3,0.370852038264275
36,0.900709114968777,0.882884643902266,3,0.370852038264275
39,0.900709114968777,0.888381871924759,3,0.370852038264275
42,0.900709114968777,0.719587216742163,3,0.370852038264275
52,0.900709114968777,0.0162085292985038,3,0.370852038264275
66,0.900709114968777,0.691467055093553,3,0.370852038264275
84,0.900709114968777,0.941513055041318,3,0.370852038264275
86,0.900709114968777,0.0156731386842235,3,0.370852038264275
90,0.900709114968777,0.157117197341809,3,0.370852038264275
96,0.900709114968777,0.958138638422047,3,0.370852038264275
108,0.900709114968777,0.969033472701361,3,0.370852038264275
116,0.900709114968777,0.899989932709974,3,0.370852038264275
118,0.900709114968777,0.289879750991578,3,0.370852038264275
130,0.900709114968777,0.0301287167262234,3,0.370852038264275
132,0.900709114968777,0.932842625806442,3,0.370852038264275
133,0.900709114968777,0.0449347297707443,3,0.370852038264275
134,0.900709114968777,0.967844647844591,3,0.370852038264275
137,0.900709114968777,0.868250995923881,3,0.370852038264275
140,0.900709114968777,0.945574181878965,3,0.370852038264275
145,0.900709114968777,0.956519510157633,3,0.370852038264275
155,0.900709114968777,0.941104932186389,3,0.370852038264275
160,0.900709114968777,0.928438186488374,3,0.370852038264275
171,0.900709114968777,0.948058401832535,3,0.370852038264275
178,0.900709114968777,0.756965324303915,3,0.370852038264275
179,0.900709114968777,0.596502049345651,3,0.370852038264275
180,0.900709114968777,0.341473409927322,3,0.370852038264275
182,0.900709114968777,0.894261180393308,3,0.370852038264275
195,0.900709114968777,0.423427203499117,3,0.370852038264275
196,0.900709114968777,0.615952686335183,3,0.370852038264275
203,0.900709114968777,0.975191489517799,3,0.370852038264275
207,0.900709114968777,0.822522398666312,3,0.370852038264275
211,0.900709114968777,0.504096212755633,3,0.370852038264275
219,0.900709114968777,0.664258031109991,3,0.370852038264275
221,0.900709114968777,0.600153780407366,3,0.370852038264275
224,0.900709114968777,0.547309011646824,3,0.370852038264275
230,0.900709114968777,0.788139419784179,3,0.370852038264275
234,0.900709114968777,0.892350505387932,3,0.370852038264275
235,0.900709114968777,0.0446816207082632,3,0.370852038264275
248,0.900709114968777,0.864901096659195,3,0.370852038264275
256,0.900709114968777,0.904567196661931,3,0.370852038264275
269,0.900709114968777,0.0255314280586076,3,0.370852038264275
270,0.900709114968777,0.94075629661309,3,0.370852038264275
283,0.900709114968777,0.711569256209425,3,0.370852038264275
298,0.900709114968777,0.655704921633859,3,0.370852038264275
301,0.900709114968777,0.749393904923207,3,0.370852038264275
308,0.900709114968777,0.706934985657293,3,0.370852038264275
13,0.93603292008241,0.799314019533735,3,0.370852038264275
29,0.93603292008241,0.908534138950232,3,0.370852038264275
36,0.93603292008241,0.870255622419231,3,0.370852038264275
39,0.93603292008241,0.876949927627909,3,0.370852038264275
42,0.93603292008241,0.690219137059447,3,0.370852038264275
52,0.93603292008241,0.0108972467099349,3,0.370852038264275
66,0.93603292008241,0.661718464368434,3,0.370852038264275
84,0.93603292008241,0.935857507424911,3,0.370852038264275
86,0.93603292008241,0.0113180090678615,3,0.370852038264275
90,0.93603292008241,0.126784481926133,3,0.370852038264275
96,0.93603292008241,0.954799213961362,3,0.370852038264275
108,0.93603292008241,0.966392903082252,3,0.370852038264275
116,0.93603292008241,0.895203126577599,3,0.370852038264275
118,0.93603292008241,0.253586660746886,3,0.370852038264275
130,0.93603292008241,0.0229808886612112,3,0.370852038264275
132,0.93603292008241,0.927372318774517,3,0.370852038264275
133,0.93603292008241,0.0341083560052532,3,0.370852038264275
134,0.93603292008241,0.965390469509922,3,0.370852038264275
137,0.93603292008241,0.858633467772545,3,0.370852038264275
140,0.93603292008241,0.941351725718254,3,0.370852038264275
145,0.93603292008241,0.953251300766792,3,0.370852038264275
155,0.93603292008241,0.934706304172414,3,0.370852038264275
160,0.93603292008241,0.922706778100486,3,0.370852038264275
171,0.93603292008241,0.943497546486618,3,0.370852038264275
178,0.93603292008241,0.736038578997047,3,0.370852038264275
179,0.93603292008241,0.567281444884254,3,0.370852038264275
180,0.93603292008241,0.306082663307813,3,0.370852038264275
182,0.93603292008241,0.884094876622067,3,0.370852038264275
195,0.93603292008241,0.396921297721316,3,0.370852038264275
196,0.93603292008241,0.583468927317831,3,0.370852038264275
203,0.93603292008241,0.972931461617667,3,0.370852038264275
207,0.93603292008241,0.808808852045513,3,0.370852038264275
211,0.93603292008241,0.462078222958563,3,0.370852038264275
219,0.93603292008241,0.631553280544028,3,0.370852038264275
221,0.93603292008241,0.56962104541718,3,0.370852038264275
224,0.93603292008241,0.500260554305517,3,0.370852038264275
230,0.93603292008241,0.768968372770901,3,0.370852038264275
234,0.93603292008241,0.881254474191868,3,0.370852038264275
235,0.93603292008241,0.0388900685216657,3,0.370852038264275
248,0.93603292008241,0.851435461252582,3,0.370852038264275
256,0.93603292008241,0.891809007943253,3,0.370852038264275
269,0.93603292008241,0.0193976964787478,3,0.370852038264275
270,0.93603292008241,0.933562238251299,3,0.370852038264275
283,0.93603292008241,0.69023647990486,3,0.370852038264275
298,0.93603292008241,0.626906270833821,3,0.370852038264275
301,0.93603292008241,0.721121329740382,3,0.370852038264275
308,0.93603292008241,0.675895380568164,3,0.370852038264275
13,0.971356725196044,0.775013727157507,3,0.370852038264275
29,0.971356725196044,0.902367440977868,3,0.370852038264275
36,0.971356725196044,0.856499835361639,3,0.370852038264275
39,0.971356725196044,0.86523513244353,3,0.370852038264275
42,0.971356725196044,0.660280370941878,3,0.370852038264275
52,0.971356725196044,0.00724707293293869,3,0.370852038264275
66,0.971356725196044,0.631427557615159,3,0.370852038264275
84,0.971356725196044,0.9298919022487,3,0.370852038264275
86,0.971356725196044,0.00816756587261258,3,0.370852038264275
90,0.971356725196044,0.101466681786795,3,0.370852038264275
96,0.971356725196044,0.951359793546281,3,0.370852038264275
108,0.971356725196044,0.963652604768489,3,0.370852038264275
116,0.971356725196044,0.890547710095917,3,0.370852038264275
118,0.971356725196044,0.220470614150319,3,0.370852038264275
130,0.971356725196044,0.0178089952933309,3,0.370852038264275
132,0.971356725196044,0.921724613074779,3,0.370852038264275
133,0.971356725196044,0.0261465035212468,3,0.370852038264275
134,0.971356725196044,0.962894074296937,3,0.370852038264275
137,0.971356725196044,0.848166684517326,3,0.370852038264275
140,0.971356725196044,0.937016856214918,3,0.370852038264275
145,0.971356725196044,0.949914838841054,3,0.370852038264275
155,0.971356725196044,0.927848870111028,3,0.370852038264275
160,0.971356725196044,0.916994319190267,3,0.370852038264275
171,0.971356725196044,0.938737305003348,3,0.370852038264275
178,0.971356725196044,0.714627979264024,3,0.370852038264275
179,0.971356725196044,0.538642799827734,3,0.370852038264275
180,0.971356725196044,0.273406780825172,3,0.370852038264275
182,0.971356725196044,0.873818424722111,3,0.370852038264275
195,0.971356725196044,0.372873294821547,3,0.370852038264275
196,0.971356725196044,0.550991174988165,3,0.370852038264275
203,0.971356725196044,0.970555889673749,3,0.370852038264275
207,0.971356725196044,0.794919642178231,3,0.370852038264275
211,0.971356725196044,0.420624200337872,3,0.370852038264275
219,0.971356725196044,0.598457228254138,3,0.370852038264275
221,0.971356725196044,0.539327683416064,3,0.370852038264275
224,0.971356725196044,0.453865550080463,3,0.370852038264275
230,0.971356725196044,0.749385656079161,3,0.370852038264275
234,0.971356725196044,0.869730749428256,3,0.370852038264275
235,0.971356725196044,0.0341204871010478,3,0.370852038264275
248,0.971356725196044,0.837266504604126,3,0.370852038264275
256,0.971356725196044,0.877797261960965,3,0.370852038264275
269,0.971356725196044,0.0150596186491603,3,0.370852038264275
270,0.971356725196044,0.925542421308887,3,0.370852038264275
283,0.971356725196044,0.669413686918329,3,0.370852038264275
298,0.971356725196044,0.5980600754003,3,0.370852038264275
301,0.971356725196044,0.691842615499806,3,0.370852038264275
308,0.971356725196044,0.644019093573025,3,0.370852038264275
13,1.00668053030968,0.749137175031071,3,0.370852038264275
29,1.00668053030968,0.896102465991938,3,0.370852038264275
36,1.00668053030968,0.841864243314218,3,0.370852038264275
39,1.00668053030968,0.852459030114338,3,0.370852038264275
42,1.00668053030968,0.629481867418894,3,0.370852038264275
52,1.00668053030968,0.00476359999527698,3,0.370852038264275
66,1.00668053030968,0.600840405154223,3,0.370852038264275
84,1.00668053030968,0.9236075606378,3,0.370852038264275
86,1.00668053030968,0.00588827298035322,3,0.370852038264275
90,1.00668053030968,0.0807033972867305,3,0.370852038264275
96,1.00668053030968,0.948025935562882,3,0.370852038264275
108,1.00668053030968,0.960698126262966,3,0.370852038264275
116,1.00668053030968,0.886012985194219,3,0.370852038264275
118,1.00668053030968,0.190113093602192,3,0.370852038264275
130,1.00668053030968,0.0136770227882781,3,0.370852038264275
132,1.00668053030968,0.915754099957899,3,0.370852038264275
133,1.00668053030968,0.0202756790456643,3,0.370852038264275
134,1.00668053030968,0.960237750508338,3,0.370852038264275
137,1.00668053030968,0.838888367455397,3,0.370852038264275
140,1.00668053030968,0.932340696814512,3,0.370852038264275
145,1.00668053030968,0.94663691993264,3,0.370852038264275
155,1.00668053030968,0.920501723775732,3,0.370852038264275
160,1.00668053030968,0.910931387958827,3,0.370852038264275
171,1.00668053030968,0.93376466570112,3,0.370852038264275
178,1.00668053030968,0.692795418917283,3,0.370852038264275
179,1.00668053030968,0.510656630090959,3,0.370852038264275
180,1.00668053030968,0.244290240582066,3,0.370852038264275
182,1.00668053030968,0.863296662392416,3,0.370852038264275
195,1.00668053030968,0.351054460535023,3,0.370852038264275
196,1.00668053030968,0.518784748510664,3,0.370852038264275
203,1.00668053030968,0.968172272557904,3,0.370852038264275
207,1.00668053030968,0.779828092961848,3,0.370852038264275
211,1.00668053030968,0.380300680283204,3,0.370852038264275
219,1.00668053030968,0.565353403592599,3,0.370852038264275
221,1.00668053030968,0.509926924977298,3,0.370852038264275
224,1.00668053030968,0.408814574119769,3,0.370852038264275
230,1.00668053030968,0.728946180368747,3,0.370852038264275
234,1.00668053030968,0.857756619998647,3,0.370852038264275
235,1.00668053030968,0.0301622493417705,3,0.370852038264275
248,1.00668053030968,0.82185081565464,3,0.370852038264275
256,1.00668053030968,0.862449951822178,3,0.370852038264275
269,1.00668053030968,0.0116309000095404,3,0.370852038264275
270,1.00668053030968,0.917011116667682,3,0.370852038264275
283,1.00668053030968,0.648560992742269,3,0.370852038264275
298,1.00668053030968,0.569361121037246,3,0.370852038264275
301,1.00668053030968,0.661591947667616,3,0.370852038264275
308,1.00668053030968,0.611341051090613,3,0.370852038264275
13,1.04200433542331,0.721826252717901,3,0.370852038264275
29,1.04200433542331,0.889732464426722,3,0.370852038264275
36,1.04200433542331,0.826331881154167,3,0.370852038264275
39,1.04200433542331,0.83897982391494,3,0.370852038264275
42,1.04200433542331,0.597105141938435,3,0.370852038264275
52,1.04200433542331,0.00309847030512833,3,0.370852038264275
66,1.04200433542331,0.570104247974174,3,0.370852038264275
84,1.04200433542331,0.91700128669615,3,0.370852038264275
86,1.04200433542331,0.00423774445603886,3,0.370852038264275
90,1.04200433542331,0.0639398893041166,3,0.370852038264275
96,1.04200433542331,0.94437077987132,3,0.370852038264275
108,1.04200433542331,0.958015533994012,3,0.370852038264275
116,1.04200433542331,0.882784580627192,3,0.370852038264275
118,1.04200433542331,0.163269828580701,3,0.370852038264275
130,1.04200433542331,0.0105450189159968,3,0.370852038264275
132,1.04200433542331,0.909774455452009,3,0.370852038264275
133,1.04200433542331,0.0159306702430249,3,0.370852038264275
134,1.04200433542331,0.957588781914831,3,0.370852038264275
137,1.04200433542331,0.82886926273265,3,0.370852038264275
140,1.04200433542331,0.927754275407944,3,0.370852038264275
145,1.04200433542331,0.943153588417798,3,0.370852038264275
155,1.04200433542331,0.912634640020055,3,0.370852038264275
160,1.04200433542331,0.904689695644693,3,0.370852038264275
171,1.04200433542331,0.928419275210858,3,0.370852038264275
178,1.04200433542331,0.670614197105652,3,0.370852038264275
179,1.04200433542331,0.483453865175719,3,0.370852038264275
180,1.04200433542331,0.217047860900539,3,0.370852038264275
182,1.04200433542331,0.852539407585842,3,0.370852038264275
195,1.04200433542331,0.331197662532755,3,0.370852038264275
196,1.04200433542331,0.487109076333462,3,0.370852038264275
203,1.04200433542331,0.965434725584688,3,0.370852038264275
207,1.04200433542331,0.765683172490536,3,0.370852038264275
211,1.04200433542331,0.341305910022738,3,0.370852038264275
219,1.04200433542331,0.531783954676309,3,0.370852038264275
221,1.04200433542331,0.48122360203577,3,0.370852038264275
224,1.04200433542331,0.365626710866274,3,0.370852038264275
230,1.04200433542331,0.708851620844438,3,0.370852038264275
234,1.04200433542331,0.845307132503697,3,0.370852038264275
235,1.04200433542331,0.0268418303742104,3,0.370852038264275
248,1.04200433542331,0.806294896472462,3,0.370852038264275
256,1.04200433542331,0.845610170754169,3,0.370852038264275
269,1.04200433542331,0.00892272414571404,3,0.370852038264275
270,1.04200433542331,0.907755626757523,3,0.370852038264275
283,1.04200433542331,0.62809559460054,3,0.370852038264275
298,1.04200433542331,0.541002151284654,3,0.370852038264275
301,1.04200433542331,0.631134598856565,3,0.370852038264275
308,1.04200433542331,0.578662728222732,3,0.370852038264275
13,1.07732814053694,0.693618191471608,3,0.370852038264275
29,1.07732814053694,0.883251097761981,3,0.370852038264275
36,1.07732814053694,0.809896795107459,3,0.370852038264275
39,1.07732814053694,0.824198503793087,3,0.370852038264275
42,1.07732814053694,0.566111593806446,3,0.370852038264275
52,1.07732814053694,0.00199538331491544,3,0.370852038264275
66,1.07732814053694,0.538842666042632,3,0.370852038264275
84,1.07732814053694,0.910077049227533,3,0.370852038264275
86,1.07732814053694,0.00304001453074798,3,0.370852038264275
90,1.07732814053694,0.0503959072091827,3,0.370852038264275
96,1.07732814053694,0.940592654111976,3,0.370852038264275
108,1.07732814053694,0.954938585963342,3,0.370852038264275
116,1.07732814053694,0.877586834913056,3,0.370852038264275
118,1.07732814053694,0.139385315754801,3,0.370852038264275
130,1.07732814053694,0.0081648777416502,3,0.370852038264275
132,1.07732814053694,0.903537869611633,3,0.370852038264275
133,1.07732814053694,0.0126828764935328,3,0.370852038264275
134,1.07732814053694,0.954855321549421,3,0.370852038264275
137,1.07732814053694,0.818719234241883,3,0.370852038264275
140,1.07732814053694,0.923035780419747,3,0.370852038264275
145,1.07732814053694,0.93958725255452,3,0.370852038264275
155,1.07732814053694,0.904219113261309,3,0.370852038264275
160,1.07732814053694,0.898263695129753,3,0.370852038264275
171,1.07732814053694,0.922976195683482,3,0.370852038264275
178,1.07732814053694,0.648167791382318,3,0.370852038264275
179,1.07732814053694,0.457184028564054,3,0.370852038264275
180,1.07732814053694,0.192364636545152,3,0.370852038264275
182,1.07732814053694,0.841606871857908,3,0.370852038264275
195,1.07732814053694,0.313030412068164,3,0.370852038264275
196,1.07732814053694,0.456207141560806,3,0.370852038264275
203,1.07732814053694,0.962655313536502,3,0.370852038264275
207,1.07732814053694,0.751481449132892,3,0.370852038264275
211,1.07732814053694,0.303191985266628,3,0.370852038264275
219,1.07732814053694,0.49935358202612,3,0.370852038264275
221,1.07732814053694,0.453280032109932,3,0.370852038264275
224,1.07732814053694,0.324951367289101,3,0.370852038264275
230,1.07732814053694,0.688669638974819,3,0.370852038264275
234,1.07732814053694,0.832363556968975,3,0.370852038264275
235,1.07732814053694,0.0240197293245378,3,0.370852038264275
248,1.07732814053694,0.789892488387591,3,0.370852038264275
256,1.07732814053694,0.827391365516504,3,0.370852038264275
269,1.07732814053694,0.0067907805863151,3,0.370852038264275
270,1.07732814053694,0.897747872031337,3,0.370852038264275
283,1.07732814053694,0.608109967096003,3,0.370852038264275
298,1.07732814053694,0.513165452591428,3,0.370852038264275
301,1.07732814053694,0.600522716045569,3,0.370852038264275
308,1.07732814053694,0.545725929015062,3,0.370852038264275
13,1.11265194565058,0.664100063165183,3,0.370852038264275
29,1.11265194565058,0.876652532995822,3,0.370852038264275
36,1.11265194565058,0.792566049004462,3,0.370852038264275
39,1.11265194565058,0.809287918920194,3,0.370852038264275
42,1.11265194565058,0.53549993648578,3,0.370852038264275
52,1.11265194565058,0.00127251142233897,3,0.370852038264275
66,1.11265194565058,0.508120273039337,3,0.370852038264275
84,1.11265194565058,0.902847732275353,3,0.370852038264275
86,1.11265194565058,0.00216844220450541,3,0.370852038264275
90,1.11265194565058,0.0395385157032575,3,0.370852038264275
96,1.11265194565058,0.93668340969793,3,0.370852038264275
108,1.11265194565058,0.951731538220334,3,0.370852038264275
116,1.11265194565058,0.873369764352118,3,0.370852038264275
118,1.11265194565058,0.11830131515081,3,0.370852038264275
130,1.11265194565058,0.00635151631105157,3,0.370852038264275
132,1.11265194565058,0.897089937893182,3,0.370852038264275
133,1.11265194565058,0.010220453096015,3,0.370852038264275
134,1.11265194565058,0.952030725418289,3,0.370852038264275
137,1.11265194565058,0.808441881517051,3,0.370852038264275
140,1.11265194565058,0.918179015774855,3,0.370852038264275
145,1.11265194565058,0.935932784763453,3,0.370852038264275
155,1.11265194565058,0.895229603559209,3,0.370852038264275
160,1.11265194565058,0.891649018927809,3,0.370852038264275
171,1.11265194565058,0.917279266983918,3,0.370852038264275
178,1.11265194565058,0.625547756437424,3,0.370852038264275
179,1.11265194565058,0.431966724545133,3,0.370852038264275
180,1.11265194565058,0.170290420395561,3,0.370852038264275
182,1.11265194565058,0.830392369444543,3,0.370852038264275
195,1.11265194565058,0.296293132827627,3,0.370852038264275
196,1.11265194565058,0.426297376337442,3,0.370852038264275
203,1.11265194565058,0.959719935584322,3,0.370852038264275
207,1.11265194565058,0.737261983741006,3,0.370852038264275
211,1.11265194565058,0.268336874118163,3,0.370852038264275
219,1.11265194565058,0.467644017179707,3,0.370852038264275
221,1.11265194565058,0.426141805140339,3,0.370852038264275
224,1.11265194565058,0.287055533335507,3,0.370852038264275
230,1.11265194565058,0.668503821576453,3,0.370852038264275
234,1.11265194565058,0.818919484799291,3,0.370852038264275
235,1.11265194565058,0.0215875324655911,3,0.370852038264275
248,1.11265194565058,0.773105024701007,3,0.370852038264275
256,1.11265194565058,0.807677931170811,3,0.370852038264275
269,1.11265194565058,0.00512235512699022,3,0.370852038264275
270,1.11265194565058,0.886972105440359,3,0.370852038264275
283,1.11265194565058,0.588688513096446,3,0.370852038264275
298,1.11265194565058,0.48601510773021,3,0.370852038264275
301,1.11265194565058,0.570033945359754,3,0.370852038264275
308,1.11265194565058,0.513364694395088,3,0.370852038264275
13,1.14797575076421,0.633897398527748,3,0.370852038264275
29,1.14797575076421,0.870587871550225,3,0.370852038264275
36,1.14797575076421,0.774361381509205,3,0.370852038264275
39,1.14797575076421,0.793685160429694,3,0.370852038264275
42,1.14797575076421,0.505776062125305,3,0.370852038264275
52,1.14797575076421,0.000802993048667044,3,0.370852038264275
66,1.14797575076421,0.477874943718653,3,0.370852038264275
84,1.14797575076421,0.895336749068377,3,0.370852038264275
86,1.14797575076421,0.00153289330583584,3,0.370852038264275
90,1.14797575076421,0.0308484321478714,3,0.370852038264275
96,1.14797575076421,0.932634665303098,3,0.370852038264275
108,1.14797575076421,0.948385771930721,3,0.370852038264275
116,1.14797575076421,0.869237897322084,3,0.370852038264275
118,1.14797575076421,0.0998279309977572,3,0.370852038264275
130,1.14797575076421,0.00496679476499962,3,0.370852038264275
132,1.14797575076421,0.890424470758142,3,0.370852038264275
133,1.14797575076421,0.00832343409702285,3,0.370852038264275
134,1.14797575076421,0.949108184893947,3,0.370852038264275
137,1.14797575076421,0.798042434583204,3,0.370852038264275
140,1.14797575076421,0.913178143005014,3,0.370852038264275
145,1.14797575076421,0.932184969550255,3,0.370852038264275
155,1.14797575076421,0.885645028925873,3,0.370852038264275
160,1.14797575076421,0.88484274496897,3,0.370852038264275
171,1.14797575076421,0.911314084579175,3,0.370852038264275
178,1.14797575076421,0.602850759823295,3,0.370852038264275
179,1.14797575076421,0.407862544763361,3,0.370852038264275
180,1.14797575076421,0.150566294824454,3,0.370852038264275
182,1.14797575076421,0.818962145960665,3,0.370852038264275
195,1.14797575076421,0.280751386844039,3,0.370852038264275
196,1.14797575076421,0.396111629595008,3,0.370852038264275
203,1.14797575076421,0.956616899864017,3,0.370852038264275
207,1.14797575076421,0.723060532276763,3,0.370852038264275
211,1.14797575076421,0.235981634298101,3,0.370852038264275
219,1.14797575076421,0.436916278714665,3,0.370852038264275
221,1.14797575076421,0.399846492137193,3,0.370852038264275
224,1.14797575076421,0.252154311906822,3,0.370852038264275
230,1.14797575076421,0.64844701307429,3,0.370852038264275
234,1.14797575076421,0.804983874166514,3,0.370852038264275
235,1.14797575076421,0.0194638324503167,3,0.370852038264275
248,1.14797575076421,0.755797855929946,3,0.370852038264275
256,1.14797575076421,0.786465992660047,3,0.370852038264275
269,1.14797575076421,0.00382743773394822,3,0.370852038264275
270,1.14797575076421,0.875427040981924,3,0.370852038264275
283,1.14797575076421,0.569904016440511,3,0.370852038264275
298,1.14797575076421,0.45969077058994,3,0.370852038264275
301,1.14797575076421,0.539928213744171,3,0.370852038264275
308,1.14797575076421,0.481524680126393,3,0.370852038264275
13,1.18329955587784,0.603322627506142,3,0.370852038264275
29,1.18329955587784,0.863754223420481,3,0.370852038264275
36,1.18329955587784,0.755320275396266,3,0.370852038264275
39,1.18329955587784,0.777416404195336,3,0.370852038264275
42,1.18329955587784,0.476828633172676,3,0.370852038264275
52,1.18329955587784,0.000500058577451834,3,0.370852038264275
66,1.18329955587784,0.448080184765846,3,0.370852038264275
84,1.18329955587784,0.887579208303208,3,0.370852038264275
86,1.18329955587784,0.0010696785651253,3,0.370852038264275
90,1.18329955587784,0.0239006274341407,3,0.370852038264275
96,1.18329955587784,0.928437833809375,3,0.370852038264275
108,1.18329955587784,0.944892258948132,3,0.370852038264275
116,1.18329955587784,0.865185120780185,3,0.370852038264275
118,1.18329955587784,0.0837542631115922,3,0.370852038264275
130,1.18329955587784,0.003906841620684,3,0.370852038264275
132,1.18329955587784,0.883536790879957,3,0.370852038264275
133,1.18329955587784,0.00683850977902778,3,0.370852038264275
134,1.18329955587784,0.946080761348948,3,0.370852038264275
137,1.18329955587784,0.787527729855049,3,0.370852038264275
140,1.18329955587784,0.908027799435058,3,0.370852038264275
145,1.18329955587784,0.928338527915588,3,0.370852038264275
155,1.18329955587784,0.875450475308862,3,0.370852038264275
160,1.18329955587784,0.877843673731603,3,0.370852038264275
171,1.18329955587784,0.905066150806069,3,0.370852038264275
178,1.18329955587784,0.580174908406516,3,0.370852038264275
179,1.18329955587784,0.384872728279388,3,0.370852038264275
180,1.18329955587784,0.133010639517174,3,0.370852038264275
182,1.18329955587784,0.80733044146871,3,0.370852038264275
195,1.18329955587784,0.266206547938329,3,0.370852038264275
196,1.18329955587784,0.368768745885279,3,0.370852038264275
203,1.18329955587784,0.953333873533709,3,0.370852038264275
207,1.18329955587784,0.708908300023958,3,0.370852038264275
211,1.18329955587784,0.206324216639374,3,0.370852038264275
219,1.18329955587784,0.407422131777644,3,0.370852038264275
221,1.18329955587784,0.374432193829435,3,0.370852038264275
224,1.18329955587784,0.220329220449541,3,0.370852038264275
230,1.18329955587784,0.628578969886634,3,0.370852038264275
234,1.18329955587784,0.79058152662187,3,0.370852038264275
235,1.18329955587784,0.0175892333852443,3,0.370852038264275
248,1.18329955587784,0.73805145889046,3,0.370852038264275
256,1.18329955587784,0.763786215645977,3,0.370852038264275
269,1.18329955587784,0.00283274765337871,3,0.370852038264275
270,1.18329955587784,0.863126029746061,3,0.370852038264275
283,1.18329955587784,0.551814218004306,3,0.370852038264275
298,1.18329955587784,0.434303535209842,3,0.370852038264275
301,1.18329955587784,0.510450967368048,3,0.370852038264275
308,1.18329955587784,0.45040856900022,3,0.370852038264275
13,1.21862336099148,0.5726874373398,3,0.370852038264275
29,1.21862336099148,0.856372942984525,3,0.370852038264275
36,1.21862336099148,0.735496227379673,3,0.370852038264275
39,1.21862336099148,0.760521015813864,3,0.370852038264275
42,1.21862336099148,0.449110242264613,3,0.370852038264275
52,1.21862336099148,0.000305746777525484,3,0.370852038264275
66,1.21862336099148,0.418874724251298,3,0.370852038264275
84,1.21862336099148,0.879622222451718,3,0.370852038264275
86,1.21862336099148,0.00073366256173002,3,0.370852038264275
90,1.21862336099148,0.0183571843684206,3,0.370852038264275
96,1.21862336099148,0.924084159142955,3,0.370852038264275
108,1.21862336099148,0.941241573435754,3,0.370852038264275
116,1.21862336099148,0.861205669147071,3,0.370852038264275
118,1.21862336099148,0.0698598863895399,3,0.370852038264275
130,1.21862336099148,0.00309284770616058,3,0.370852038264275
132,1.21862336099148,0.876424069830871,3,0.370852038264275
133,1.21862336099148,0.00565820804777861,3,0.370852038264275
134,1.21862336099148,0.942941433049761,3,0.370852038264275
137,1.21862336099148,0.776906148873446,3,0.370852038264275
140,1.21862336099148,0.902723229615876,3,0.370852038264275
145,1.21862336099148,0.924388149000193,3,0.370852038264275
155,1.21862336099148,0.864639051022333,3,0.370852038264275
160,1.21862336099148,0.870652601519021,3,0.370852038264275
171,1.21862336099148,0.898521037520838,3,0.370852038264275
178,1.21862336099148,0.557615689989477,3,0.370852038264275
179,1.21862336099148,0.362960242394139,3,0.370852038264275
180,1.21862336099148,0.117435413312397,3,0.370852038264275
182,1.21862336099148,0.795509645374389,3,0.370852038264275
195,1.21862336099148,0.252502741978219,3,0.370852038264275
196,1.21862336099148,0.342884632073011,3,0.370852038264275
203,1.21862336099148,0.94985790043966,3,0.370852038264275
207,1.21862336099148,0.69483162963767,3,0.370852038264275
211,1.21862336099148,0.17946779974294,3,0.370852038264275
219,1.21862336099148,0.379384696629239,3,0.370852038264275
221,1.21862336099148,0.349945286685492,3,0.370852038264275
224,1.21862336099148,0.191548328358642,3,0.370852038264275
230,1.21862336099148,0.608966730713668,3,0.370852038264275
234,1.21862336099148,0.775752092807193,3,0.370852038264275
235,1.21862336099148,0.0159211441813832,3,0.370852038264275
248,1.21862336099148,0.719955503980597,3,0.370852038264275
256,1.21862336099148,0.739707884329688,3,0.370852038264275
269,1.21862336099148,0.00207776023546857,3,0.370852038264275
270,1.21862336099148,0.850094275156788,3,0.370852038264275
283,1.21862336099148,0.534459704557574,3,0.370852038264275
298,1.21862336099148,0.409934094061226,3,0.370852038264275
301,1.21862336099148,0.481839204314986,3,0.370852038264275
308,1.21862336099148,0.420183001264217,3,0.370852038264275
13,1.25394716610511,0.542288869244434,3,0.370852038264275
29,1.25394716610511,0.849266567999881,3,0.370852038264275
36,1.25394716610511,0.715014626439689,3,0.370852038264275
39,1.25394716610511,0.743051599219262,3,0.370852038264275
42,1.25394716610511,0.422823908683085,3,0.370852038264275
52,1.25394716610511,0.000182165218697183,3,0.370852038264275
66,1.25394716610511,0.390394107960695,3,0.370852038264275
84,1.25394716610511,0.871523899617202,3,0.370852038264275
86,1.25394716610511,0.000492346659674681,3,0.370852038264275
90,1.25394716610511,0.0139521269303172,3,0.370852038264275
96,1.25394716610511,0.919564764738542,3,0.370852038264275
108,1.25394716610511,0.937423912369982,3,0.370852038264275
116,1.25394716610511,0.857294003150259,3,0.370852038264275
118,1.25394716610511,0.0579248461443139,3,0.370852038264275
130,1.25394716610511,0.00246471769382972,3,0.370852038264275
132,1.25394716610511,0.869085667084891,3,0.370852038264275
133,1.25394716610511,0.00470626360602389,3,0.370852038264275
134,1.25394716610511,0.939683156303016,3,0.370852038264275
137,1.25394716610511,0.766187522907987,3,0.370852038264275
140,1.25394716610511,0.897260427430812,3,0.370852038264275
145,1.25394716610511,0.920328530096898,3,0.370852038264275
155,1.25394716610511,0.853213752475852,3,0.370852038264275
160,1.25394716610511,0.863272567839775,3,0.370852038264275
171,1.25394716610511,0.891664586334467,3,0.370852038264275
178,1.25394716610511,0.535262018635328,3,0.370852038264275
179,1.25394716610511,0.342077740197336,3,0.370852038264275
180,1.25394716610511,0.103654662536485,3,0.370852038264275
182,1.25394716610511,0.783508691533033,3,0.370852038264275
195,1.25394716610511,0.239527499560333,3,0.370852038264275
196,1.25394716610511,0.318541393651531,3,0.370852038264275
203,1.25394716610511,0.946175434745036,3,0.370852038264275
207,1.25394716610511,0.680852553932841,3,0.370852038264275
211,1.25394716610511,0.155420796915191,3,0.370852038264275
219,1.25394716610511,0.352976892210828,3,0.370852038264275
221,1.25394716610511,0.326445499198956,3,0.370852038264275
224,1.25394716610511,0.165702409151345,3,0.370852038264275
230,1.25394716610511,0.589667132217734,3,0.370852038264275
234,1.25394716610511,0.760548146676007,3,0.370852038264275
235,1.25394716610511,0.0144290422639739,3,0.370852038264275
248,1.25394716610511,0.701603835914639,3,0.370852038264275
256,1.25394716610511,0.71434034967088,3,0.370852038264275
269,1.25394716610511,0.0015120944332544,3,0.370852038264275
270,1.25394716610511,0.83636269217529,3,0.370852038264275
283,1.25394716610511,0.517863779909821,3,0.370852038264275
298,1.25394716610511,0.386633066722275,3,0.370852038264275
301,1.25394716610511,0.454322526110136,3,0.370852038264275
308,1.25394716610511,0.390975685535342,3,0.370852038264275
13,1.28927097121874,0.512403218801551,3,0.370852038264275
29,1.28927097121874,0.842025491476315,3,0.370852038264275
36,1.28927097121874,0.693845719510722,3,0.370852038264275
39,1.28927097121874,0.725073067994457,3,0.370852038264275
42,1.28927097121874,0.398111700784585,3,0.370852038264275
52,1.28927097121874,0.00010478906140865,3,0.370852038264275
66,1.28927097121874,0.36277104794771,3,0.370852038264275
84,1.28927097121874,0.86335063012536,3,0.370852038264275
86,1.28927097121874,0.000321746397778599,3,0.370852038264275
90,1.28927097121874,0.0104747180023539,3,0.370852038264275
96,1.28927097121874,0.914870715581539,3,0.370852038264275
108,1.28927097121874,0.93342912671144,3,0.370852038264275
116,1.28927097121874,0.853445140096868,3,0.370852038264275
118,1.28927097121874,0.0477369926289306,3,0.370852038264275
130,1.28927097121874,0.00197671651037212,3,0.370852038264275
132,1.28927097121874,0.861523446410127,3,0.370852038264275
133,1.28927097121874,0.00392813370743328,3,0.370852038264275
134,1.28927097121874,0.936298942954812,3,0.370852038264275
137,1.28927097121874,0.755383010935863,3,0.370852038264275
140,1.28927097121874,0.891636284501887,3,0.370852038264275
145,1.28927097121874,0.916154426176399,3,0.370852038264275
155,1.28927097121874,0.841189136937887,3,0.370852038264275
160,1.28927097121874,0.855709047292235,3,0.370852038264275
171,1.28927097121874,0.884483150786793,3,0.370852038264275
178,1.28927097121874,0.513192974644695,3,0.370852038264275
179,1.28927097121874,0.322189505704134,3,0.370852038264275
180,1.28927097121874,0.0914896618972438,3,0.370852038264275
182,1.28927097121874,0.771336589919226,3,0.370852038264275
195,1.28927097121874,0.227205540070524,3,0.370852038264275
196,1.28927097121874,0.295784067770646,3,0.370852038264275
203,1.28927097121874,0.942272394021196,3,0.370852038264275
207,1.28927097121874,0.666989799597043,3,0.370852038264275
211,1.28927097121874,0.134106666822181,3,0.370852038264275
219,1.28927097121874,0.328304738516682,3,0.370852038264275
221,1.28927097121874,0.304004279989937,3,0.370852038264275
224,1.28927097121874,0.142646278968846,3,0.370852038264275
230,1.28927097121874,0.570730172344215,3,0.370852038264275
234,1.28927097121874,0.745031732447425,3,0.370852038264275
235,1.28927097121874,0.0130906164551405,3,0.370852038264275
248,1.28927097121874,0.683088980193993,3,0.370852038264275
256,1.28927097121874,0.687831195588248,3,0.370852038264275
269,1.28927097121874,0.0010938170818291,3,0.370852038264275
270,1.28927097121874,0.82195943927823,3,0.370852038264275
283,1.28927097121874,0.502034094038703,3,0.370852038264275
298,1.28927097121874,0.364423241798261,3,0.370852038264275
301,1.28927097121874,0.428114394999131,3,0.370852038264275
308,1.28927097121874,0.362878715703152,3,0.370852038264275
13,1.32459477633238,0.483284793320685,3,0.370852038264275
29,1.32459477633238,0.834649669778366,3,0.370852038264275
36,1.32459477633238,0.672354200956805,3,0.370852038264275
39,1.32459477633238,0.706660634521884,3,0.370852038264275
42,1.32459477633238,0.375048423690037,3,0.370852038264275
52,1.32459477633238,5.7617683163147e-05,3,0.370852038264275
66,1.32459477633238,0.336134300280366,3,0.370852038264275
84,1.32459477633238,0.855172538850768,3,0.370852038264275
86,1.32459477633238,0.000203719173717309,3,0.370852038264275
90,1.32459477633238,0.00775511166936638,3,0.370852038264275
96,1.32459477633238,0.909993095907429,3,0.370852038264275
108,1.32459477633238,0.929246765174205,3,0.370852038264275
116,1.32459477633238,0.849654624777373,3,0.370852038264275
118,1.32459477633238,0.0390964459073821,3,0.370852038264275
130,1.32459477633238,0.00159433546803167,3,0.370852038264275
132,1.32459477633238,0.853742036033522,3,0.370852038264275
133,1.32459477633238,0.00328021952141377,3,0.370852038264275
134,1.32459477633238,0.932781956257934,3,0.370852038264275
137,1.32459477633238,0.744504962833407,3,0.370852038264275
140,1.32459477633238,0.885848738315863,3,0.370852038264275
145,1.32459477633238,0.911860709959502,3,0.370852038264275
155,1.32459477633238,0.82859252736824,3,0.370852038264275
160,1.32459477633238,0.847970049127755,3,0.370852038264275
171,1.32459477633238,0.876963884356364,3,0.370852038264275
178,1.32459477633238,0.491475806772003,3,0.370852038264275
179,1.32459477633238,0.303280816972273,3,0.370852038264275
180,1.32459477633238,0.0807711457661978,3,0.370852038264275
182,1.32459477633238,0.75900775632883,3,0.370852038264275
195,1.32459477633238,0.215487388223635,3,0.370852038264275
196,1.32459477633238,0.274622315071557,3,0.370852038264275
203,1.32459477633238,0.938134235631851,3,0.370852038264275
207,1.32459477633238,0.653259657762066,3,0.370852038264275
211,1.32459477633238,0.115329260694646,3,0.370852038264275
219,1.32459477633238,0.305400720924124,3,0.370852038264275
221,1.32459477633238,0.282695350485843,3,0.370852038264275
224,1.32459477633238,0.122229533786023,3,0.370852038264275
230,1.32459477633238,0.552201812447385,3,0.370852038264275
234,1.32459477633238,0.729269280235869,3,0.370852038264275
235,1.32459477633238,0.0118888786854433,3,0.370852038264275
248,1.32459477633238,0.664497139980899,3,0.370852038264275
256,1.32459477633238,0.660361241288757,3,0.370852038264275
269,1.32459477633238,0.000788323064552343,3,0.370852038264275
270,1.32459477633238,0.806902162619213,3,0.370852038264275
283,1.32459477633238,0.486965232131075,3,0.370852038264275
298,1.32459477633238,0.343303468357411,3,0.370852038264275
301,1.32459477633238,0.403395153472304,3,0.370852038264275
308,1.32459477633238,0.335957107068672,3,0.370852038264275
13,1.35991858144601,0.45516341395681,3,0.370852038264275
29,1.35991858144601,0.827140590637957,3,0.370852038264275
36,1.35991858144601,0.650215143768223,3,0.370852038264275
39,1.35991858144601,0.687896794749286,3,0.370852038264275
42,1.35991858144601,0.353643852927368,3,0.370852038264275
52,1.35991858144601,2.99793660702985e-05,3,0.370852038264275
66,1.35991858144601,0.310604381212891,3,0.370852038264275
84,1.35991858144601,0.84705745782923,3,0.370852038264275
86,1.35991858144601,0.000124301107039093,3,0.370852038264275
90,1.35991858144601,0.00565379233016761,3,0.370852038264275
96,1.35991858144601,0.904923104803465,3,0.370852038264275
108,1.35991858144601,0.924866132631998,3,0.370852038264275
116,1.35991858144601,0.845918504277827,3,0.370852038264275
118,1.35991858144601,0.0318174785368626,3,0.370852038264275
130,1.35991858144601,0.00129184781192304,3,0.370852038264275
132,1.35991858144601,0.845748990671932,3,0.370852038264275
133,1.35991858144601,0.00275338571047257,3,0.370852038264275
134,1.35991858144601,0.929125626969342,3,0.370852038264275
137,1.35991858144601,0.73356678272314,3,0.370852038264275
140,1.35991858144601,0.879896910911704,3,0.370852038264275
145,1.35991858144601,0.90744244340254,3,0.370852038264275
155,1.35991858144601,0.815464426386444,3,0.370852038264275
160,1.35991858144601,0.840066082455051,3,0.370852038264275
171,1.35991858144601,0.869095077320731,3,0.370852038264275
178,1.35991858144601,0.470165568444529,3,0.370852038264275
179,1.35991858144601,0.285355309110536,3,0.370852038264275
180,1.35991858144601,0.0713399157856868,3,0.370852038264275
182,1.35991858144601,0.746544920755502,3,0.370852038264275
195,1.35991858144601,0.204337038698642,3,0.370852038264275
196,1.35991858144601,0.255034214747044,3,0.370852038264275
203,1.35991858144601,0.933746060493855,3,0.370852038264275
207,1.35991858144601,0.639676294340188,3,0.370852038264275
211,1.35991858144601,0.0990096710752171,3,0.370852038264275
219,1.35991858144601,0.28422844784635,3,0.370852038264275
221,1.35991858144601,0.262581298753478,3,0.370852038264275
224,1.35991858144601,0.104307292121241,3,0.370852038264275
230,1.35991858144601,0.534125344911741,3,0.370852038264275
234,1.35991858144601,0.713326677319044,3,0.370852038264275
235,1.35991858144601,0.0108101251056381,3,0.370852038264275
248,1.35991858144601,0.645904655452692,3,0.370852038264275
256,1.35991858144601,0.63213753425127,3,0.370852038264275
269,1.35991858144601,0.000549693860787182,3,0.370852038264275
270,1.35991858144601,0.791195514230458,3,0.370852038264275
283,1.35991858144601,0.472641493577735,3,0.370852038264275
298,1.35991858144601,0.323253877907663,3,0.370852038264275
301,1.35991858144601,0.380293582251292,3,0.370852038264275
308,1.35991858144601,0.310257632984187,3,0.370852038264275
13,1.39524238655965,0.428236929314386,3,0.370852038264275
29,1.39524238655965,0.819501444677972,3,0.370852038264275
36,1.39524238655965,0.627752915312567,3,0.370852038264275
39,1.39524238655965,0.668867616954991,3,0.370852038264275
42,1.39524238655965,0.333852914392264,3,0.370852038264275
52,1.39524238655965,1.5013704118827e-05,3,0.370852038264275
66,1.39524238655965,0.286286038653415,3,0.370852038264275
84,1.39524238655965,0.839064405776674,3,0.370852038264275
86,1.39524238655965,7.26677976095047e-05,3,0.370852038264275
90,1.39524238655965,0.00405409296730141,3,0.370852038264275
96,1.39524238655965,0.899652171984369,3,0.370852038264275
108,1.39524238655965,0.920276365213127,3,0.370852038264275
116,1.39524238655965,0.842233306161121,3,0.370852038264275
118,1.39524238655965,0.0257284938169874,3,0.370852038264275
130,1.39524238655965,0.00106633326180428,3,0.370852038264275
132,1.39524238655965,0.837554807659198,3,0.370852038264275
133,1.39524238655965,0.00230176344284261,3,0.370852038264275
134,1.39524238655965,0.925323791107107,3,0.370852038264275
137,1.39524238655965,0.723042900849385,3,0.370852038264275
140,1.39524238655965,0.873781226156241,3,0.370852038264275
145,1.39524238655965,0.902894961063541,3,0.370852038264275
155,1.39524238655965,0.801857825009549,3,0.370852038264275
160,1.39524238655965,0.832009944602999,3,0.370852038264275
171,1.39524238655965,0.86086654400607,3,0.370852038264275
178,1.39524238655965,0.449306399665602,3,0.370852038264275
179,1.39524238655965,0.268425537278714,3,0.370852038264275
180,1.39524238655965,0.0630471561064364,3,0.370852038264275
182,1.39524238655965,0.733977779178515,3,0.370852038264275
195,1.39524238655965,0.193723372950416,3,0.370852038264275
196,1.39524238655965,0.236971449940893,3,0.370852038264275
203,1.39524238655965,0.929092748421559,3,0.370852038264275
207,1.39524238655965,0.626251499662164,3,0.370852038264275
211,1.39524238655965,0.0848750660078135,3,0.370852038264275
219,1.39524238655965,0.264696517834903,3,0.370852038264275
221,1.39524238655965,0.243702213363621,3,0.370852038264275
224,1.39524238655965,0.0887336806056419,3,0.370852038264275
230,1.39524238655965,0.516541202071326,3,0.370852038264275
234,1.39524238655965,0.697266755779947,3,0.370852038264275
235,1.39524238655965,0.00984256300787689,3,0.370852038264275
248,1.39524238655965,0.627376587996492,3,0.370852038264275
256,1.39524238655965,0.603386271564504,3,0.370852038264275
269,1.39524238655965,0.000391555124368947,3,0.370852038264275
270,1.39524238655965,0.774837737019075,3,0.370852038264275
283,1.39524238655965,0.45903947562305,3,0.370852038264275
298,1.39524238655965,0.304241875764449,3,0.370852038264275
301,1.39524238655965,0.358874924221897,3,0.370852038264275
308,1.39524238655965,0.285814577978655,3,0.370852038264275
13,1.43056619167328,0.402661148733129,3,0.370852038264275
29,1.43056619167328,0.811737285531171,3,0.370852038264275
36,1.43056619167328,0.605083863121981,3,0.370852038264275
39,1.43056619167328,0.649658851316409,3,0.370852038264275
42,1.43056619167328,0.315591177330051,3,0.370852038264275
52,1.43056619167328,6.80481804060662e-06,3,0.370852038264275
66,1.43056619167328,0.263259624231562,3,0.370852038264275
84,1.43056619167328,0.831238099193621,3,0.370852038264275
86,1.43056619167328,4.04608076759461e-05,3,0.370852038264275
90,1.43056619167328,0.00285541636233111,3,0.370852038264275
96,1.43056619167328,0.894172096049458,3,0.370852038264275
108,1.43056619167328,0.915466524054829,3,0.370852038264275
116,1.43056619167328,0.838596019463724,3,0.370852038264275
118,1.43056619167328,0.0206711587700348,3,0.370852038264275
130,1.43056619167328,0.000869095082079663,3,0.370852038264275
132,1.43056619167328,0.829172748841814,3,0.370852038264275
133,1.43056619167328,0.00192091555709506,3,0.370852038264275
134,1.43056619167328,0.921265895114199,3,0.370852038264275
137,1.43056619167328,0.712043688785011,3,0.370852038264275
140,1.43056619167328,0.867248361822037,3,0.370852038264275
145,1.43056619167328,0.898213965259103,3,0.370852038264275
155,1.43056619167328,0.787836196605879,3,0.370852038264275
160,1.43056619167328,0.823670588503233,3,0.370852038264275
171,1.43056619167328,0.852270059767192,3,0.370852038264275
178,1.43056619167328,0.428934035869698,3,0.370852038264275
179,1.43056619167328,0.252502451244695,3,0.370852038264275
180,1.43056619167328,0.0556861150428927,3,0.370852038264275
182,1.43056619167328,0.721338427337923,3,0.370852038264275
195,1.43056619167328,0.183617084481289,3,0.370852038264275
196,1.43056619167328,0.220364858174751,3,0.370852038264275
203,1.43056619167328,0.924159129144179,3,0.370852038264275
207,1.43056619167328,0.611958856199616,3,0.370852038264275
211,1.43056619167328,0.0727038164227254,3,0.370852038264275
219,1.43056619167328,0.246677775458749,3,0.370852038264275
221,1.43056619167328,0.226070471948607,3,0.370852038264275
224,1.43056619167328,0.0753483475738457,3,0.370852038264275
230,1.43056619167328,0.499485559848759,3,0.370852038264275
234,1.43056619167328,0.681149791663696,3,0.370852038264275
235,1.43056619167328,0.00897544462967936,3,0.370852038264275
248,1.43056619167328,0.608967517789026,3,0.370852038264275
256,1.43056619167328,0.574347380670645,3,0.370852038264275
269,1.43056619167328,0.000282864281373252,3,0.370852038264275
270,1.43056619167328,0.757835861042862,3,0.370852038264275
283,1.43056619167328,0.446130423852771,3,0.370852038264275
298,1.43056619167328,0.286228007369805,3,0.370852038264275
301,1.43056619167328,0.339140567739111,3,0.370852038264275
308,1.43056619167328,0.262652546299655,3,0.370852038264275
13,0.656285350521406,0.99541945971842,3,0.629586011171341
29,0.656285350521406,0.994504792048007,3,0.629586011171341
36,0.656285350521406,0.99519926045785,3,0.629586011171341
42,0.656285350521406,0.989170663155882,3,0.629586011171341
52,0.656285350521406,0.83699231135237,3,0.629586011171341
66,0.656285350521406,0.986800574952941,3,0.629586011171341
84,0.656285350521406,0.993210773922678,3,0.629586011171341
90,0.656285350521406,0.91357672100728,3,0.629586011171341
96,0.656285350521406,0.997642730854991,3,0.629586011171341
108,0.656285350521406,0.998391066326113,3,0.629586011171341
116,0.656285350521406,0.994160343342544,3,0.629586011171341
132,0.656285350521406,0.996775313400564,3,0.629586011171341
133,0.656285350521406,0.904343235639414,3,0.629586011171341
134,0.656285350521406,0.998239465952817,3,0.629586011171341
137,0.656285350521406,0.995169478802974,3,0.629586011171341
140,0.656285350521406,0.997993159381996,3,0.629586011171341
145,0.656285350521406,0.995642186047986,3,0.629586011171341
155,0.656285350521406,0.998171689275003,3,0.629586011171341
160,0.656285350521406,0.996575028700211,3,0.629586011171341
171,0.656285350521406,0.996769250125493,3,0.629586011171341
178,0.656285350521406,0.986585163093399,3,0.629586011171341
179,0.656285350521406,0.979547718150365,3,0.629586011171341
180,0.656285350521406,0.955801328399043,3,0.629586011171341
182,0.656285350521406,0.996168360134376,3,0.629586011171341
195,0.656285350521406,0.947242583165754,3,0.629586011171341
196,0.656285350521406,0.98251530138245,3,0.629586011171341
203,0.656285350521406,0.998360379223763,3,0.629586011171341
207,0.656285350521406,0.990367549690598,3,0.629586011171341
211,0.656285350521406,0.959849578114283,3,0.629586011171341
219,0.656285350521406,0.985461146986986,3,0.629586011171341
221,0.656285350521406,0.985305458846927,3,0.629586011171341
224,0.656285350521406,0.964469232586029,3,0.629586011171341
230,0.656285350521406,0.987857453793818,3,0.629586011171341
234,0.656285350521406,0.99244237894678,3,0.629586011171341
235,0.656285350521406,0.823384200068844,3,0.629586011171341
248,0.656285350521406,0.995870302719815,3,0.629586011171341
256,0.656285350521406,0.996449392182352,3,0.629586011171341
13,0.68298468987147,0.990619240196295,3,0.629586011171341
29,0.68298468987147,0.988482232436374,3,0.629586011171341
36,0.68298468987147,0.990605239663498,3,0.629586011171341
42,0.68298468987147,0.979225445136242,3,0.629586011171341
52,0.68298468987147,0.691952480302309,3,0.629586011171341
66,0.68298468987147,0.97243593408368,3,0.629586011171341
84,0.68298468987147,0.985958590958879,3,0.629586011171341
90,0.68298468987147,0.824660872242042,3,0.629586011171341
96,0.68298468987147,0.995434997990256,3,0.629586011171341
108,0.68298468987147,0.996405020364575,3,0.629586011171341
116,0.68298468987147,0.988284558401172,3,0.629586011171341
132,0.68298468987147,0.993253712718385,3,0.629586011171341
133,0.68298468987147,0.806303079898193,3,0.629586011171341
134,0.68298468987147,0.996278939437013,3,0.629586011171341
137,0.68298468987147,0.989716559201769,3,0.629586011171341
140,0.68298468987147,0.995967321489575,3,0.629586011171341
145,0.68298468987147,0.991189845498228,3,0.629586011171341
155,0.68298468987147,0.996292923488075,3,0.629586011171341
160,0.68298468987147,0.993364973857841,3,0.629586011171341
171,0.68298468987147,0.993477544139821,3,0.629586011171341
178,0.68298468987147,0.971965259952237,3,0.629586011171341
179,0.68298468987147,0.958751373054007,3,0.629586011171341
180,0.68298468987147,0.908606901874773,3,0.629586011171341
182,0.68298468987147,0.992256080574058,3,0.629586011171341
195,0.68298468987147,0.894130533999709,3,0.629586011171341
196,0.68298468987147,0.960270917951091,3,0.629586011171341
203,0.68298468987147,0.996857304789335,3,0.629586011171341
207,0.68298468987147,0.981032617007708,3,0.629586011171341
211,0.68298468987147,0.921964795874461,3,0.629586011171341
219,0.68298468987147,0.970088446826137,3,0.629586011171341
221,0.68298468987147,0.971150863213893,3,0.629586011171341
224,0.68298468987147,0.930614893522973,3,0.629586011171341
230,0.68298468987147,0.97520977935321,3,0.629586011171341
234,0.68298468987147,0.984176204025621,3,0.629586011171341
235,0.68298468987147,0.686286769629518,3,0.629586011171341
248,0.68298468987147,0.99125913719321,3,0.629586011171341
256,0.68298468987147,0.99268472483169,3,0.629586011171341
13,0.709684029221535,0.985628406106975,3,0.629586011171341
29,0.709684029221535,0.982380541665974,3,0.629586011171341
36,0.709684029221535,0.985438954987119,3,0.629586011171341
42,0.709684029221535,0.967341353542573,3,0.629586011171341
52,0.709684029221535,0.574029297831406,3,0.629586011171341
66,0.709684029221535,0.958313899411673,3,0.629586011171341
84,0.709684029221535,0.978221879038572,3,0.629586011171341
90,0.709684029221535,0.739503420121811,3,0.629586011171341
96,0.709684029221535,0.992782457619181,3,0.629586011171341
108,0.709684029221535,0.994527693492585,3,0.629586011171341
116,0.709684029221535,0.984101081208671,3,0.629586011171341
132,0.709684029221535,0.989891639780663,3,0.629586011171341
133,0.709684029221535,0.717039389798638,3,0.629586011171341
134,0.709684029221535,0.994178720704102,3,0.629586011171341
137,0.709684029221535,0.984602985405259,3,0.629586011171341
140,0.709684029221535,0.993676510064125,3,0.629586011171341
145,0.709684029221535,0.986405440553614,3,0.629586011171341
155,0.709684029221535,0.994360211088963,3,0.629586011171341
160,0.709684029221535,0.990195845167739,3,0.629586011171341
171,0.709684029221535,0.989545576219259,3,0.629586011171341
178,0.709684029221535,0.957683113053443,3,0.629586011171341
179,0.709684029221535,0.937783961864411,3,0.629586011171341
180,0.709684029221535,0.859518516044542,3,0.629586011171341
182,0.709684029221535,0.988258544282413,3,0.629586011171341
195,0.709684029221535,0.841313549482626,3,0.629586011171341
196,0.709684029221535,0.943128067081719,3,0.629586011171341
203,0.709684029221535,0.995202718428917,3,0.629586011171341
207,0.709684029221535,0.970399899186694,3,0.629586011171341
211,0.709684029221535,0.884272679357066,3,0.629586011171341
219,0.709684029221535,0.953984725911336,3,0.629586011171341
221,0.709684029221535,0.954830734912861,3,0.629586011171341
224,0.709684029221535,0.893742110110343,3,0.629586011171341
230,0.709684029221535,0.961444753733301,3,0.629586011171341
234,0.709684029221535,0.975147462861675,3,0.629586011171341
235,0.709684029221535,0.576131370782377,3,0.629586011171341
248,0.709684029221535,0.986654118746411,3,0.629586011171341
256,0.709684029221535,0.988691927717681,3,0.629586011171341
13,0.736383368571599,0.980233067107671,3,0.629586011171341
29,0.736383368571599,0.975682115363719,3,0.629586011171341
36,0.736383368571599,0.980171788406041,3,0.629586011171341
42,0.736383368571599,0.954930021157074,3,0.629586011171341
52,0.736383368571599,0.481600152189152,3,0.629586011171341
66,0.736383368571599,0.943452683521706,3,0.629586011171341
84,0.736383368571599,0.969984438302959,3,0.629586011171341
90,0.736383368571599,0.646357194149748,3,0.629586011171341
96,0.736383368571599,0.990516415714725,3,0.629586011171341
108,0.736383368571599,0.99284705629896,3,0.629586011171341
116,0.736383368571599,0.979013987357869,3,0.629586011171341
132,0.736383368571599,0.986547173401477,3,0.629586011171341
133,0.736383368571599,0.623948401979332,3,0.629586011171341
134,0.736383368571599,0.992082703887166,3,0.629586011171341
137,0.736383368571599,0.980358483431658,3,0.629586011171341
140,0.736383368571599,0.991410138876785,3,0.629586011171341
145,0.736383368571599,0.981386043055662,3,0.629586011171341
155,0.736383368571599,0.992369916528936,3,0.629586011171341
160,0.736383368571599,0.986922002463819,3,0.629586011171341
171,0.736383368571599,0.98604743131369,3,0.629586011171341
178,0.736383368571599,0.942007514892491,3,0.629586011171341
179,0.736383368571599,0.916816492457466,3,0.629586011171341
180,0.736383368571599,0.817419946075175,3,0.629586011171341
182,0.736383368571599,0.984170986741648,3,0.629586011171341
195,0.736383368571599,0.789455184274147,3,0.629586011171341
196,0.736383368571599,0.923165797899281,3,0.629586011171341
203,0.736383368571599,0.993504133867556,3,0.629586011171341
207,0.736383368571599,0.959601113154,3,0.629586011171341
211,0.736383368571599,0.840337923128383,3,0.629586011171341
219,0.736383368571599,0.937061823135447,3,0.629586011171341
221,0.736383368571599,0.939737305036422,3,0.629586011171341
224,0.736383368571599,0.849986188915431,3,0.629586011171341
230,0.736383368571599,0.9477350135763,3,0.629586011171341
234,0.736383368571599,0.965398627816357,3,0.629586011171341
235,0.736383368571599,0.485694518880762,3,0.629586011171341
248,0.736383368571599,0.982405749227766,3,0.629586011171341
256,0.736383368571599,0.984376959330358,3,0.629586011171341
13,0.763082707921664,0.975113984378395,3,0.629586011171341
29,0.763082707921664,0.969967889955429,3,0.629586011171341
36,0.763082707921664,0.974522473829498,3,0.629586011171341
42,0.763082707921664,0.939700293844066,3,0.629586011171341
52,0.763082707921664,0.392483608001894,3,0.629586011171341
66,0.763082707921664,0.926329994370124,3,0.629586011171341
84,0.763082707921664,0.961348471943945,3,0.629586011171341
90,0.763082707921664,0.563258613833774,3,0.629586011171341
96,0.763082707921664,0.988238437823459,3,0.629586011171341
108,0.763082707921664,0.991189601442432,3,0.629586011171341
116,0.763082707921664,0.974063687659327,3,0.629586011171341
132,0.763082707921664,0.983161472367765,3,0.629586011171341
133,0.763082707921664,0.542276039728497,3,0.629586011171341
134,0.763082707921664,0.990023335934606,3,0.629586011171341
137,0.763082707921664,0.976122681726523,3,0.629586011171341
140,0.763082707921664,0.989389034998234,3,0.629586011171341
145,0.763082707921664,0.97611850084594,3,0.629586011171341
155,0.763082707921664,0.990318257538137,3,0.629586011171341
160,0.763082707921664,0.983329588456077,3,0.629586011171341
171,0.763082707921664,0.982433954789854,3,0.629586011171341
178,0.763082707921664,0.926844306131353,3,0.629586011171341
179,0.763082707921664,0.896002675715187,3,0.629586011171341
180,0.763082707921664,0.771389201711993,3,0.629586011171341
182,0.763082707921664,0.979988500393237,3,0.629586011171341
195,0.763082707921664,0.739189193470015,3,0.629586011171341
196,0.763082707921664,0.902523881314804,3,0.629586011171341
203,0.763082707921664,0.991600871273314,3,0.629586011171341
207,0.763082707921664,0.948876505292124,3,0.629586011171341
211,0.763082707921664,0.798250136351171,3,0.629586011171341
219,0.763082707921664,0.91906897773544,3,0.629586011171341
221,0.763082707921664,0.923898941872291,3,0.629586011171341
224,0.763082707921664,0.805690789443243,3,0.629586011171341
230,0.763082707921664,0.933495456807863,3,0.629586011171341
234,0.763082707921664,0.954699966295757,3,0.629586011171341
235,0.763082707921664,0.41056671415919,3,0.629586011171341
248,0.763082707921664,0.977995979508876,3,0.629586011171341
256,0.763082707921664,0.979786449348663,3,0.629586011171341
13,0.789782047271729,0.969497083134178,3,0.629586011171341
29,0.789782047271729,0.963612010918505,3,0.629586011171341
36,0.789782047271729,0.968956470300254,3,0.629586011171341
42,0.789782047271729,0.925585343960058,3,0.629586011171341
52,0.789782047271729,0.310593502613951,3,0.629586011171341
66,0.789782047271729,0.910114622436334,3,0.629586011171341
84,0.789782047271729,0.952117368606523,3,0.629586011171341
90,0.789782047271729,0.4804271020599,3,0.629586011171341
96,0.789782047271729,0.98597174580158,3,0.629586011171341
108,0.789782047271729,0.989166275715322,3,0.629586011171341
116,0.789782047271729,0.967486474106839,3,0.629586011171341
132,0.789782047271729,0.979779955973026,3,0.629586011171341
133,0.789782047271729,0.473238480852736,3,0.629586011171341
134,0.789782047271729,0.988246525375171,3,0.629586011171341
137,0.789782047271729,0.971553190537056,3,0.629586011171341
140,0.789782047271729,0.987408848896887,3,0.629586011171341
145,0.789782047271729,0.970589577722805,3,0.629586011171341
155,0.789782047271729,0.988275446743227,3,0.629586011171341
160,0.789782047271729,0.979742318644737,3,0.629586011171341
171,0.789782047271729,0.978647707127211,3,0.629586011171341
178,0.789782047271729,0.912619033032444,3,0.629586011171341
179,0.789782047271729,0.875463765758076,3,0.629586011171341
180,0.789782047271729,0.722713229736617,3,0.629586011171341
182,0.789782047271729,0.975756173117902,3,0.629586011171341
195,0.789782047271729,0.691074259904809,3,0.629586011171341
196,0.789782047271729,0.88257643685197,3,0.629586011171341
203,0.789782047271729,0.989593118198827,3,0.629586011171341
207,0.789782047271729,0.938966588712338,3,0.629586011171341
211,0.789782047271729,0.757394247528656,3,0.629586011171341
219,0.789782047271729,0.900441857035187,3,0.629586011171341
221,0.789782047271729,0.907575762107259,3,0.629586011171341
224,0.789782047271729,0.760254956600206,3,0.629586011171341
230,0.789782047271729,0.918629286038029,3,0.629586011171341
234,0.789782047271729,0.943105637920861,3,0.629586011171341
235,0.789782047271729,0.347757290325789,3,0.629586011171341
248,0.789782047271729,0.973459080035425,3,0.629586011171341
256,0.789782047271729,0.975002796482491,3,0.629586011171341
13,0.816481386621793,0.963698237655512,3,0.629586011171341
29,0.816481386621793,0.957812000870243,3,0.629586011171341
36,0.816481386621793,0.962926305755573,3,0.629586011171341
42,0.816481386621793,0.912350188703888,3,0.629586011171341
52,0.816481386621793,0.246817602978535,3,0.629586011171341
66,0.816481386621793,0.893244789247002,3,0.629586011171341
84,0.816481386621793,0.942361963480612,3,0.629586011171341
90,0.816481386621793,0.403155064732675,3,0.629586011171341
96,0.816481386621793,0.983423174046069,3,0.629586011171341
108,0.816481386621793,0.987032261432746,3,0.629586011171341
116,0.816481386621793,0.962140180292171,3,0.629586011171341
132,0.816481386621793,0.975989160035333,3,0.629586011171341
133,0.816481386621793,0.401068389416689,3,0.629586011171341
134,0.816481386621793,0.986006027468003,3,0.629586011171341
137,0.816481386621793,0.966507059251667,3,0.629586011171341
140,0.816481386621793,0.985310263102535,3,0.629586011171341
145,0.816481386621793,0.964786099419796,3,0.629586011171341
155,0.816481386621793,0.986171693715639,3,0.629586011171341
160,0.816481386621793,0.976483872053279,3,0.629586011171341
171,0.816481386621793,0.974844428430545,3,0.629586011171341
178,0.816481386621793,0.895738225871114,3,0.629586011171341
179,0.816481386621793,0.856527568081882,3,0.629586011171341
180,0.816481386621793,0.677867915711263,3,0.629586011171341
182,0.816481386621793,0.971370292507248,3,0.629586011171341
195,0.816481386621793,0.645554876674605,3,0.629586011171341
196,0.816481386621793,0.860722582464081,3,0.629586011171341
203,0.816481386621793,0.987682697949791,3,0.629586011171341
207,0.816481386621793,0.92805290893306,3,0.629586011171341
211,0.816481386621793,0.711171227305,3,0.629586011171341
219,0.816481386621793,0.88094441616156,3,0.629586011171341
221,0.816481386621793,0.888255871287513,3,0.629586011171341
224,0.816481386621793,0.70836417757404,3,0.629586011171341
230,0.816481386621793,0.903331005136983,3,0.629586011171341
234,0.816481386621793,0.930591966412621,3,0.629586011171341
235,0.816481386621793,0.295050305356825,3,0.629586011171341
248,0.816481386621793,0.969068916704726,3,0.629586011171341
256,0.816481386621793,0.969750800480752,3,0.629586011171341
13,0.843180725971858,0.957768944839818,3,0.629586011171341
29,0.843180725971858,0.951286487153454,3,0.629586011171341
36,0.843180725971858,0.956719491120439,3,0.629586011171341
42,0.843180725971858,0.89731457115366,3,0.629586011171341
52,0.843180725971858,0.194665394416458,3,0.629586011171341
66,0.843180725971858,0.875494144463295,3,0.629586011171341
84,0.843180725971858,0.93212360712148,3,0.629586011171341
90,0.843180725971858,0.331272420432091,3,0.629586011171341
96,0.843180725971858,0.981048502436541,3,0.629586011171341
108,0.843180725971858,0.985230887437897,3,0.629586011171341
116,0.843180725971858,0.958257177194617,3,0.629586011171341
132,0.843180725971858,0.972454556199797,3,0.629586011171341
133,0.843180725971858,0.343015632968153,3,0.629586011171341
134,0.843180725971858,0.984099232325153,3,0.629586011171341
137,0.843180725971858,0.961985671935485,3,0.629586011171341
140,0.843180725971858,0.983295668743884,3,0.629586011171341
145,0.843180725971858,0.958695130009267,3,0.629586011171341
155,0.843180725971858,0.983916737638236,3,0.629586011171341
160,0.843180725971858,0.972860173267173,3,0.629586011171341
171,0.843180725971858,0.97046953539148,3,0.629586011171341
178,0.843180725971858,0.87927756375616,3,0.629586011171341
179,0.843180725971858,0.836734568445329,3,0.629586011171341
180,0.843180725971858,0.630259253382626,3,0.629586011171341
182,0.843180725971858,0.967012126054463,3,0.629586011171341
195,0.843180725971858,0.602936485827884,3,0.629586011171341
196,0.843180725971858,0.84021459910885,3,0.629586011171341
203,0.843180725971858,0.985699848206826,3,0.629586011171341
207,0.843180725971858,0.917599922574529,3,0.629586011171341
211,0.843180725971858,0.663236389035274,3,0.629586011171341
219,0.843180725971858,0.860570140968145,3,0.629586011171341
221,0.843180725971858,0.870559450873055,3,0.629586011171341
224,0.843180725971858,0.65833788908975,3,0.629586011171341
230,0.843180725971858,0.887516938868204,3,0.629586011171341
234,0.843180725971858,0.917152163453333,3,0.629586011171341
235,0.843180725971858,0.250710495948358,3,0.629586011171341
248,0.843180725971858,0.964180631061574,3,0.629586011171341
256,0.843180725971858,0.964355869332684,3,0.629586011171341
13,0.869880065321922,0.951207716075963,3,0.629586011171341
29,0.869880065321922,0.94466077349054,3,0.629586011171341
36,0.869880065321922,0.950262577131707,3,0.629586011171341
42,0.869880065321922,0.88118287801913,3,0.629586011171341
52,0.869880065321922,0.152239698200214,3,0.629586011171341
66,0.869880065321922,0.857445589856235,3,0.629586011171341
84,0.869880065321922,0.921429693456378,3,0.629586011171341
90,0.869880065321922,0.271789090184933,3,0.629586011171341
96,0.869880065321922,0.97823044969687,3,0.629586011171341
108,0.869880065321922,0.983029845099167,3,0.629586011171341
116,0.869880065321922,0.953754690336057,3,0.629586011171341
132,0.869880065321922,0.968867461932856,3,0.629586011171341
133,0.869880065321922,0.290836655138298,3,0.629586011171341
134,0.869880065321922,0.981915031815032,3,0.629586011171341
137,0.869880065321922,0.957328160197984,3,0.629586011171341
140,0.869880065321922,0.98128010709432,3,0.629586011171341
145,0.869880065321922,0.952304181072709,3,0.629586011171341
155,0.869880065321922,0.981583773731893,3,0.629586011171341
160,0.869880065321922,0.969433950431281,3,0.629586011171341
171,0.869880065321922,0.966317824965392,3,0.629586011171341
178,0.869880065321922,0.862391260370158,3,0.629586011171341
179,0.869880065321922,0.817298958223056,3,0.629586011171341
180,0.869880065321922,0.586963200839773,3,0.629586011171341
182,0.869880065321922,0.962403986994167,3,0.629586011171341
195,0.869880065321922,0.563380603241456,3,0.629586011171341
196,0.869880065321922,0.817709471995023,3,0.629586011171341
203,0.869880065321922,0.983470203751216,3,0.629586011171341
207,0.869880065321922,0.905950526147199,3,0.629586011171341
211,0.869880065321922,0.620362731519642,3,0.629586011171341
219,0.869880065321922,0.83931971704679,3,0.629586011171341
221,0.869880065321922,0.852230786846647,3,0.629586011171341
224,0.869880065321922,0.606774494562758,3,0.629586011171341
230,0.869880065321922,0.871203880442392,3,0.629586011171341
234,0.869880065321922,0.902800372635295,3,0.629586011171341
235,0.869880065321922,0.213332365647181,3,0.629586011171341
248,0.869880065321922,0.959477846447346,3,0.629586011171341
256,0.869880065321922,0.958629832171933,3,0.629586011171341
13,0.896579404671987,0.94461371783033,3,0.629586011171341
29,0.896579404671987,0.937931138839872,3,0.629586011171341
36,0.896579404671987,0.943544161097468,3,0.629586011171341
42,0.896579404671987,0.864315710891019,3,0.629586011171341
52,0.896579404671987,0.118137721814726,3,0.629586011171341
66,0.896579404671987,0.837841927482496,3,0.629586011171341
84,0.896579404671987,0.910314055178381,3,0.629586011171341
90,0.896579404671987,0.218163324755259,3,0.629586011171341
96,0.896579404671987,0.975779324589139,3,0.629586011171341
108,0.896579404671987,0.980877886370166,3,0.629586011171341
116,0.896579404671987,0.948290805770339,3,0.629586011171341
132,0.896579404671987,0.965224995667605,3,0.629586011171341
133,0.896579404671987,0.245149239385308,3,0.629586011171341
134,0.896579404671987,0.979793635822645,3,0.629586011171341
137,0.896579404671987,0.952851446188491,3,0.629586011171341
140,0.896579404671987,0.979261938969328,3,0.629586011171341
145,0.896579404671987,0.945601455093031,3,0.629586011171341
155,0.896579404671987,0.97916829383466,3,0.629586011171341
160,0.896579404671987,0.965976232660892,3,0.629586011171341
171,0.896579404671987,0.962151720848583,3,0.629586011171341
178,0.896579404671987,0.845089481724092,3,0.629586011171341
179,0.896579404671987,0.798165831088936,3,0.629586011171341
180,0.896579404671987,0.545049692494941,3,0.629586011171341
182,0.896579404671987,0.957674454533305,3,0.629586011171341
195,0.896579404671987,0.526920591719413,3,0.629586011171341
196,0.896579404671987,0.792523713028926,3,0.629586011171341
203,0.896579404671987,0.981295209525471,3,0.629586011171341
207,0.896579404671987,0.895104539808994,3,0.629586011171341
211,0.896579404671987,0.575219837242236,3,0.629586011171341
219,0.896579404671987,0.817202219312363,3,0.629586011171341
221,0.896579404671987,0.833274539539547,3,0.629586011171341
224,0.896579404671987,0.554266081344934,3,0.629586011171341
230,0.896579404671987,0.854415899591377,3,0.629586011171341
234,0.896579404671987,0.887575143661505,3,0.629586011171341
235,0.896579404671987,0.181755803187195,3,0.629586011171341
248,0.896579404671987,0.954837831250938,3,0.629586011171341
256,0.896579404671987,0.952552763652711,3,0.629586011171341
13,0.923278744022051,0.937750329998481,3,0.629586011171341
29,0.923278744022051,0.931323985668321,3,0.629586011171341
36,0.923278744022051,0.936717117115041,3,0.629586011171341
42,0.923278744022051,0.846701404536592,3,0.629586011171341
52,0.923278744022051,0.0907370826837538,3,0.629586011171341
66,0.923278744022051,0.818352075840875,3,0.629586011171341
84,0.923278744022051,0.898813695639889,3,0.629586011171341
90,0.923278744022051,0.172978635375324,3,0.629586011171341
96,0.923278744022051,0.97329407257725,3,0.629586011171341
108,0.923278744022051,0.97866568995514,3,0.629586011171341
116,0.923278744022051,0.943982641409187,3,0.629586011171341
132,0.923278744022051,0.961524257997847,3,0.629586011171341
133,0.923278744022051,0.205266413796708,3,0.629586011171341
134,0.923278744022051,0.977639967883662,3,0.629586011171341
137,0.923278744022051,0.948394573822859,3,0.629586011171341
140,0.923278744022051,0.977239523064568,3,0.629586011171341
145,0.923278744022051,0.938576123199807,3,0.629586011171341
155,0.923278744022051,0.976665663317782,3,0.629586011171341
160,0.923278744022051,0.96248504508065,3,0.629586011171341
171,0.923278744022051,0.957862651916462,3,0.629586011171341
178,0.923278744022051,0.827386750003621,3,0.629586011171341
179,0.923278744022051,0.779263570414614,3,0.629586011171341
180,0.923278744022051,0.504359926734501,3,0.629586011171341
182,0.923278744022051,0.95264241068729,3,0.629586011171341
195,0.923278744022051,0.493492473525072,3,0.629586011171341
196,0.923278744022051,0.770684824316341,3,0.629586011171341
203,0.923278744022051,0.979061614342039,3,0.629586011171341
207,0.923278744022051,0.884074592763177,3,0.629586011171341
211,0.923278744022051,0.530335479552624,3,0.629586011171341
219,0.923278744022051,0.794236299451005,3,0.629586011171341
221,0.923278744022051,0.81119634574213,3,0.629586011171341
224,0.923278744022051,0.500338798738668,3,0.629586011171341
230,0.923278744022051,0.837184938727131,3,0.629586011171341
234,0.923278744022051,0.871541710417947,3,0.629586011171341
235,0.923278744022051,0.155016542359846,3,0.629586011171341
248,0.923278744022051,0.950125269155171,3,0.629586011171341
256,0.923278744022051,0.9461040693339,3,0.629586011171341
13,0.949978083372116,0.930607076847783,3,0.629586011171341
29,0.949978083372116,0.924382796043539,3,0.629586011171341
36,0.949978083372116,0.929714153744232,3,0.629586011171341
42,0.949978083372116,0.828668650572929,3,0.629586011171341
52,0.949978083372116,0.0681882461764933,3,0.629586011171341
66,0.949978083372116,0.798258022244942,3,0.629586011171341
84,0.949978083372116,0.886965294684512,3,0.629586011171341
90,0.949978083372116,0.135541904183464,3,0.629586011171341
96,0.949978083372116,0.970772640373367,3,0.629586011171341
108,0.949978083372116,0.97639043582748,3,0.629586011171341
116,0.949978083372116,0.939767564135568,3,0.629586011171341
132,0.949978083372116,0.957762336964972,3,0.629586011171341
133,0.949978083372116,0.168935208254237,3,0.629586011171341
134,0.949978083372116,0.97542569852516,3,0.629586011171341
137,0.949978083372116,0.943954818470466,3,0.629586011171341
140,0.949978083372116,0.975211215760695,3,0.629586011171341
145,0.949978083372116,0.931218635546458,3,0.629586011171341
155,0.949978083372116,0.974071134879276,3,0.629586011171341
160,0.949978083372116,0.959145234857037,3,0.629586011171341
171,0.949978083372116,0.953445525180783,3,0.629586011171341
178,0.949978083372116,0.809302322929234,3,0.629586011171341
179,0.949978083372116,0.760523871511233,3,0.629586011171341
180,0.949978083372116,0.465054486528009,3,0.629586011171341
182,0.949978083372116,0.947648847688907,3,0.629586011171341
195,0.949978083372116,0.46297044227077,3,0.629586011171341
196,0.949978083372116,0.748499482459629,3,0.629586011171341
203,0.949978083372116,0.976739005449782,3,0.629586011171341
207,0.949978083372116,0.872857893846142,3,0.629586011171341
211,0.949978083372116,0.486065269025006,3,0.629586011171341
219,0.949978083372116,0.771051531047395,3,0.629586011171341
221,0.949978083372116,0.790583155449508,3,0.629586011171341
224,0.949978083372116,0.445176098799299,3,0.629586011171341
230,0.949978083372116,0.819551255190597,3,0.629586011171341
234,0.949978083372116,0.854792423580621,3,0.629586011171341
235,0.949978083372116,0.132313749889486,3,0.629586011171341
248,0.949978083372116,0.945336802287422,3,0.629586011171341
256,0.949978083372116,0.938925022364212,3,0.629586011171341
13,0.976677422722181,0.923173545677302,3,0.629586011171341
29,0.976677422722181,0.917326368444789,3,0.629586011171341
36,0.976677422722181,0.922154352574424,3,0.629586011171341
42,0.976677422722181,0.809548238617182,3,0.629586011171341
52,0.976677422722181,0.052021881613194,3,0.629586011171341
66,0.976677422722181,0.777557931506342,3,0.629586011171341
84,0.976677422722181,0.874802647151367,3,0.629586011171341
90,0.976677422722181,0.1050404483073,3,0.629586011171341
96,0.976677422722181,0.968160498551418,3,0.629586011171341
108,0.976677422722181,0.973943957147855,3,0.629586011171341
116,0.976677422722181,0.935640435821432,3,0.629586011171341
132,0.976677422722181,0.953936314182848,3,0.629586011171341
133,0.976677422722181,0.140357446091491,3,0.629586011171341
134,0.976677422722181,0.972945854573327,3,0.629586011171341
137,0.976677422722181,0.938419915752275,3,0.629586011171341
140,0.976677422722181,0.973175371134768,3,0.629586011171341
145,0.976677422722181,0.923654654599505,3,0.629586011171341
155,0.976677422722181,0.971379866823104,3,0.629586011171341
160,0.976677422722181,0.955456462904814,3,0.629586011171341
171,0.976677422722181,0.948895069656225,3,0.629586011171341
178,0.976677422722181,0.790860503309818,3,0.629586011171341
179,0.976677422722181,0.741898111711153,3,0.629586011171341
180,0.976677422722181,0.42865139873769,3,0.629586011171341
182,0.976677422722181,0.942517151609667,3,0.629586011171341
195,0.976677422722181,0.435196202899397,3,0.629586011171341
196,0.976677422722181,0.7259982073713,3,0.629586011171341
203,0.976677422722181,0.974439961164914,3,0.629586011171341
207,0.976677422722181,0.860242061640817,3,0.629586011171341
211,0.976677422722181,0.442774282374805,3,0.629586011171341
219,0.976677422722181,0.74643427888722,3,0.629586011171341
221,0.976677422722181,0.769754521053409,3,0.629586011171341
224,0.976677422722181,0.394407487203472,3,0.629586011171341
230,0.976677422722181,0.801563646791954,3,0.629586011171341
234,0.976677422722181,0.83744481270158,3,0.629586011171341
235,0.976677422722181,0.112985363609644,3,0.629586011171341
248,0.976677422722181,0.939874776446794,3,0.629586011171341
256,0.976677422722181,0.931655279172018,3,0.629586011171341
13,1.00337676207225,0.915439484886351,3,0.629586011171341
29,1.00337676207225,0.910150891102088,3,0.629586011171341
36,1.00337676207225,0.914284878281323,3,0.629586011171341
42,1.00337676207225,0.789674094772121,3,0.629586011171341
52,1.00337676207225,0.039325532146718,3,0.629586011171341
66,1.00337676207225,0.756362249469348,3,0.629586011171341
84,1.00337676207225,0.862356148029527,3,0.629586011171341
90,1.00337676207225,0.0811311511788377,3,0.629586011171341
96,1.00337676207225,0.965287050843822,3,0.629586011171341
108,1.00337676207225,0.971530586373937,3,0.629586011171341
116,1.00337676207225,0.93159640561109,3,0.629586011171341
132,1.00337676207225,0.949899890900209,3,0.629586011171341
133,1.00337676207225,0.116210162402517,3,0.629586011171341
134,1.00337676207225,0.970744803592053,3,0.629586011171341
137,1.00337676207225,0.934383914096148,3,0.629586011171341
140,1.00337676207225,0.970548947278059,3,0.629586011171341
145,1.00337676207225,0.915613938295372,3,0.629586011171341
155,1.00337676207225,0.968586946479771,3,0.629586011171341
160,1.00337676207225,0.951545724330259,3,0.629586011171341
171,1.00337676207225,0.944205837052946,3,0.629586011171341
178,1.00337676207225,0.772090847069893,3,0.629586011171341
179,1.00337676207225,0.72336626673417,3,0.629586011171341
180,1.00337676207225,0.392469099751468,3,0.629586011171341
182,1.00337676207225,0.937241708097991,3,0.629586011171341
195,1.00337676207225,0.409995632111843,3,0.629586011171341
196,1.00337676207225,0.703215481699714,3,0.629586011171341
203,1.00337676207225,0.971928771730065,3,0.629586011171341
207,1.00337676207225,0.846800906388822,3,0.629586011171341
211,1.00337676207225,0.400957207392941,3,0.629586011171341
219,1.00337676207225,0.721154344443478,3,0.629586011171341
221,1.00337676207225,0.748385497748409,3,0.629586011171341
224,1.00337676207225,0.345763756480558,3,0.629586011171341
230,1.00337676207225,0.783279393921584,3,0.629586011171341
234,1.00337676207225,0.819637036239981,3,0.629586011171341
235,1.00337676207225,0.0964869537301372,3,0.629586011171341
248,1.00337676207225,0.934747011913477,3,0.629586011171341
256,1.00337676207225,0.923949380849574,3,0.629586011171341
13,1.03007610142231,0.907394916584401,3,0.629586011171341
29,1.03007610142231,0.902852563008552,3,0.629586011171341
36,1.03007610142231,0.906093391826016,3,0.629586011171341
42,1.03007610142231,0.769396976377511,3,0.629586011171341
52,1.03007610142231,0.0295645438320469,3,0.629586011171341
66,1.03007610142231,0.734686997566006,3,0.629586011171341
84,1.03007610142231,0.849654700770776,3,0.629586011171341
90,1.03007610142231,0.0613587034733697,3,0.629586011171341
96,1.03007610142231,0.962633301656328,3,0.629586011171341
108,1.03007610142231,0.969283370091574,3,0.629586011171341
116,1.03007610142231,0.92769021378053,3,0.629586011171341
132,1.03007610142231,0.945560470142049,3,0.629586011171341
133,1.03007610142231,0.0959264642862825,3,0.629586011171341
134,1.03007610142231,0.968437264320299,3,0.629586011171341
137,1.03007610142231,0.929761821293659,3,0.629586011171341
140,1.03007610142231,0.968480789411523,3,0.629586011171341
145,1.03007610142231,0.907223436174403,3,0.629586011171341
155,1.03007610142231,0.965687419439725,3,0.629586011171341
160,1.03007610142231,0.947893409742955,3,0.629586011171341
171,1.03007610142231,0.938942151486255,3,0.629586011171341
178,1.03007610142231,0.752147049371795,3,0.629586011171341
179,1.03007610142231,0.704937805723299,3,0.629586011171341
180,1.03007610142231,0.355512157074726,3,0.629586011171341
182,1.03007610142231,0.931816958012573,3,0.629586011171341
195,1.03007610142231,0.387183199499234,3,0.629586011171341
196,1.03007610142231,0.680189741632355,3,0.629586011171341
203,1.03007610142231,0.969164026856292,3,0.629586011171341
207,1.03007610142231,0.834947912180022,3,0.629586011171341
211,1.03007610142231,0.360304233750131,3,0.629586011171341
219,1.03007610142231,0.69439263256544,3,0.629586011171341
221,1.03007610142231,0.72651553371937,3,0.629586011171341
224,1.03007610142231,0.299870220366237,3,0.629586011171341
230,1.03007610142231,0.76417485296552,3,0.629586011171341
234,1.03007610142231,0.80152085786714,3,0.629586011171341
235,1.03007610142231,0.0823724630226723,3,0.629586011171341
248,1.03007610142231,0.929692596667521,3,0.629586011171341
256,1.03007610142231,0.915785605380199,3,0.629586011171341
13,1.05677544077237,0.899030264239621,3,0.629586011171341
29,1.05677544077237,0.895427610275538,3,0.629586011171341
36,1.05677544077237,0.897567620346132,3,0.629586011171341
42,1.05677544077237,0.748071511789895,3,0.629586011171341
52,1.05677544077237,0.0221073275336384,3,0.629586011171341
66,1.05677544077237,0.711602688077683,3,0.629586011171341
84,1.05677544077237,0.836729143435352,3,0.629586011171341
90,1.05677544077237,0.0461104792372052,3,0.629586011171341
96,1.05677544077237,0.959934259417277,3,0.629586011171341
108,1.05677544077237,0.966728737622522,3,0.629586011171341
116,1.05677544077237,0.922753056024675,3,0.629586011171341
132,1.05677544077237,0.941570288369338,3,0.629586011171341
133,1.05677544077237,0.078971498592416,3,0.629586011171341
134,1.05677544077237,0.966088066024945,3,0.629586011171341
137,1.05677544077237,0.925348180744318,3,0.629586011171341
140,1.05677544077237,0.966400272900953,3,0.629586011171341
145,1.05677544077237,0.898482247557019,3,0.629586011171341
155,1.05677544077237,0.96267632525445,3,0.629586011171341
160,1.05677544077237,0.944197097398393,3,0.629586011171341
171,1.05677544077237,0.933528472312332,3,0.629586011171341
178,1.05677544077237,0.732823782265252,3,0.629586011171341
179,1.05677544077237,0.686647099365719,3,0.629586011171341
180,1.05677544077237,0.322770299619998,3,0.629586011171341
182,1.05677544077237,0.926296223394409,3,0.629586011171341
195,1.05677544077237,0.366559989406079,3,0.629586011171341
196,1.05677544077237,0.653194058392348,3,0.629586011171341
203,1.05677544077237,0.966225742974023,3,0.629586011171341
207,1.05677544077237,0.822904410123209,3,0.629586011171341
211,1.05677544077237,0.321931675778923,3,0.629586011171341
219,1.05677544077237,0.667871871565867,3,0.629586011171341
221,1.05677544077237,0.704192205851044,3,0.629586011171341
224,1.05677544077237,0.257453061756775,3,0.629586011171341
230,1.05677544077237,0.74549932815109,3,0.629586011171341
234,1.05677544077237,0.783252634739683,3,0.629586011171341
235,1.05677544077237,0.0702766023015793,3,0.629586011171341
248,1.05677544077237,0.923875744209012,3,0.629586011171341
256,1.05677544077237,0.907050809537349,3,0.629586011171341
13,1.08347478012244,0.890719764918233,3,0.629586011171341
29,1.08347478012244,0.887872304460574,3,0.629586011171341
36,1.08347478012244,0.888695481068553,3,0.629586011171341
42,1.08347478012244,0.726046935175524,3,0.629586011171341
52,1.08347478012244,0.0164430074456227,3,0.629586011171341
66,1.08347478012244,0.688609496288518,3,0.629586011171341
84,1.08347478012244,0.823615211997324,3,0.629586011171341
90,1.08347478012244,0.0343052232679569,3,0.629586011171341
96,1.08347478012244,0.957187509229013,3,0.629586011171341
108,1.08347478012244,0.96409495513484,3,0.629586011171341
116,1.08347478012244,0.919806038795776,3,0.629586011171341
132,1.08347478012244,0.937448567502617,3,0.629586011171341
133,1.08347478012244,0.0648548818750573,3,0.629586011171341
134,1.08347478012244,0.963695144127626,3,0.629586011171341
137,1.08347478012244,0.920939381811616,3,0.629586011171341
140,1.08347478012244,0.96430574868823,3,0.629586011171341
145,1.08347478012244,0.889392530831497,3,0.629586011171341
155,1.08347478012244,0.959548740202606,3,0.629586011171341
160,1.08347478012244,0.940454563237469,3,0.629586011171341
171,1.08347478012244,0.928362770245296,3,0.629586011171341
178,1.08347478012244,0.713294592571519,3,0.629586011171341
179,1.08347478012244,0.668546963629124,3,0.629586011171341
180,1.08347478012244,0.292316902497378,3,0.629586011171341
182,1.08347478012244,0.920557919007609,3,0.629586011171341
195,1.08347478012244,0.347912175230177,3,0.629586011171341
196,1.08347478012244,0.630656879679572,3,0.629586011171341
203,1.08347478012244,0.963373074319035,3,0.629586011171341
207,1.08347478012244,0.810670653020564,3,0.629586011171341
211,1.08347478012244,0.284925722130315,3,0.629586011171341
219,1.08347478012244,0.640865892549784,3,0.629586011171341
221,1.08347478012244,0.681471258659926,3,0.629586011171341
224,1.08347478012244,0.218838636610967,3,0.629586011171341
230,1.08347478012244,0.726744915510358,3,0.629586011171341
234,1.08347478012244,0.764983017324027,3,0.629586011171341
235,1.08347478012244,0.0598993611731236,3,0.629586011171341
248,1.08347478012244,0.918625266498307,3,0.629586011171341
256,1.08347478012244,0.897905373043244,3,0.629586011171341
13,1.1101741194725,0.881426276028893,3,0.629586011171341
29,1.1101741194725,0.880182983061712,3,0.629586011171341
36,1.1101741194725,0.879465226411542,3,0.629586011171341
42,1.1101741194725,0.703358799955969,3,0.629586011171341
52,1.1101741194725,0.0121633126724273,3,0.629586011171341
66,1.1101741194725,0.665669885412371,3,0.629586011171341
84,1.1101741194725,0.810354179056613,3,0.629586011171341
90,1.1101741194725,0.025271883350936,3,0.629586011171341
96,1.1101741194725,0.954390560555652,3,0.629586011171341
108,1.1101741194725,0.961378377956638,3,0.629586011171341
116,1.1101741194725,0.916061388850777,3,0.629586011171341
132,1.1101741194725,0.933248491954119,3,0.629586011171341
133,1.1101741194725,0.0531374070969736,3,0.629586011171341
134,1.1101741194725,0.961256362651151,3,0.629586011171341
137,1.1101741194725,0.916533108843001,3,0.629586011171341
140,1.1101741194725,0.962195571020534,3,0.629586011171341
145,1.1101741194725,0.879959802150219,3,0.629586011171341
155,1.1101741194725,0.956299827608194,3,0.629586011171341
160,1.1101741194725,0.936663542910539,3,0.629586011171341
171,1.1101741194725,0.923034723924835,3,0.629586011171341
178,1.1101741194725,0.693608916615741,3,0.629586011171341
179,1.1101741194725,0.650702710012478,3,0.629586011171341
180,1.1101741194725,0.263838758331097,3,0.629586011171341
182,1.1101741194725,0.914654431690788,3,0.629586011171341
195,1.1101741194725,0.3310140991859,3,0.629586011171341
196,1.1101741194725,0.60715629114864,3,0.629586011171341
203,1.1101741194725,0.960399135723157,3,0.629586011171341
207,1.1101741194725,0.79824769259842,3,0.629586011171341
211,1.1101741194725,0.251512263448551,3,0.629586011171341
219,1.1101741194725,0.613478725523118,3,0.629586011171341
221,1.1101741194725,0.65841638514115,3,0.629586011171341
224,1.1101741194725,0.184245860048148,3,0.629586011171341
230,1.1101741194725,0.707994472664633,3,0.629586011171341
234,1.1101741194725,0.746846215826317,3,0.629586011171341
235,1.1101741194725,0.0509930374381917,3,0.629586011171341
248,1.1101741194725,0.913279256275207,3,0.629586011171341
256,1.1101741194725,0.888240203976534,3,0.629586011171341
13,1.13687345882257,0.872050910832275,3,0.629586011171341
29,1.13687345882257,0.872356072372665,3,0.629586011171341
36,1.13687345882257,0.869776772807031,3,0.629586011171341
42,1.13687345882257,0.680305160830448,3,0.629586011171341
52,1.13687345882257,0.00893037679629738,3,0.629586011171341
66,1.13687345882257,0.642732923643242,3,0.629586011171341
84,1.13687345882257,0.796990879541509,3,0.629586011171341
90,1.13687345882257,0.0184391115403203,3,0.629586011171341
96,1.13687345882257,0.951540846128777,3,0.629586011171341
108,1.13687345882257,0.958575212965281,3,0.629586011171341
116,1.13687345882257,0.912377720186681,3,0.629586011171341
132,1.13687345882257,0.928967299597123,3,0.629586011171341
133,1.13687345882257,0.0434336327404978,3,0.629586011171341
134,1.13687345882257,0.958769512229464,3,0.629586011171341
137,1.13687345882257,0.91212711666488,3,0.629586011171341
140,1.13687345882257,0.960068099858245,3,0.629586011171341
145,1.13687345882257,0.870193164537555,3,0.629586011171341
155,1.13687345882257,0.952924896019186,3,0.629586011171341
160,1.13687345882257,0.932821732600971,3,0.629586011171341
171,1.13687345882257,0.917538077793311,3,0.629586011171341
178,1.13687345882257,0.67381977124419,3,0.629586011171341
179,1.13687345882257,0.633187037434397,3,0.629586011171341
180,1.13687345882257,0.237351631157727,3,0.629586011171341
182,1.13687345882257,0.908580957028557,3,0.629586011171341
195,1.13687345882257,0.315636545611107,3,0.629586011171341
196,1.13687345882257,0.583611365794939,3,0.629586011171341
203,1.13687345882257,0.957297556777761,3,0.629586011171341
207,1.13687345882257,0.785637457659135,3,0.629586011171341
211,1.13687345882257,0.22071462263995,3,0.629586011171341
219,1.13687345882257,0.585824652339775,3,0.629586011171341
221,1.13687345882257,0.63270402009193,3,0.629586011171341
224,1.13687345882257,0.152654841373082,3,0.629586011171341
230,1.13687345882257,0.689333000056438,3,0.629586011171341
234,1.13687345882257,0.72895006615423,3,0.629586011171341
235,1.13687345882257,0.0433517223780131,3,0.629586011171341
248,1.13687345882257,0.907834506999036,3,0.629586011171341
256,1.13687345882257,0.878037070202237,3,0.629586011171341
13,1.16357279817263,0.862324072977042,3,0.629586011171341
29,1.16357279817263,0.865891851577114,3,0.629586011171341
36,1.16357279817263,0.859794532064411,3,0.629586011171341
42,1.16357279817263,0.656433436264515,3,0.629586011171341
52,1.16357279817263,0.00652598760267697,3,0.629586011171341
66,1.16357279817263,0.619678402895012,3,0.629586011171341
84,1.16357279817263,0.783570737535997,3,0.629586011171341
90,1.16357279817263,0.013326967497995,3,0.629586011171341
96,1.16357279817263,0.948635721189838,3,0.629586011171341
108,1.16357279817263,0.955681516572057,3,0.629586011171341
116,1.16357279817263,0.908753424347722,3,0.629586011171341
132,1.16357279817263,0.924602295396579,3,0.629586011171341
133,1.16357279817263,0.0348412525477949,3,0.629586011171341
134,1.16357279817263,0.956232308235251,3,0.629586011171341
137,1.16357279817263,0.907719232120563,3,0.629586011171341
140,1.16357279817263,0.957921703874478,3,0.629586011171341
145,1.16357279817263,0.860105442654757,3,0.629586011171341
155,1.16357279817263,0.949419465284582,3,0.629586011171341
160,1.16357279817263,0.92892679015775,3,0.629586011171341
171,1.16357279817263,0.91186643586337,3,0.629586011171341
178,1.16357279817263,0.653982731312555,3,0.629586011171341
179,1.16357279817263,0.616075069643305,3,0.629586011171341
180,1.16357279817263,0.212847840148389,3,0.629586011171341
182,1.16357279817263,0.902333051134325,3,0.629586011171341
195,1.16357279817263,0.301558253239674,3,0.629586011171341
196,1.16357279817263,0.55799766287703,3,0.629586011171341
203,1.16357279817263,0.954061642467123,3,0.629586011171341
207,1.16357279817263,0.772842832840672,3,0.629586011171341
211,1.16357279817263,0.192607139879016,3,0.629586011171341
219,1.16357279817263,0.558026160409516,3,0.629586011171341
221,1.16357279817263,0.609197461906061,3,0.629586011171341
224,1.16357279817263,0.125858301974594,3,0.629586011171341
230,1.16357279817263,0.670845163907447,3,0.629586011171341
234,1.16357279817263,0.711368905717593,3,0.629586011171341
235,1.16357279817263,0.0368028070876264,3,0.629586011171341
248,1.16357279817263,0.902287887695279,3,0.629586011171341
256,1.16357279817263,0.867279757822413,3,0.629586011171341
13,1.1902721375227,0.852240602349291,3,0.629586011171341
29,1.1902721375227,0.857805340582996,3,0.629586011171341
36,1.1902721375227,0.849652802301981,3,0.629586011171341
42,1.1902721375227,0.632061831044593,3,0.629586011171341
52,1.1902721375227,0.00473519181597404,3,0.629586011171341
66,1.1902721375227,0.596588904704838,3,0.629586011171341
84,1.1902721375227,0.770137946843882,3,0.629586011171341
90,1.1902721375227,0.00953958268218991,3,0.629586011171341
96,1.1902721375227,0.945672463143538,3,0.629586011171341
108,1.1902721375227,0.95269319342795,3,0.629586011171341
116,1.1902721375227,0.905185351074113,3,0.629586011171341
132,1.1902721375227,0.920150866750164,3,0.629586011171341
133,1.1902721375227,0.0285269735585603,3,0.629586011171341
134,1.1902721375227,0.953502538127974,3,0.629586011171341
137,1.1902721375227,0.903079584754188,3,0.629586011171341
140,1.1902721375227,0.955754764101467,3,0.629586011171341
145,1.1902721375227,0.849713201271761,3,0.629586011171341
155,1.1902721375227,0.945779340199112,3,0.629586011171341
160,1.1902721375227,0.924668651234749,3,0.629586011171341
171,1.1902721375227,0.906013275016827,3,0.629586011171341
178,1.1902721375227,0.634154696606392,3,0.629586011171341
179,1.1902721375227,0.59943914233778,3,0.629586011171341
180,1.1902721375227,0.190297857608813,3,0.629586011171341
182,1.1902721375227,0.895906714412238,3,0.629586011171341
195,1.1902721375227,0.288577442899602,3,0.629586011171341
196,1.1902721375227,0.534561506795038,3,0.629586011171341
203,1.1902721375227,0.950684363160694,3,0.629586011171341
207,1.1902721375227,0.759867736672893,3,0.629586011171341
211,1.1902721375227,0.167198021728889,3,0.629586011171341
219,1.1902721375227,0.530211427082979,3,0.629586011171341
221,1.1902721375227,0.585596590961213,3,0.629586011171341
224,1.1902721375227,0.103099558545909,3,0.629586011171341
230,1.1902721375227,0.652612610587451,3,0.629586011171341
234,1.1902721375227,0.694141974948523,3,0.629586011171341
235,1.1902721375227,0.0312000380771956,3,0.629586011171341
248,1.1902721375227,0.896636362136911,3,0.629586011171341
256,1.1902721375227,0.855954646999499,3,0.629586011171341
13,1.21697147687276,0.841796777855405,3,0.629586011171341
29,1.21697147687276,0.849072847382888,3,0.629586011171341
36,1.21697147687276,0.838888360060005,3,0.629586011171341
42,1.21697147687276,0.607263936571062,3,0.629586011171341
52,1.21697147687276,0.0033484302410417,3,0.629586011171341
66,1.21697147687276,0.573546697543948,3,0.629586011171341
84,1.21697147687276,0.756735685666601,3,0.629586011171341
90,1.21697147687276,0.00680544773028502,3,0.629586011171341
96,1.21697147687276,0.942040429260796,3,0.629586011171341
108,1.21697147687276,0.94960599600338,3,0.629586011171341
116,1.21697147687276,0.901670565073512,3,0.629586011171341
132,1.21697147687276,0.915610500072286,3,0.629586011171341
133,1.21697147687276,0.0231111377880308,3,0.629586011171341
134,1.21697147687276,0.950853999463398,3,0.629586011171341
137,1.21697147687276,0.89865880977437,3,0.629586011171341
140,1.21697147687276,0.953565678277301,3,0.629586011171341
145,1.21697147687276,0.839036632203002,3,0.629586011171341
155,1.21697147687276,0.942000690895292,3,0.629586011171341
160,1.21697147687276,0.920653813130964,3,0.629586011171341
171,1.21697147687276,0.899971961236285,3,0.629586011171341
178,1.21697147687276,0.614392506103225,3,0.629586011171341
179,1.21697147687276,0.583343676244924,3,0.629586011171341
180,1.21697147687276,0.16965238050259,3,0.629586011171341
182,1.21697147687276,0.889298482376472,3,0.629586011171341
195,1.21697147687276,0.276520184722257,3,0.629586011171341
196,1.21697147687276,0.511259155694293,3,0.629586011171341
203,1.21697147687276,0.947158345621537,3,0.629586011171341
207,1.21697147687276,0.745473016350231,3,0.629586011171341
211,1.21697147687276,0.145070750348036,3,0.629586011171341
219,1.21697147687276,0.502511471794515,3,0.629586011171341
221,1.21697147687276,0.561988795221218,3,0.629586011171341
224,1.21697147687276,0.0836918733806453,3,0.629586011171341
230,1.21697147687276,0.634711258723829,3,0.629586011171341
234,1.21697147687276,0.677279504205173,3,0.629586011171341
235,1.21697147687276,0.0264178417492221,3,0.629586011171341
248,1.21697147687276,0.890684943263842,3,0.629586011171341
256,1.21697147687276,0.844051335598634,3,0.629586011171341
13,1.24367081622283,0.830990509366507,3,0.629586011171341
29,1.24367081622283,0.840679145931161,3,0.629586011171341
36,1.24367081622283,0.82778200952365,3,0.629586011171341
42,1.24367081622283,0.582121653935147,3,0.629586011171341
52,1.24367081622283,0.00238668477233728,3,0.629586011171341
66,1.24367081622283,0.550632347599407,3,0.629586011171341
84,1.24367081622283,0.743407497597529,3,0.629586011171341
90,1.24367081622283,0.00476732516022482,3,0.629586011171341
96,1.24367081622283,0.938636451179473,3,0.629586011171341
108,1.24367081622283,0.946246802746697,3,0.629586011171341
116,1.24367081622283,0.896686467839376,3,0.629586011171341
132,1.24367081622283,0.910978798555641,3,0.629586011171341
133,1.24367081622283,0.0186562821763769,3,0.629586011171341
134,1.24367081622283,0.94783926829753,3,0.629586011171341
137,1.24367081622283,0.893764561847664,3,0.629586011171341
140,1.24367081622283,0.950866164707369,3,0.629586011171341
145,1.24367081622283,0.828099305497946,3,0.629586011171341
155,1.24367081622283,0.93808013854623,3,0.629586011171341
160,1.24367081622283,0.91672875978604,3,0.629586011171341
171,1.24367081622283,0.893425888543089,3,0.629586011171341
178,1.24367081622283,0.594751487700877,3,0.629586011171341
179,1.24367081622283,0.567840844603761,3,0.629586011171341
180,1.24367081622283,0.149670188970592,3,0.629586011171341
182,1.24367081622283,0.882505522623072,3,0.629586011171341
195,1.24367081622283,0.265243822195415,3,0.629586011171341
196,1.24367081622283,0.488151295208259,3,0.629586011171341
203,1.24367081622283,0.943436408253325,3,0.629586011171341
207,1.24367081622283,0.731376970271935,3,0.629586011171341
211,1.24367081622283,0.124780503550812,3,0.629586011171341
219,1.24367081622283,0.47505715987696,3,0.629586011171341
221,1.24367081622283,0.538463879712747,3,0.629586011171341
224,1.24367081622283,0.0672917072886513,3,0.629586011171341
230,1.24367081622283,0.61720879446331,3,0.629586011171341
234,1.24367081622283,0.660776004348209,3,0.629586011171341
235,1.24367081622283,0.0223468315684919,3,0.629586011171341
248,1.24367081622283,0.884811253608445,3,0.629586011171341
256,1.24367081622283,0.831563296651764,3,0.629586011171341
13,1.27037015557289,0.819821520820722,3,0.629586011171341
29,1.27037015557289,0.832131697039794,3,0.629586011171341
36,1.27037015557289,0.816202720463529,3,0.629586011171341
42,1.27037015557289,0.557063008892319,3,0.629586011171341
52,1.27037015557289,0.00168387093177569,3,0.629586011171341
66,1.27037015557289,0.527923692836042,3,0.629586011171341
84,1.27037015557289,0.730198265566706,3,0.629586011171341
90,1.27037015557289,0.00329656593802496,3,0.629586011171341
96,1.27037015557289,0.935461731414818,3,0.629586011171341
108,1.27037015557289,0.942943619206553,3,0.629586011171341
116,1.27037015557289,0.893265466855561,3,0.629586011171341
132,1.27037015557289,0.906253501004862,3,0.629586011171341
133,1.27037015557289,0.014909985990106,3,0.629586011171341
134,1.27037015557289,0.945066072049755,3,0.629586011171341
137,1.27037015557289,0.889320751013455,3,0.629586011171341
140,1.27037015557289,0.948620501635188,3,0.629586011171341
145,1.27037015557289,0.816927795682712,3,0.629586011171341
155,1.27037015557289,0.934014844208665,3,0.629586011171341
160,1.27037015557289,0.912593517671132,3,0.629586011171341
171,1.27037015557289,0.88697979070889,3,0.629586011171341
178,1.27037015557289,0.575284058186009,3,0.629586011171341
179,1.27037015557289,0.552967645689604,3,0.629586011171341
180,1.27037015557289,0.132722968402919,3,0.629586011171341
182,1.27037015557289,0.87552573655889,3,0.629586011171341
195,1.27037015557289,0.2546356712258,3,0.629586011171341
196,1.27037015557289,0.463619877026457,3,0.629586011171341
203,1.27037015557289,0.93958801499283,3,0.629586011171341
207,1.27037015557289,0.717876534186703,3,0.629586011171341
211,1.27037015557289,0.106895602355296,3,0.629586011171341
219,1.27037015557289,0.448388047708399,3,0.629586011171341
221,1.27037015557289,0.515112315325049,3,0.629586011171341
224,1.27037015557289,0.0535600271677339,3,0.629586011171341
230,1.27037015557289,0.600162609921065,3,0.629586011171341
234,1.27037015557289,0.644626580954042,3,0.629586011171341
235,1.27037015557289,0.0188904780865892,3,0.629586011171341
248,1.27037015557289,0.878824393515137,3,0.629586011171341
256,1.27037015557289,0.818134599737962,3,0.629586011171341
13,1.29706949492296,0.808291516451085,3,0.629586011171341
29,1.29706949492296,0.823428065074188,3,0.629586011171341
36,1.29706949492296,0.804461302277892,3,0.629586011171341
42,1.29706949492296,0.531501036308407,3,0.629586011171341
52,1.29706949492296,0.00117842557605874,3,0.629586011171341
66,1.29706949492296,0.505495127050901,3,0.629586011171341
84,1.29706949492296,0.717153733491802,3,0.629586011171341
90,1.29706949492296,0.00223596794855963,3,0.629586011171341
96,1.29706949492296,0.932453454165612,3,0.629586011171341
108,1.29706949492296,0.93988250638057,3,0.629586011171341
116,1.29706949492296,0.889890719877929,3,0.629586011171341
132,1.29706949492296,0.901432501589479,3,0.629586011171341
133,1.29706949492296,0.0119346106977365,3,0.629586011171341
134,1.29706949492296,0.942229914050329,3,0.629586011171341
137,1.29706949492296,0.884865595081044,3,0.629586011171341
140,1.29706949492296,0.946348164793866,3,0.629586011171341
145,1.29706949492296,0.80555121124394,3,0.629586011171341
155,1.29706949492296,0.929802597792263,3,0.629586011171341
160,1.29706949492296,0.908392929868876,3,0.629586011171341
171,1.29706949492296,0.88032520634436,3,0.629586011171341
178,1.29706949492296,0.556038504752013,3,0.629586011171341
179,1.29706949492296,0.538744660601463,3,0.629586011171341
180,1.29706949492296,0.117432370812233,3,0.629586011171341
182,1.29706949492296,0.868357863921542,3,0.629586011171341
195,1.29706949492296,0.244608671005666,3,0.629586011171341
196,1.29706949492296,0.441116276769572,3,0.629586011171341
203,1.29706949492296,0.935566612385812,3,0.629586011171341
207,1.29706949492296,0.704225444180051,3,0.629586011171341
211,1.29706949492296,0.090734842089892,3,0.629586011171341
219,1.29706949492296,0.421790336792639,3,0.629586011171341
221,1.29706949492296,0.492023413410122,3,0.629586011171341
224,1.29706949492296,0.0421773611472741,3,0.629586011171341
230,1.29706949492296,0.583618404624067,3,0.629586011171341
234,1.29706949492296,0.628840017747256,3,0.629586011171341
235,1.29706949492296,0.0159628652918434,3,0.629586011171341
248,1.29706949492296,0.872721941928217,3,0.629586011171341
256,1.29706949492296,0.80447094303943,3,0.629586011171341
13,1.32376883427302,0.796404321301241,3,0.629586011171341
29,1.32376883427302,0.814566143399629,3,0.629586011171341
36,1.32376883427302,0.79205544406007,3,0.629586011171341
42,1.32376883427302,0.505875928901274,3,0.629586011171341
52,1.32376883427302,0.000812049731420017,3,0.629586011171341
66,1.32376883427302,0.483417026953758,3,0.629586011171341
84,1.32376883427302,0.704318491475757,3,0.629586011171341
90,1.32376883427302,0.0014989918572399,3,0.629586011171341
96,1.32376883427302,0.929140387324967,3,0.629586011171341
108,1.32376883427302,0.936358028019343,3,0.629586011171341
116,1.32376883427302,0.886560091185065,3,0.629586011171341
132,1.32376883427302,0.896513870312606,3,0.629586011171341
133,1.32376883427302,0.00949339879538813,3,0.629586011171341
134,1.32376883427302,0.93932803483922,3,0.629586011171341
137,1.32376883427302,0.880397414468651,3,0.629586011171341
140,1.32376883427302,0.944100927709833,3,0.629586011171341
145,1.32376883427302,0.794000672286828,3,0.629586011171341
155,1.32376883427302,0.925441903251157,3,0.629586011171341
160,1.32376883427302,0.903769047461282,3,0.629586011171341
171,1.32376883427302,0.873597067651427,3,0.629586011171341
178,1.32376883427302,0.537058078583139,3,0.629586011171341
179,1.32376883427302,0.525176427125086,3,0.629586011171341
180,1.32376883427302,0.104384582249125,3,0.629586011171341
182,1.32376883427302,0.861001587483796,3,0.629586011171341
195,1.32376883427302,0.235095999097839,3,0.629586011171341
196,1.32376883427302,0.418993802545262,3,0.629586011171341
203,1.32376883427302,0.931120287778262,3,0.629586011171341
207,1.32376883427302,0.69043389722777,3,0.629586011171341
211,1.32376883427302,0.0771533149944679,3,0.629586011171341
219,1.32376883427302,0.395801029143247,3,0.629586011171341
221,1.32376883427302,0.469283492990123,3,0.629586011171341
224,1.32376883427302,0.0328469670383619,3,0.629586011171341
230,1.32376883427302,0.567609609087637,3,0.629586011171341
234,1.32376883427302,0.613443841538874,3,0.629586011171341
235,1.32376883427302,0.0134873503192776,3,0.629586011171341
248,1.32376883427302,0.866501698053647,3,0.629586011171341
256,1.32376883427302,0.790233448711944,3,0.629586011171341
13,1.35046817362309,0.784165986920796,3,0.629586011171341
29,1.35046817362309,0.805544201906558,3,0.629586011171341
36,1.35046817362309,0.779235505793229,3,0.629586011171341
42,1.35046817362309,0.481424134987251,3,0.629586011171341
52,1.35046817362309,0.000552163480845969,3,0.629586011171341
66,1.35046817362309,0.46102128403849,3,0.629586011171341
84,1.35046817362309,0.691733028456751,3,0.629586011171341
90,1.35046817362309,0.00098801572678997,3,0.629586011171341
96,1.35046817362309,0.925751271232018,3,0.629586011171341
108,1.35046817362309,0.93246671987377,3,0.629586011171341
116,1.35046817362309,0.883271638540062,3,0.629586011171341
132,1.35046817362309,0.891495873933258,3,0.629586011171341
133,1.35046817362309,0.007556592744005,3,0.629586011171341
134,1.35046817362309,0.936700216770689,3,0.629586011171341
137,1.35046817362309,0.875680424083901,3,0.629586011171341
140,1.35046817362309,0.941771632941065,3,0.629586011171341
145,1.35046817362309,0.782308792950329,3,0.629586011171341
155,1.35046817362309,0.920932055221331,3,0.629586011171341
160,1.35046817362309,0.899424589909295,3,0.629586011171341
171,1.35046817362309,0.866507979194184,3,0.629586011171341
178,1.35046817362309,0.518380506845793,3,0.629586011171341
179,1.35046817362309,0.512253098551754,3,0.629586011171341
180,1.35046817362309,0.0920215622678126,3,0.629586011171341
182,1.35046817362309,0.853457634645731,3,0.629586011171341
195,1.35046817362309,0.226046119571863,3,0.629586011171341
196,1.35046817362309,0.396120964324944,3,0.629586011171341
203,1.35046817362309,0.92671926878939,3,0.629586011171341
207,1.35046817362309,0.676513462930655,3,0.629586011171341
211,1.35046817362309,0.0654523455936091,3,0.629586011171341
219,1.35046817362309,0.370524316437471,3,0.629586011171341
221,1.35046817362309,0.446974094098076,3,0.629586011171341
224,1.35046817362309,0.0252923455205663,3,0.629586011171341
230,1.35046817362309,0.55215769156344,3,0.629586011171341
234,1.35046817362309,0.598480731756848,3,0.629586011171341
235,1.35046817362309,0.0113958589847343,3,0.629586011171341
248,1.35046817362309,0.860161711974704,3,0.629586011171341
256,1.35046817362309,0.775437506847854,3,0.629586011171341
13,1.37716751297315,0.771584853640325,3,0.629586011171341
29,1.37716751297315,0.796360937844049,3,0.629586011171341
36,1.37716751297315,0.766005815869475,3,0.629586011171341
42,1.37716751297315,0.455949555814608,3,0.629586011171341
52,1.37716751297315,0.000370442708948593,3,0.629586011171341
66,1.37716751297315,0.439850844027344,3,0.629586011171341
84,1.37716751297315,0.67943069553391,3,0.629586011171341
90,1.37716751297315,0.000639157533580681,3,0.629586011171341
96,1.37716751297315,0.922282893518399,3,0.629586011171341
108,1.37716751297315,0.928687359042162,3,0.629586011171341
116,1.37716751297315,0.88002360872486,3,0.629586011171341
132,1.37716751297315,0.885951213108829,3,0.629586011171341
133,1.37716751297315,0.00596160499333964,3,0.629586011171341
134,1.37716751297315,0.93366453419234,3,0.629586011171341
137,1.37716751297315,0.871179132028942,3,0.629586011171341
140,1.37716751297315,0.939411392272342,3,0.629586011171341
145,1.37716751297315,0.770509226629298,3,0.629586011171341
155,1.37716751297315,0.916273201609511,3,0.629586011171341
160,1.37716751297315,0.895007278644337,3,0.629586011171341
171,1.37716751297315,0.859189992637495,3,0.629586011171341
178,1.37716751297315,0.499366147159496,3,0.629586011171341
179,1.37716751297315,0.499952919435282,3,0.629586011171341
180,1.37716751297315,0.0809920640630223,3,0.629586011171341
182,1.37716751297315,0.845727871927334,3,0.629586011171341
195,1.37716751297315,0.217418902165082,3,0.629586011171341
196,1.37716751297315,0.374969448205633,3,0.629586011171341
203,1.37716751297315,0.922117726431504,3,0.629586011171341
207,1.37716751297315,0.662477096263509,3,0.629586011171341
211,1.37716751297315,0.0553869412947395,3,0.629586011171341
219,1.37716751297315,0.346053156466021,3,0.629586011171341
221,1.37716751297315,0.425170278467665,3,0.629586011171341
224,1.37716751297315,0.0192545934413382,3,0.629586011171341
230,1.37716751297315,0.53727328731421,3,0.629586011171341
234,1.37716751297315,0.58399962717782,3,0.629586011171341
235,1.37716751297315,0.00962852494983357,3,0.629586011171341
248,1.37716751297315,0.853700316788271,3,0.629586011171341
256,1.37716751297315,0.760105192045445,3,0.629586011171341
13,1.40386685232321,0.758671562350172,3,0.629586011171341
29,1.40386685232321,0.787015529788359,3,0.629586011171341
36,1.40386685232321,0.752285807796973,3,0.629586011171341
42,1.40386685232321,0.430712920683645,3,0.629586011171341
52,1.40386685232321,0.000253390259966069,3,0.629586011171341
66,1.40386685232321,0.419211579948892,3,0.629586011171341
84,1.40386685232321,0.667435362870276,3,0.629586011171341
90,1.40386685232321,0.000405181540383048,3,0.629586011171341
96,1.40386685232321,0.918731989570282,3,0.629586011171341
108,1.40386685232321,0.924775364015482,3,0.629586011171341
116,1.40386685232321,0.876814432615743,3,0.629586011171341
132,1.40386685232321,0.880724882233546,3,0.629586011171341
133,1.40386685232321,0.00467852459008555,3,0.629586011171341
134,1.40386685232321,0.930554319550986,3,0.629586011171341
137,1.40386685232321,0.867187584620072,3,0.629586011171341
140,1.40386685232321,0.937018913346048,3,0.629586011171341
145,1.40386685232321,0.758636319084162,3,0.629586011171341
155,1.40386685232321,0.911466386228953,3,0.629586011171341
160,1.40386685232321,0.890514561962567,3,0.629586011171341
171,1.40386685232321,0.851032896704113,3,0.629586011171341
178,1.40386685232321,0.481396524176066,3,0.629586011171341
179,1.40386685232321,0.488245038973661,3,0.629586011171341
180,1.40386685232321,0.0706576912874062,3,0.629586011171341
182,1.40386685232321,0.837815387724868,3,0.629586011171341
195,1.40386685232321,0.209182780420949,3,0.629586011171341
196,1.40386685232321,0.354369033198537,3,0.629586011171341
203,1.40386685232321,0.917305806644437,3,0.629586011171341
207,1.40386685232321,0.64719987424428,3,0.629586011171341
211,1.40386685232321,0.046742413875572,3,0.629586011171341
219,1.40386685232321,0.322468300581705,3,0.629586011171341
221,1.40386685232321,0.403939057797789,3,0.629586011171341
224,1.40386685232321,0.0144922992222269,3,0.629586011171341
230,1.40386685232321,0.522957968432731,3,0.629586011171341
234,1.40386685232321,0.570046329954737,3,0.629586011171341
235,1.40386685232321,0.00813341869508688,3,0.629586011171341
248,1.40386685232321,0.847116161975682,3,0.629586011171341
256,1.40386685232321,0.74426543817672,3,0.629586011171341
13,1.43056619167328,0.745439011429487,3,0.629586011171341
29,1.43056619167328,0.777507694456307,3,0.629586011171341
36,1.43056619167328,0.738261324085878,3,0.629586011171341
42,1.43056619167328,0.405813908204005,3,0.629586011171341
52,1.43056619167328,0.000164813485237336,3,0.629586011171341
66,1.43056619167328,0.399234917333377,3,0.629586011171341
84,1.43056619167328,0.655760319619578,3,0.629586011171341
90,1.43056619167328,0.000251049899971156,3,0.629586011171341
96,1.43056619167328,0.915095251036921,3,0.629586011171341
108,1.43056619167328,0.92072542809063,3,0.629586011171341
116,1.43056619167328,0.874593801111789,3,0.629586011171341
132,1.43056619167328,0.875395586717063,3,0.629586011171341
133,1.43056619167328,0.00365161457923646,3,0.629586011171341
134,1.43056619167328,0.927248470401495,3,0.629586011171341
137,1.43056619167328,0.862659014504021,3,0.629586011171341
140,1.43056619167328,0.93433514956853,3,0.629586011171341
145,1.43056619167328,0.746724885878492,3,0.629586011171341
155,1.43056619167328,0.906513565701338,3,0.629586011171341
160,1.43056619167328,0.885789207272034,3,0.629586011171341
171,1.43056619167328,0.843228084687535,3,0.629586011171341
178,1.43056619167328,0.463812546900714,3,0.629586011171341
179,1.43056619167328,0.477092274332077,3,0.629586011171341
180,1.43056619167328,0.0619318326132196,3,0.629586011171341
182,1.43056619167328,0.829724558175263,3,0.629586011171341
195,1.43056619167328,0.201312582600903,3,0.629586011171341
196,1.43056619167328,0.334368946527108,3,0.629586011171341
203,1.43056619167328,0.912273327377295,3,0.629586011171341
207,1.43056619167328,0.632977749107719,3,0.629586011171341
211,1.43056619167328,0.0393759875157753,3,0.629586011171341
219,1.43056619167328,0.299837614318994,3,0.629586011171341
221,1.43056619167328,0.38175718992145,3,0.629586011171341
224,1.43056619167328,0.0107041819306991,3,0.629586011171341
230,1.43056619167328,0.509206380048011,3,0.629586011171341
234,1.43056619167328,0.556657028883755,3,0.629586011171341
235,1.43056619167328,0.00686619339335859,3,0.629586011171341
248,1.43056619167328,0.839878464566445,3,0.629586011171341
256,1.43056619167328,0.727953968711295,3,0.629586011171341
13,0.906064030528068,0.995730809154236,3,0.887977749109268
29,0.906064030528068,0.993609895023851,3,0.887977749109268
36,0.906064030528068,0.99810954742876,3,0.887977749109268
42,0.906064030528068,0.986849036581569,3,0.887977749109268
66,0.906064030528068,0.989211415842246,3,0.887977749109268
84,0.906064030528068,0.991744074078497,3,0.887977749109268
96,0.906064030528068,0.998293020698734,3,0.887977749109268
116,0.906064030528068,0.996350308881734,3,0.887977749109268
132,0.906064030528068,0.99530783193195,3,0.887977749109268
134,0.906064030528068,0.997360984640463,3,0.887977749109268
137,0.906064030528068,0.996651983878598,3,0.887977749109268
140,0.906064030528068,0.998440979289907,3,0.887977749109268
145,0.906064030528068,0.996905629227292,3,0.887977749109268
155,0.906064030528068,0.992770113565296,3,0.887977749109268
160,0.906064030528068,0.996831109404302,3,0.887977749109268
178,0.906064030528068,0.989601454593684,3,0.887977749109268
13,0.924150311946869,0.991583035314136,3,0.887977749109268
29,0.924150311946869,0.988444645320349,3,0.887977749109268
36,0.924150311946869,0.996140104587164,3,0.887977749109268
42,0.924150311946869,0.973739737351803,3,0.887977749109268
66,0.924150311946869,0.978313765304827,3,0.887977749109268
84,0.924150311946869,0.983294221165976,3,0.887977749109268
96,0.924150311946869,0.99670423433413,3,0.887977749109268
116,0.924150311946869,0.992748327875388,3,0.887977749109268
132,0.924150311946869,0.990506002099987,3,0.887977749109268
134,0.924150311946869,0.994283535557839,3,0.887977749109268
137,0.924150311946869,0.992550042676522,3,0.887977749109268
140,0.924150311946869,0.996620121286416,3,0.887977749109268
145,0.924150311946869,0.993744621871477,3,0.887977749109268
155,0.924150311946869,0.985274994433938,3,0.887977749109268
160,0.924150311946869,0.993618983787259,3,0.887977749109268
178,0.924150311946869,0.979068143598069,3,0.887977749109268
13,0.942236593365669,0.987339908187099,3,0.887977749109268
29,0.942236593365669,0.982658639830577,3,0.887977749109268
36,0.942236593365669,0.993798903345002,3,0.887977749109268
42,0.942236593365669,0.959845050404949,3,0.887977749109268
66,0.942236593365669,0.966782458184689,3,0.887977749109268
84,0.942236593365669,0.974661022070773,3,0.887977749109268
96,0.942236593365669,0.995135570561315,3,0.887977749109268
116,0.942236593365669,0.989684692496499,3,0.887977749109268
132,0.942236593365669,0.985591775013661,3,0.887977749109268
134,0.942236593365669,0.991475950958083,3,0.887977749109268
137,0.942236593365669,0.989109274407473,3,0.887977749109268
140,0.942236593365669,0.995051366949406,3,0.887977749109268
145,0.942236593365669,0.990515189183292,3,0.887977749109268
155,0.942236593365669,0.977514085073343,3,0.887977749109268
160,0.942236593365669,0.990362409399998,3,0.887977749109268
178,0.942236593365669,0.968402495974427,3,0.887977749109268
13,0.96032287478447,0.982998815286989,3,0.887977749109268
29,0.96032287478447,0.976546522881751,3,0.887977749109268
36,0.96032287478447,0.991636772724806,3,0.887977749109268
42,0.96032287478447,0.945967689159417,3,0.887977749109268
66,0.96032287478447,0.954170597544915,3,0.887977749109268
84,0.96032287478447,0.965856595669308,3,0.887977749109268
96,0.96032287478447,0.993714237751609,3,0.887977749109268
116,0.96032287478447,0.986175886394417,3,0.887977749109268
132,0.96032287478447,0.980562432927125,3,0.887977749109268
134,0.96032287478447,0.988626741482548,3,0.887977749109268
137,0.96032287478447,0.985788733596877,3,0.887977749109268
140,0.96032287478447,0.993479672072198,3,0.887977749109268
145,0.96032287478447,0.987215541112729,3,0.887977749109268
155,0.96032287478447,0.96948827365403,3,0.887977749109268
160,0.96032287478447,0.987249314894772,3,0.887977749109268
178,0.96032287478447,0.957607567911531,3,0.887977749109268
13,0.97840915620327,0.978302122940788,3,0.887977749109268
29,0.97840915620327,0.970349901501306,3,0.887977749109268
36,0.97840915620327,0.989200552336996,3,0.887977749109268
42,0.97840915620327,0.931305554491546,3,0.887977749109268
66,0.97840915620327,0.942109422910958,3,0.887977749109268
84,0.97840915620327,0.956894445980426,3,0.887977749109268
96,0.97840915620327,0.99238341815682,3,0.887977749109268
116,0.97840915620327,0.9827097943899,3,0.887977749109268
132,0.97840915620327,0.975415287217454,3,0.887977749109268
134,0.97840915620327,0.985380317187245,3,0.887977749109268
137,0.97840915620327,0.98124237277752,3,0.887977749109268
140,0.97840915620327,0.991904663808345,3,0.887977749109268
145,0.97840915620327,0.983989278767717,3,0.887977749109268
155,0.97840915620327,0.961200030279856,3,0.887977749109268
160,0.97840915620327,0.983751384159259,3,0.887977749109268
178,0.97840915620327,0.946687078944248,3,0.887977749109268
13,0.99649543762207,0.973748475014719,3,0.887977749109268
29,0.99649543762207,0.964067285873957,3,0.887977749109268
36,0.99649543762207,0.987220782191763,3,0.887977749109268
42,0.99649543762207,0.916521703399744,3,0.887977749109268
66,0.99649543762207,0.929860126332359,3,0.887977749109268
84,0.99649543762207,0.947789245865614,3,0.887977749109268
96,0.99649543762207,0.990100059674956,3,0.887977749109268
116,0.99649543762207,0.979284885417658,3,0.887977749109268
132,0.99649543762207,0.970003148585623,3,0.887977749109268
134,0.99649543762207,0.982618728003115,3,0.887977749109268
137,0.99649543762207,0.97795357318209,3,0.887977749109268
140,0.99649543762207,0.989665008769846,3,0.887977749109268
145,0.99649543762207,0.980546341399415,3,0.887977749109268
155,0.99649543762207,0.952653529326606,3,0.887977749109268
160,0.99649543762207,0.980027640041774,3,0.887977749109268
178,0.99649543762207,0.935645444773814,3,0.887977749109268
13,1.01458171904087,0.969088535864071,3,0.887977749109268
29,1.01458171904087,0.957697202401407,3,0.887977749109268
36,1.01458171904087,0.984999599476638,3,0.887977749109268
42,1.01458171904087,0.901476173339222,3,0.887977749109268
66,1.01458171904087,0.917379905381475,3,0.887977749109268
84,1.01458171904087,0.938556558988724,3,0.887977749109268
96,1.01458171904087,0.988737793259128,3,0.887977749109268
116,1.01458171904087,0.975899678083657,3,0.887977749109268
132,1.01458171904087,0.964610223858,3,0.887977749109268
134,1.01458171904087,0.979065379959186,3,0.887977749109268
137,1.01458171904087,0.974097191250007,3,0.887977749109268
140,1.01458171904087,0.987732694016114,3,0.887977749109268
145,1.01458171904087,0.977027815562818,3,0.887977749109268
155,1.01458171904087,0.943854751378078,3,0.887977749109268
160,1.01458171904087,0.97657445567378,3,0.887977749109268
178,1.01458171904087,0.923524659307052,3,0.887977749109268
13,1.03266800045967,0.964319503937135,3,0.887977749109268
29,1.03266800045967,0.951238198207436,3,0.887977749109268
36,1.03266800045967,0.982757574943418,3,0.887977749109268
42,1.03266800045967,0.885676543434102,3,0.887977749109268
66,1.03266800045967,0.905146026533016,3,0.887977749109268
84,1.03266800045967,0.92921250679083,3,0.887977749109268
96,1.03266800045967,0.987053823134135,3,0.887977749109268
116,1.03266800045967,0.972502724264873,3,0.887977749109268
132,1.03266800045967,0.958642585840807,3,0.887977749109268
134,1.03266800045967,0.975906101324456,3,0.887977749109268
137,1.03266800045967,0.970795957623179,3,0.887977749109268
140,1.03266800045967,0.986129268056808,3,0.887977749109268
145,1.03266800045967,0.973431991102899,3,0.887977749109268
155,1.03266800045967,0.934811557665763,3,0.887977749109268
160,1.03266800045967,0.973070379487001,3,0.887977749109268
178,1.03266800045967,0.912247939124572,3,0.887977749109268
13,1.05075428187847,0.95917483138854,3,0.887977749109268
29,1.05075428187847,0.944688845975672,3,0.887977749109268
36,1.05075428187847,0.980494039398101,3,0.887977749109268
42,1.05075428187847,0.869493427768467,3,0.887977749109268
66,1.05075428187847,0.89118835375918,3,0.887977749109268
84,1.05075428187847,0.919773393133769,3,0.887977749109268
96,1.05075428187847,0.985428600868184,3,0.887977749109268
116,1.05075428187847,0.968635727247014,3,0.887977749109268
132,1.05075428187847,0.953050831522522,3,0.887977749109268
134,1.05075428187847,0.97266792632295,3,0.887977749109268
137,1.05075428187847,0.967503362694964,3,0.887977749109268
140,1.05075428187847,0.984521001553106,3,0.887977749109268
145,1.05075428187847,0.969757166021463,3,0.887977749109268
155,1.05075428187847,0.925533729604163,3,0.887977749109268
160,1.05075428187847,0.9695140698446,3,0.887977749109268
178,1.05075428187847,0.900868401834801,3,0.887977749109268
13,1.06884056329727,0.95458818762292,3,0.887977749109268
29,1.06884056329727,0.938047749136638,3,0.887977749109268
36,1.06884056329727,0.978208313291774,3,0.887977749109268
42,1.06884056329727,0.852931148365251,3,0.887977749109268
66,1.06884056329727,0.877019846354339,3,0.887977749109268
84,1.06884056329727,0.910255305442979,3,0.887977749109268
96,1.06884056329727,0.983793029095827,3,0.887977749109268
116,1.06884056329727,0.966345855302733,3,0.887977749109268
132,1.06884056329727,0.947267149327841,3,0.887977749109268
134,1.06884056329727,0.969348417631183,3,0.887977749109268
137,1.06884056329727,0.964218622318403,3,0.887977749109268
140,1.06884056329727,0.982907500648972,3,0.887977749109268
145,1.06884056329727,0.966001680171162,3,0.887977749109268
155,1.06884056329727,0.916032966079307,3,0.887977749109268
160,1.06884056329727,0.965904167447811,3,0.887977749109268
178,1.06884056329727,0.889393486803276,3,0.887977749109268
13,1.08692684471607,0.949199494135414,3,0.887977749109268
29,1.08692684471607,0.93131354741993,3,0.887977749109268
36,1.08692684471607,0.975879543178827,3,0.887977749109268
42,1.08692684471607,0.835995633076268,3,0.887977749109268
66,1.08692684471607,0.862768397408027,3,0.887977749109268
84,1.08692684471607,0.900673716895114,3,0.887977749109268
96,1.08692684471607,0.98214670885533,3,0.887977749109268
116,1.08692684471607,0.96311493977472,3,0.887977749109268
132,1.08692684471607,0.941351084862414,3,0.887977749109268
134,1.08692684471607,0.965945070116121,3,0.887977749109268
137,1.08692684471607,0.960940962692222,3,0.887977749109268
140,1.08692684471607,0.981288367477883,3,0.887977749109268
145,1.08692684471607,0.962163924928811,3,0.887977749109268
155,1.08692684471607,0.906322831708849,3,0.887977749109268
160,1.08692684471607,0.962239296900071,3,0.887977749109268
178,1.08692684471607,0.877831400528523,3,0.887977749109268
13,1.10501312613487,0.943647884699499,3,0.887977749109268
29,1.10501312613487,0.924778422559849,3,0.887977749109268
36,1.10501312613487,0.973107902101251,3,0.887977749109268
42,1.10501312613487,0.818694529617681,3,0.887977749109268
66,1.10501312613487,0.848869983608646,3,0.887977749109268
84,1.10501312613487,0.891043118493885,3,0.887977749109268
96,1.10501312613487,0.980489234010829,3,0.887977749109268
116,1.10501312613487,0.959914792041257,3,0.887977749109268
132,1.10501312613487,0.935300592920327,3,0.887977749109268
134,1.10501312613487,0.962455310903825,3,0.887977749109268
137,1.10501312613487,0.957470593626323,3,0.887977749109268
140,1.10501312613487,0.979663199961729,3,0.887977749109268
145,1.10501312613487,0.958242353619293,3,0.887977749109268
155,1.10501312613487,0.896418650455035,3,0.887977749109268
160,1.10501312613487,0.95851806850777,3,0.887977749109268
178,1.10501312613487,0.866191103561926,3,0.887977749109268
13,1.12309940755367,0.938275735044699,3,0.887977749109268
29,1.12309940755367,0.917859499834015,3,0.887977749109268
36,1.12309940755367,0.970682459650654,3,0.887977749109268
42,1.12309940755367,0.801037315596745,3,0.887977749109268
66,1.12309940755367,0.835000875698177,3,0.887977749109268
84,1.12309940755367,0.881376711689439,3,0.887977749109268
96,1.12309940755367,0.978487622489981,3,0.887977749109268
116,1.12309940755367,0.956746356263047,3,0.887977749109268
132,1.12309940755367,0.929113797145379,3,0.887977749109268
134,1.12309940755367,0.958876499745035,3,0.887977749109268
137,1.12309940755367,0.954202465490304,3,0.887977749109268
140,1.12309940755367,0.978031591602835,3,0.887977749109268
145,1.12309940755367,0.954235492686847,3,0.887977749109268
155,1.12309940755367,0.886337340818177,3,0.887977749109268
160,1.12309940755367,0.954739080340887,3,0.887977749109268
178,1.12309940755367,0.854482285427002,3,0.887977749109268
13,1.14118568897247,0.932776770543627,3,0.887977749109268
29,1.14118568897247,0.911635555310935,3,0.887977749109268
36,1.14118568897247,0.968292227285427,3,0.887977749109268
42,1.14118568897247,0.783886179617993,3,0.887977749109268
66,1.14118568897247,0.820919093914481,3,0.887977749109268
84,1.14118568897247,0.871686190513738,3,0.887977749109268
96,1.14118568897247,0.977430261052947,3,0.887977749109268
116,1.14118568897247,0.953608454674677,3,0.887977749109268
132,1.14118568897247,0.922789014191063,3,0.887977749109268
134,1.14118568897247,0.954607940390872,3,0.887977749109268
137,1.14118568897247,0.949718751373848,3,0.887977749109268
140,1.14118568897247,0.975969123309221,3,0.887977749109268
145,1.14118568897247,0.950141953597717,3,0.887977749109268
155,1.14118568897247,0.876097191403446,3,0.887977749109268
160,1.14118568897247,0.950900920577771,3,0.887977749109268
178,1.14118568897247,0.842715326605899,3,0.887977749109268
13,1.15927197039127,0.927148024113556,3,0.887977749109268
29,1.15927197039127,0.90541861806366,3,0.887977749109268
36,1.15927197039127,0.965876248225899,3,0.887977749109268
42,1.15927197039127,0.765331379309365,3,0.887977749109268
66,1.15927197039127,0.806630129244113,3,0.887977749109268
84,1.15927197039127,0.86198163632518,3,0.887977749109268
96,1.15927197039127,0.975741027301222,3,0.887977749109268
116,1.15927197039127,0.950499947954079,3,0.887977749109268
132,1.15927197039127,0.916324779424899,3,0.887977749109268
134,1.15927197039127,0.951034450325489,3,0.887977749109268
137,1.15927197039127,0.946925313753062,3,0.887977749109268
140,1.15927197039127,0.974261086243339,3,0.887977749109268
145,1.15927197039127,0.945960445442332,3,0.887977749109268
155,1.15927197039127,0.865717578904718,3,0.887977749109268
160,1.15927197039127,0.947002170159567,3,0.887977749109268
178,1.15927197039127,0.83090124696161,3,0.887977749109268
13,1.17735825181007,0.921386530816136,3,0.887977749109268
29,1.17735825181007,0.898224559627321,3,0.887977749109268
36,1.17735825181007,0.963433784146595,3,0.887977749109268
42,1.17735825181007,0.746687825174779,3,0.887977749109268
66,1.17735825181007,0.791026130955661,3,0.887977749109268
84,1.17735825181007,0.852271538067537,3,0.887977749109268
96,1.17735825181007,0.974038924465467,3,0.887977749109268
116,1.17735825181007,0.947419734116793,3,0.887977749109268
132,1.17735825181007,0.909719874132803,3,0.887977749109268
134,1.17735825181007,0.947159441234048,3,0.887977749109268
137,1.17735825181007,0.943661270441494,3,0.887977749109268
140,1.17735825181007,0.972600434709038,3,0.887977749109268
145,1.17735825181007,0.941689788187095,3,0.887977749109268
155,1.17735825181007,0.855218634362301,3,0.887977749109268
160,1.17735825181007,0.942699161190789,3,0.887977749109268
178,1.17735825181007,0.819051640362012,3,0.887977749109268
13,1.19544453322887,0.915489336632329,3,0.887977749109268
29,1.19544453322887,0.890929762994929,3,0.887977749109268
36,1.19544453322887,0.961148782330746,3,0.887977749109268
42,1.19544453322887,0.727745532575646,3,0.887977749109268
66,1.19544453322887,0.776326091673721,3,0.887977749109268
84,1.19544453322887,0.842562937176988,3,0.887977749109268
96,1.19544453322887,0.972323507166439,3,0.887977749109268
116,1.19544453322887,0.944366747471686,3,0.887977749109268
132,1.19544453322887,0.902973354147403,3,0.887977749109268
134,1.19544453322887,0.942991617595494,3,0.887977749109268
137,1.19544453322887,0.940141958280324,3,0.887977749109268
140,1.19544453322887,0.970931632649077,3,0.887977749109268
145,1.19544453322887,0.937328926504072,3,0.887977749109268
155,1.19544453322887,0.844620867698542,3,0.887977749109268
160,1.19544453322887,0.938669454503081,3,0.887977749109268
178,1.19544453322887,0.807178595765548,3,0.887977749109268
13,1.21353081464767,0.909453508125707,3,0.887977749109268
29,1.21353081464767,0.882976110629676,3,0.887977749109268
36,1.21353081464767,0.958653704927248,3,0.887977749109268
42,1.21353081464767,0.708524418655446,3,0.887977749109268
66,1.21353081464767,0.761939587287124,3,0.887977749109268
84,1.21353081464767,0.83286168060206,3,0.887977749109268
96,1.21353081464767,0.969978489608792,3,0.887977749109268
116,1.21353081464767,0.941339957635525,3,0.887977749109268
132,1.21353081464767,0.896084579787547,3,0.887977749109268
134,1.21353081464767,0.938908382334261,3,0.887977749109268
137,1.21353081464767,0.936880228634205,3,0.887977749109268
140,1.21353081464767,0.969254246216863,3,0.887977749109268
145,1.21353081464767,0.932876944082556,3,0.887977749109268
155,1.21353081464767,0.833944764679317,3,0.887977749109268
160,1.21353081464767,0.934574906749908,3,0.887977749109268
178,1.21353081464767,0.795294605610062,3,0.887977749109268
13,1.23161709606647,0.903276143044341,3,0.887977749109268
29,1.23161709606647,0.875471724544552,3,0.887977749109268
36,1.23161709606647,0.956551679059008,3,0.887977749109268
42,1.23161709606647,0.689046662634208,3,0.887977749109268
66,1.23161709606647,0.746884914756011,3,0.887977749109268
84,1.23161709606647,0.823172750371506,3,0.887977749109268
96,1.23161709606647,0.967915958215056,3,0.887977749109268
116,1.23161709606647,0.937292473708792,3,0.887977749109268
132,1.23161709606647,0.889053246953186,3,0.887977749109268
134,1.23161709606647,0.934718609134617,3,0.887977749109268
137,1.23161709606647,0.932856179612619,3,0.887977749109268
140,1.23161709606647,0.967567835792958,3,0.887977749109268
145,1.23161709606647,0.928333078298142,3,0.887977749109268
155,1.23161709606647,0.823210374162148,3,0.887977749109268
160,1.23161709606647,0.930575409692615,3,0.887977749109268
178,1.23161709606647,0.783412462996474,3,0.887977749109268
13,1.24970337748528,0.896954381910219,3,0.887977749109268
29,1.24970337748528,0.867864265103546,3,0.887977749109268
36,1.24970337748528,0.954005800320402,3,0.887977749109268
42,1.24970337748528,0.669336711615746,3,0.887977749109268
66,1.24970337748528,0.731665095018852,3,0.887977749109268
84,1.24970337748528,0.813500626737794,3,0.887977749109268
96,1.24970337748528,0.966144653771777,3,0.887977749109268
116,1.24970337748528,0.934311018868056,3,0.887977749109268
132,1.24970337748528,0.881879419171238,3,0.887977749109268
134,1.24970337748528,0.930032407250728,3,0.887977749109268
137,1.24970337748528,0.929589531409155,3,0.887977749109268
140,1.24970337748528,0.965345494972954,3,0.887977749109268
145,1.24970337748528,0.923696735083932,3,0.887977749109268
155,1.24970337748528,0.812436906288122,3,0.887977749109268
160,1.24970337748528,0.926349135641774,3,0.887977749109268
178,1.24970337748528,0.771545149846693,3,0.887977749109268
13,1.26778965890408,0.890185265473364,3,0.887977749109268
29,1.26778965890408,0.860153108390453,3,0.887977749109268
36,1.26778965890408,0.951050542765145,3,0.887977749109268
42,1.26778965890408,0.649421258928077,3,0.887977749109268
66,1.26778965890408,0.716291443444461,3,0.887977749109268
84,1.26778965890408,0.803849636886683,3,0.887977749109268
96,1.26778965890408,0.964244872702077,3,0.887977749109268
116,1.26778965890408,0.931353052425816,3,0.887977749109268
132,1.26778965890408,0.874563560332719,3,0.887977749109268
134,1.26778965890408,0.925613381427681,3,0.887977749109268
137,1.26778965890408,0.926322882242258,3,0.887977749109268
140,1.26778965890408,0.963633475018255,3,0.887977749109268
145,1.26778965890408,0.918967503813933,3,0.887977749109268
155,1.26778965890408,0.801642363680547,3,0.887977749109268
160,1.26778965890408,0.922053804304157,3,0.887977749109268
178,1.26778965890408,0.759705718895994,3,0.887977749109268
13,1.28587594032288,0.883199562907667,3,0.887977749109268
29,1.28587594032288,0.852337754334351,3,0.887977749109268
36,1.28587594032288,0.948437231272352,3,0.887977749109268
42,1.28587594032288,0.629740478841051,3,0.887977749109268
66,1.28587594032288,0.700776290391386,3,0.887977749109268
84,1.28587594032288,0.794224244230479,3,0.887977749109268
96,1.28587594032288,0.962687139021514,3,0.887977749109268
116,1.28587594032288,0.928417673345499,3,0.887977749109268
132,1.28587594032288,0.867106567799711,3,0.887977749109268
134,1.28587594032288,0.92107850169438,3,0.887977749109268
137,1.28587594032288,0.923055559435842,3,0.887977749109268
140,1.28587594032288,0.961911107961213,3,0.887977749109268
145,1.28587594032288,0.914145171971668,3,0.887977749109268
155,1.28587594032288,0.790843227338913,3,0.887977749109268
160,1.28587594032288,0.917688053978417,3,0.887977749109268
178,1.28587594032288,0.747907172995581,3,0.887977749109268
13,1.30396222174168,0.876415501797984,3,0.887977749109268
29,1.30396222174168,0.844417837083011,3,0.887977749109268
36,1.30396222174168,0.946060060447178,3,0.887977749109268
42,1.30396222174168,0.609500143653886,3,0.887977749109268
66,1.30396222174168,0.685132972151974,3,0.887977749109268
84,1.30396222174168,0.784629244339594,3,0.887977749109268
96,1.30396222174168,0.960574539427685,3,0.887977749109268
116,1.30396222174168,0.925504011859649,3,0.887977749109268
132,1.30396222174168,0.859509805493079,3,0.887977749109268
134,1.30396222174168,0.916424584986541,3,0.887977749109268
137,1.30396222174168,0.919786899508954,3,0.887977749109268
140,1.30396222174168,0.960177928451312,3,0.887977749109268
145,1.30396222174168,0.909229739337713,3,0.887977749109268
155,1.30396222174168,0.780054216548181,3,0.887977749109268
160,1.30396222174168,0.913250551514352,3,0.887977749109268
178,1.30396222174168,0.73616234568394,3,0.887977749109268
13,1.32204850316048,0.86947636417008,3,0.887977749109268
29,1.32204850316048,0.836710020653365,3,0.887977749109268
36,1.32204850316048,0.942867876450839,3,0.887977749109268
42,1.32204850316048,0.589634511970998,3,0.887977749109268
66,1.32204850316048,0.66937581054092,3,0.887977749109268
84,1.32204850316048,0.775069850545801,3,0.887977749109268
96,1.32204850316048,0.958736295323603,3,0.887977749109268
116,1.32204850316048,0.922611228770489,3,0.887977749109268
132,1.32204850316048,0.851775136497762,3,0.887977749109268
134,1.32204850316048,0.911648420858079,3,0.887977749109268
137,1.32204850316048,0.916516248183102,3,0.887977749109268
140,1.32204850316048,0.957973430034129,3,0.887977749109268
145,1.32204850316048,0.904221431389483,3,0.887977749109268
155,1.32204850316048,0.769288137788502,3,0.887977749109268
160,1.32204850316048,0.908739998980714,3,0.887977749109268
178,1.32204850316048,0.724483787260384,3,0.887977749109268
13,1.34013478457928,0.862379732657053,3,0.887977749109268
29,1.34013478457928,0.828583836324601,3,0.887977749109268
36,1.34013478457928,0.940152492190467,3,0.887977749109268
42,1.34013478457928,0.56920141181977,3,0.887977749109268
66,1.34013478457928,0.652525766242993,3,0.887977749109268
84,1.34013478457928,0.765551671469845,3,0.887977749109268
96,1.34013478457928,0.956880797896702,3,0.887977749109268
116,1.34013478457928,0.919738514787471,3,0.887977749109268
132,1.34013478457928,0.843904954644011,3,0.887977749109268
134,1.34013478457928,0.906413228911742,3,0.887977749109268
137,1.34013478457928,0.91177766840413,3,0.887977749109268
140,1.34013478457928,0.95621133219595,3,0.887977749109268
145,1.34013478457928,0.899120711566319,3,0.887977749109268
155,1.34013478457928,0.758555831633618,3,0.887977749109268
160,1.34013478457928,0.903780617462474,3,0.887977749109268
178,1.34013478457928,0.712883660588659,3,0.887977749109268
13,1.35822106599808,0.855123326177773,3,0.887977749109268
29,1.35822106599808,0.820352793294865,3,0.887977749109268
36,1.35822106599808,0.937402798925387,3,0.887977749109268
42,1.35822106599808,0.550104317213721,3,0.887977749109268
66,1.35822106599808,0.63659163042348,3,0.887977749109268
84,1.35822106599808,0.756080599861182,3,0.887977749109268
96,1.35822106599808,0.955007515556365,3,0.887977749109268
116,1.35822106599808,0.916885089898193,3,0.887977749109268
132,1.35822106599808,0.835902214439926,3,0.887977749109268
134,1.35822106599808,0.901372039757829,3,0.887977749109268
137,1.35822106599808,0.908226761602033,3,0.887977749109268
140,1.35822106599808,0.954436962678371,3,0.887977749109268
145,1.35822106599808,0.893928292014562,3,0.887977749109268
155,1.35822106599808,0.747866219523674,3,0.887977749109268
160,1.35822106599808,0.899116326593661,3,0.887977749109268
178,1.35822106599808,0.700511144831837,3,0.887977749109268
13,1.37630734741688,0.847705019483024,3,0.887977749109268
29,1.37630734741688,0.812017165992426,3,0.887977749109268
36,1.37630734741688,0.934617983576838,3,0.887977749109268
42,1.37630734741688,0.52960088374391,3,0.887977749109268
66,1.37630734741688,0.619548395555693,3,0.887977749109268
84,1.37630734741688,0.746662643558878,3,0.887977749109268
96,1.37630734741688,0.953873374276615,3,0.887977749109268
116,1.37630734741688,0.914050202768556,3,0.887977749109268
132,1.37630734741688,0.827306148746021,3,0.887977749109268
134,1.37630734741688,0.896198709484064,3,0.887977749109268
137,1.37630734741688,0.904932822987134,3,0.887977749109268
140,1.37630734741688,0.95264982552693,3,0.887977749109268
145,1.37630734741688,0.888645142393239,3,0.887977749109268
155,1.37630734741688,0.737226444813356,3,0.887977749109268
160,1.37630734741688,0.894375455376518,3,0.887977749109268
178,1.37630734741688,0.689105492869191,3,0.887977749109268
13,1.39439362883568,0.840122863892208,3,0.887977749109268
29,1.39439362883568,0.803577418077009,3,0.887977749109268
36,1.39439362883568,0.931797230414659,3,0.887977749109268
42,1.39439362883568,0.508950595689543,3,0.887977749109268
66,1.39439362883568,0.603504456610687,3,0.887977749109268
84,1.39439362883568,0.737303733256524,3,0.887977749109268
96,1.39439362883568,0.951972688399995,3,0.887977749109268
116,1.39439362883568,0.911233130168152,3,0.887977749109268
132,1.39439362883568,0.819046913297023,3,0.887977749109268
134,1.39439362883568,0.890890020656928,3,0.887977749109268
137,1.39439362883568,0.90220016087342,3,0.887977749109268
140,1.39439362883568,0.950782361733366,3,0.887977749109268
145,1.39439362883568,0.883272496293683,3,0.887977749109268
155,1.39439362883568,0.726642095392265,3,0.887977749109268
160,1.39439362883568,0.889556927867515,3,0.887977749109268
178,1.39439362883568,0.677812012524561,3,0.887977749109268
13,1.41247991025448,0.832375109199433,3,0.887977749109268
29,1.41247991025448,0.795034213538929,3,0.887977749109268
36,1.41247991025448,0.928868431402868,3,0.887977749109268
42,1.41247991025448,0.488553638446743,3,0.887977749109268
66,1.41247991025448,0.587433795593036,3,0.887977749109268
84,1.41247991025448,0.728009538440815,3,0.887977749109268
96,1.41247991025448,0.950052564605031,3,0.887977749109268
116,1.41247991025448,0.90952518287437,3,0.887977749109268
132,1.41247991025448,0.810667856908983,3,0.887977749109268
134,1.41247991025448,0.885567360663214,3,0.887977749109268
137,1.41247991025448,0.899465033177748,3,0.887977749109268
140,1.41247991025448,0.948700932589387,3,0.887977749109268
145,1.41247991025448,0.877811854810014,3,0.887977749109268
155,1.41247991025448,0.71611748911934,3,0.887977749109268
160,1.41247991025448,0.884659745381523,3,0.887977749109268
178,1.41247991025448,0.666640564886161,3,0.887977749109268
13,1.43056619167328,0.82446022671051,3,0.887977749109268
29,1.43056619167328,0.786388427569917,3,0.887977749109268
36,1.43056619167328,0.926407283718998,3,0.887977749109268
42,1.43056619167328,0.4682696312365,3,0.887977749109268
66,1.43056619167328,0.571475877055879,3,0.887977749109268
84,1.43056619167328,0.718785314477651,3,0.887977749109268
96,1.43056619167328,0.948112426736133,3,0.887977749109268
116,1.43056619167328,0.906788851711631,3,0.887977749109268
132,1.43056619167328,0.802174420690431,3,0.887977749109268
134,1.43056619167328,0.879981471577983,3,0.887977749109268
137,1.43056619167328,0.895880524040253,3,0.887977749109268
140,1.43056619167328,0.946868982363192,3,0.887977749109268
145,1.43056619167328,0.872264986794946,3,0.887977749109268
155,1.43056619167328,0.705655998794334,3,0.887977749109268
160,1.43056619167328,0.879537201251829,3,0.887977749109268
178,1.43056619167328,0.655600350944843,3,0.887977749109268
5,0.406175843377908,0.972554064654644,4,0.370852038264275
9,0.406175843377908,0.898311359788452,4,0.370852038264275
15,0.406175843377908,0.994210222614658,4,0.370852038264275
24,0.406175843377908,0.972292249627018,4,0.370852038264275
33,0.406175843377908,0.989569356851233,4,0.370852038264275
40,0.406175843377908,0.979293910286303,4,0.370852038264275
45,0.406175843377908,0.998307924160247,4,0.370852038264275
62,0.406175843377908,0.974493730404028,4,0.370852038264275
65,0.406175843377908,0.993998682548461,4,0.370852038264275
71,0.406175843377908,0.985869969048143,4,0.370852038264275
82,0.406175843377908,0.994776281168469,4,0.370852038264275
99,0.406175843377908,0.990240644969417,4,0.370852038264275
101,0.406175843377908,0.997404785471235,4,0.370852038264275
104,0.406175843377908,0.990520515215846,4,0.370852038264275
111,0.406175843377908,0.920498627833855,4,0.370852038264275
124,0.406175843377908,0.992780250195058,4,0.370852038264275
129,0.406175843377908,0.99286234623681,4,0.370852038264275
136,0.406175843377908,0.989265215572784,4,0.370852038264275
139,0.406175843377908,0.991147765556951,4,0.370852038264275
142,0.406175843377908,0.967149771666849,4,0.370852038264275
151,0.406175843377908,0.993820017746581,4,0.370852038264275
157,0.406175843377908,0.994936606173603,4,0.370852038264275
163,0.406175843377908,0.998127392933809,4,0.370852038264275
172,0.406175843377908,0.992096562818732,4,0.370852038264275
200,0.406175843377908,0.993758085465497,4,0.370852038264275
201,0.406175843377908,0.997145229054551,4,0.370852038264275
213,0.406175843377908,0.997393433332967,4,0.370852038264275
216,0.406175843377908,0.984537567369293,4,0.370852038264275
233,0.406175843377908,0.988792895940185,4,0.370852038264275
237,0.406175843377908,0.958786704609815,4,0.370852038264275
250,0.406175843377908,0.995035333850507,4,0.370852038264275
251,0.406175843377908,0.995833200751835,4,0.370852038264275
255,0.406175843377908,0.999193536622241,4,0.370852038264275
257,0.406175843377908,0.997516889955837,4,0.370852038264275
266,0.406175843377908,0.995278951161943,4,0.370852038264275
275,0.406175843377908,0.990612437930884,4,0.370852038264275
279,0.406175843377908,0.995276051434838,4,0.370852038264275
280,0.406175843377908,0.995744374123149,4,0.370852038264275
284,0.406175843377908,0.992053620702361,4,0.370852038264275
286,0.406175843377908,0.98745422215832,4,0.370852038264275
287,0.406175843377908,0.936764760707274,4,0.370852038264275
303,0.406175843377908,0.986437382357765,4,0.370852038264275
304,0.406175843377908,0.997030701876069,4,0.370852038264275
306,0.406175843377908,0.995034928712977,4,0.370852038264275
309,0.406175843377908,0.996030619547306,4,0.370852038264275
5,0.441499648491542,0.941043740685279,4,0.370852038264275
9,0.441499648491542,0.791566714796782,4,0.370852038264275
15,0.441499648491542,0.9883330896974,4,0.370852038264275
24,0.441499648491542,0.942560141256476,4,0.370852038264275
33,0.441499648491542,0.977460339348108,4,0.370852038264275
40,0.441499648491542,0.955224899089438,4,0.370852038264275
45,0.441499648491542,0.996535292658094,4,0.370852038264275
62,0.441499648491542,0.945224232772046,4,0.370852038264275
65,0.441499648491542,0.987572303945174,4,0.370852038264275
71,0.441499648491542,0.970408702472577,4,0.370852038264275
82,0.441499648491542,0.989886587177529,4,0.370852038264275
99,0.441499648491542,0.979585681886868,4,0.370852038264275
101,0.441499648491542,0.994920642606731,4,0.370852038264275
104,0.441499648491542,0.979685287756416,4,0.370852038264275
111,0.441499648491542,0.835307642523455,4,0.370852038264275
124,0.441499648491542,0.984863455995057,4,0.370852038264275
129,0.441499648491542,0.985555683840038,4,0.370852038264275
136,0.441499648491542,0.97801027700776,4,0.370852038264275
139,0.441499648491542,0.981031614134564,4,0.370852038264275
142,0.441499648491542,0.930763899104889,4,0.370852038264275
151,0.441499648491542,0.987450864236051,4,0.370852038264275
157,0.441499648491542,0.989517613784405,4,0.370852038264275
163,0.441499648491542,0.996190546040889,4,0.370852038264275
172,0.441499648491542,0.983777046854765,4,0.370852038264275
200,0.441499648491542,0.987137685612844,4,0.370852038264275
201,0.441499648491542,0.993980408998525,4,0.370852038264275
213,0.441499648491542,0.99460857398013,4,0.370852038264275
216,0.441499648491542,0.966711433224692,4,0.370852038264275
233,0.441499648491542,0.975998256077556,4,0.370852038264275
237,0.441499648491542,0.914607102792926,4,0.370852038264275
250,0.441499648491542,0.989383268840383,4,0.370852038264275
251,0.441499648491542,0.991433910264477,4,0.370852038264275
255,0.441499648491542,0.998364696451136,4,0.370852038264275
257,0.441499648491542,0.994965477904563,4,0.370852038264275
266,0.441499648491542,0.990476769399856,4,0.370852038264275
275,0.441499648491542,0.98027066067912,4,0.370852038264275
279,0.441499648491542,0.990309851082579,4,0.370852038264275
280,0.441499648491542,0.991377048321455,4,0.370852038264275
284,0.441499648491542,0.983457555854179,4,0.370852038264275
286,0.441499648491542,0.9739964263772,4,0.370852038264275
287,0.441499648491542,0.877102011634861,4,0.370852038264275
303,0.441499648491542,0.972413060039872,4,0.370852038264275
304,0.441499648491542,0.993688189157285,4,0.370852038264275
306,0.441499648491542,0.989792636639818,4,0.370852038264275
309,0.441499648491542,0.991800158722552,4,0.370852038264275
5,0.476823453605175,0.90669442240414,4,0.370852038264275
9,0.476823453605175,0.692588609437546,4,0.370852038264275
15,0.476823453605175,0.982124575835388,4,0.370852038264275
24,0.476823453605175,0.909284772495172,4,0.370852038264275
33,0.476823453605175,0.96474483035518,4,0.370852038264275
40,0.476823453605175,0.927848264198682,4,0.370852038264275
45,0.476823453605175,0.994681403247687,4,0.370852038264275
62,0.476823453605175,0.915103037521321,4,0.370852038264275
65,0.476823453605175,0.980535473003184,4,0.370852038264275
71,0.476823453605175,0.953709347613135,4,0.370852038264275
82,0.476823453605175,0.985356132598765,4,0.370852038264275
99,0.476823453605175,0.967766962921671,4,0.370852038264275
101,0.476823453605175,0.992172522132523,4,0.370852038264275
104,0.476823453605175,0.967026481668315,4,0.370852038264275
111,0.476823453605175,0.749938850855404,4,0.370852038264275
124,0.476823453605175,0.976176330293627,4,0.370852038264275
129,0.476823453605175,0.977975811802733,4,0.370852038264275
136,0.476823453605175,0.966238899861487,4,0.370852038264275
139,0.476823453605175,0.97045602565669,4,0.370852038264275
142,0.476823453605175,0.890520233296729,4,0.370852038264275
151,0.476823453605175,0.980820385451355,4,0.370852038264275
157,0.476823453605175,0.983723114356387,4,0.370852038264275
163,0.476823453605175,0.994165344154672,4,0.370852038264275
172,0.476823453605175,0.975426341678712,4,0.370852038264275
200,0.476823453605175,0.980783405032392,4,0.370852038264275
201,0.476823453605175,0.990533425572488,4,0.370852038264275
213,0.476823453605175,0.991624926638068,4,0.370852038264275
216,0.476823453605175,0.94753610662522,4,0.370852038264275
233,0.476823453605175,0.961446373099045,4,0.370852038264275
237,0.476823453605175,0.867861444743402,4,0.370852038264275
250,0.476823453605175,0.983209051963096,4,0.370852038264275
251,0.476823453605175,0.986778411426293,4,0.370852038264275
255,0.476823453605175,0.997511336741409,4,0.370852038264275
257,0.476823453605175,0.992336525599871,4,0.370852038264275
266,0.476823453605175,0.985018623492519,4,0.370852038264275
275,0.476823453605175,0.968998839328072,4,0.370852038264275
279,0.476823453605175,0.985095482675491,4,0.370852038264275
280,0.476823453605175,0.987008536597559,4,0.370852038264275
284,0.476823453605175,0.974642170041801,4,0.370852038264275
286,0.476823453605175,0.959567550028818,4,0.370852038264275
287,0.476823453605175,0.817299100288443,4,0.370852038264275
303,0.476823453605175,0.95790353070942,4,0.370852038264275
304,0.476823453605175,0.989916482702183,4,0.370852038264275
306,0.476823453605175,0.984251068635696,4,0.370852038264275
309,0.476823453605175,0.987327007380428,4,0.370852038264275
5,0.512147258718809,0.868872415599076,4,0.370852038264275
9,0.512147258718809,0.582011483656657,4,0.370852038264275
15,0.512147258718809,0.975910714211146,4,0.370852038264275
24,0.512147258718809,0.872273694971437,4,0.370852038264275
33,0.512147258718809,0.950640934708559,4,0.370852038264275
40,0.512147258718809,0.895590980802369,4,0.370852038264275
45,0.512147258718809,0.992819787100065,4,0.370852038264275
62,0.512147258718809,0.885188072590363,4,0.370852038264275
65,0.512147258718809,0.972897983320958,4,0.370852038264275
71,0.512147258718809,0.936427774876094,4,0.370852038264275
82,0.512147258718809,0.98068114235876,4,0.370852038264275
99,0.512147258718809,0.955514094425599,4,0.370852038264275
101,0.512147258718809,0.989555672010426,4,0.370852038264275
104,0.512147258718809,0.952561137482157,4,0.370852038264275
111,0.512147258718809,0.664875469255339,4,0.370852038264275
124,0.512147258718809,0.966640628228104,4,0.370852038264275
129,0.512147258718809,0.970418468378888,4,0.370852038264275
136,0.512147258718809,0.952775270236787,4,0.370852038264275
139,0.512147258718809,0.957905865966945,4,0.370852038264275
142,0.512147258718809,0.846088079454885,4,0.370852038264275
151,0.512147258718809,0.973516191346574,4,0.370852038264275
157,0.512147258718809,0.977469917838993,4,0.370852038264275
163,0.512147258718809,0.992074666496713,4,0.370852038264275
172,0.512147258718809,0.966506555500753,4,0.370852038264275
200,0.512147258718809,0.974012489282476,4,0.370852038264275
201,0.512147258718809,0.986760825879939,4,0.370852038264275
213,0.512147258718809,0.988419534135257,4,0.370852038264275
216,0.512147258718809,0.925173169309075,4,0.370852038264275
233,0.512147258718809,0.945001949570326,4,0.370852038264275
237,0.512147258718809,0.819313212947849,4,0.370852038264275
250,0.512147258718809,0.976319226895143,4,0.370852038264275
251,0.512147258718809,0.98184122240147,4,0.370852038264275
255,0.512147258718809,0.996652784616863,4,0.370852038264275
257,0.512147258718809,0.989575472062827,4,0.370852038264275
266,0.512147258718809,0.979639423117143,4,0.370852038264275
275,0.512147258718809,0.957028807990056,4,0.370852038264275
279,0.512147258718809,0.979568448160079,4,0.370852038264275
280,0.512147258718809,0.982428778441054,4,0.370852038264275
284,0.512147258718809,0.964548640966237,4,0.370852038264275
286,0.512147258718809,0.944109589065389,4,0.370852038264275
287,0.512147258718809,0.759707656953191,4,0.370852038264275
303,0.512147258718809,0.942886666490609,4,0.370852038264275
304,0.512147258718809,0.985651162448376,4,0.370852038264275
306,0.512147258718809,0.978386735573327,4,0.370852038264275
309,0.512147258718809,0.982373333112665,4,0.370852038264275
5,0.547471063832442,0.826400301115882,4,0.370852038264275
9,0.547471063832442,0.48195016647784,4,0.370852038264275
15,0.547471063832442,0.969341172919355,4,0.370852038264275
24,0.547471063832442,0.832833244294814,4,0.370852038264275
33,0.547471063832442,0.934354304240748,4,0.370852038264275
40,0.547471063832442,0.859854571004643,4,0.370852038264275
45,0.547471063832442,0.990763108292072,4,0.370852038264275
62,0.547471063832442,0.850505354199622,4,0.370852038264275
65,0.547471063832442,0.964513199047342,4,0.370852038264275
71,0.547471063832442,0.916825171010381,4,0.370852038264275
82,0.547471063832442,0.976559422657069,4,0.370852038264275
99,0.547471063832442,0.941721777815865,4,0.370852038264275
101,0.547471063832442,0.986843699077722,4,0.370852038264275
104,0.547471063832442,0.93588365023958,4,0.370852038264275
111,0.547471063832442,0.582608950857403,4,0.370852038264275
124,0.547471063832442,0.956174177233077,4,0.370852038264275
129,0.547471063832442,0.962340197585715,4,0.370852038264275
136,0.547471063832442,0.939582782164967,4,0.370852038264275
139,0.547471063832442,0.944880328526267,4,0.370852038264275
142,0.547471063832442,0.797328370471564,4,0.370852038264275
151,0.547471063832442,0.96586229524742,4,0.370852038264275
157,0.547471063832442,0.970882266403773,4,0.370852038264275
163,0.547471063832442,0.989894470327408,4,0.370852038264275
172,0.547471063832442,0.957401282324643,4,0.370852038264275
200,0.547471063832442,0.967466163975882,4,0.370852038264275
201,0.547471063832442,0.982673949909561,4,0.370852038264275
213,0.547471063832442,0.98496674208049,4,0.370852038264275
216,0.547471063832442,0.900896424150266,4,0.370852038264275
233,0.547471063832442,0.926598162116223,4,0.370852038264275
237,0.547471063832442,0.769363772434619,4,0.370852038264275
250,0.547471063832442,0.968624024748817,4,0.370852038264275
251,0.547471063832442,0.976595184135744,4,0.370852038264275
255,0.547471063832442,0.995811056450921,4,0.370852038264275
257,0.547471063832442,0.986757460229314,4,0.370852038264275
266,0.547471063832442,0.973715254014609,4,0.370852038264275
275,0.547471063832442,0.945311804683448,4,0.370852038264275
279,0.547471063832442,0.973926365207027,4,0.370852038264275
280,0.547471063832442,0.978025030852775,4,0.370852038264275
284,0.547471063832442,0.954791795043685,4,0.370852038264275
286,0.547471063832442,0.927567477541474,4,0.370852038264275
287,0.547471063832442,0.703402586776998,4,0.370852038264275
303,0.547471063832442,0.927342470674755,4,0.370852038264275
304,0.547471063832442,0.980818554228246,4,0.370852038264275
306,0.547471063832442,0.972174804017846,4,0.370852038264275
309,0.547471063832442,0.977396069052938,4,0.370852038264275
5,0.582794868946075,0.78111321318445,4,0.370852038264275
9,0.582794868946075,0.396464017187351,4,0.370852038264275
15,0.582794868946075,0.962559613564618,4,0.370852038264275
24,0.582794868946075,0.789976194744615,4,0.370852038264275
33,0.582794868946075,0.916349515365888,4,0.370852038264275
40,0.582794868946075,0.819131779445747,4,0.370852038264275
45,0.582794868946075,0.988604492582066,4,0.370852038264275
62,0.582794868946075,0.816586841656335,4,0.370852038264275
65,0.582794868946075,0.955348469950229,4,0.370852038264275
71,0.582794868946075,0.895965535217442,4,0.370852038264275
82,0.582794868946075,0.972619631907643,4,0.370852038264275
99,0.582794868946075,0.926803485860674,4,0.370852038264275
101,0.582794868946075,0.983999269063286,4,0.370852038264275
104,0.582794868946075,0.916613658381441,4,0.370852038264275
111,0.582794868946075,0.504556874499246,4,0.370852038264275
124,0.582794868946075,0.944692494705488,4,0.370852038264275
129,0.582794868946075,0.953977771702694,4,0.370852038264275
136,0.582794868946075,0.924942424039274,4,0.370852038264275
139,0.582794868946075,0.930482086285867,4,0.370852038264275
142,0.582794868946075,0.745386657133756,4,0.370852038264275
151,0.582794868946075,0.957731442015187,4,0.370852038264275
157,0.582794868946075,0.963843479864823,4,0.370852038264275
163,0.582794868946075,0.987615129445168,4,0.370852038264275
172,0.582794868946075,0.947891829608801,4,0.370852038264275
200,0.582794868946075,0.96083539269153,4,0.370852038264275
201,0.582794868946075,0.978153817282932,4,0.370852038264275
213,0.582794868946075,0.981237960232293,4,0.370852038264275
216,0.582794868946075,0.873804779332745,4,0.370852038264275
233,0.582794868946075,0.906277942855865,4,0.370852038264275
237,0.582794868946075,0.718993605096909,4,0.370852038264275
250,0.582794868946075,0.960024760463379,4,0.370852038264275
251,0.582794868946075,0.971011622236449,4,0.370852038264275
255,0.582794868946075,0.994951517318787,4,0.370852038264275
257,0.582794868946075,0.983829363671814,4,0.370852038264275
266,0.582794868946075,0.967425504116726,4,0.370852038264275
275,0.582794868946075,0.932923036395316,4,0.370852038264275
279,0.582794868946075,0.967876666348044,4,0.370852038264275
280,0.582794868946075,0.973537370969465,4,0.370852038264275
284,0.582794868946075,0.944385792045493,4,0.370852038264275
286,0.582794868946075,0.909891406429039,4,0.370852038264275
287,0.582794868946075,0.651229282258472,4,0.370852038264275
303,0.582794868946075,0.911253928738022,4,0.370852038264275
304,0.582794868946075,0.975335119543548,4,0.370852038264275
306,0.582794868946075,0.965589232250988,4,0.370852038264275
309,0.582794868946075,0.972094838451538,4,0.370852038264275
5,0.618118674059709,0.732655314265573,4,0.370852038264275
9,0.618118674059709,0.315164992521691,4,0.370852038264275
15,0.618118674059709,0.955602552811114,4,0.370852038264275
24,0.618118674059709,0.743745018017046,4,0.370852038264275
33,0.618118674059709,0.897517025065163,4,0.370852038264275
40,0.618118674059709,0.773328588134671,4,0.370852038264275
45,0.618118674059709,0.98630175969997,4,0.370852038264275
62,0.618118674059709,0.781337473315259,4,0.370852038264275
65,0.618118674059709,0.945375644404442,4,0.370852038264275
71,0.618118674059709,0.87390211100719,4,0.370852038264275
82,0.618118674059709,0.968667498615515,4,0.370852038264275
99,0.618118674059709,0.91107202777138,4,0.370852038264275
101,0.618118674059709,0.981374479362816,4,0.370852038264275
104,0.618118674059709,0.894645031264168,4,0.370852038264275
111,0.618118674059709,0.431172819825731,4,0.370852038264275
124,0.618118674059709,0.932111140765254,4,0.370852038264275
129,0.618118674059709,0.945378510771087,4,0.370852038264275
136,0.618118674059709,0.908173809068976,4,0.370852038264275
139,0.618118674059709,0.913703219037763,4,0.370852038264275
142,0.618118674059709,0.690435756740871,4,0.370852038264275
151,0.618118674059709,0.949192079022213,4,0.370852038264275
157,0.618118674059709,0.956317785188299,4,0.370852038264275
163,0.618118674059709,0.985226367192842,4,0.370852038264275
172,0.618118674059709,0.937474951071417,4,0.370852038264275
200,0.618118674059709,0.953662837094121,4,0.370852038264275
201,0.618118674059709,0.972992060073608,4,0.370852038264275
213,0.618118674059709,0.977201434963993,4,0.370852038264275
216,0.618118674059709,0.842477722744286,4,0.370852038264275
233,0.618118674059709,0.884232016648879,4,0.370852038264275
237,0.618118674059709,0.669008471163395,4,0.370852038264275
250,0.618118674059709,0.950267216926496,4,0.370852038264275
251,0.618118674059709,0.965060611559081,4,0.370852038264275
255,0.618118674059709,0.993998969936082,4,0.370852038264275
257,0.618118674059709,0.980778638944753,4,0.370852038264275
266,0.618118674059709,0.960743178003476,4,0.370852038264275
275,0.618118674059709,0.918860136388866,4,0.370852038264275
279,0.618118674059709,0.961495784237035,4,0.370852038264275
280,0.618118674059709,0.968627206436829,4,0.370852038264275
284,0.618118674059709,0.932904149632229,4,0.370852038264275
286,0.618118674059709,0.891039620966056,4,0.370852038264275
287,0.618118674059709,0.602141798530755,4,0.370852038264275
303,0.618118674059709,0.894607962291862,4,0.370852038264275
304,0.618118674059709,0.969107244124096,4,0.370852038264275
306,0.618118674059709,0.958602969599601,4,0.370852038264275
309,0.618118674059709,0.966288097819482,4,0.370852038264275
5,0.653442479173342,0.681199998539855,4,0.370852038264275
9,0.653442479173342,0.245650548401893,4,0.370852038264275
15,0.653442479173342,0.948346796461176,4,0.370852038264275
24,0.653442479173342,0.695870589262663,4,0.370852038264275
33,0.653442479173342,0.875803761605175,4,0.370852038264275
40,0.653442479173342,0.723888946721329,4,0.370852038264275
45,0.653442479173342,0.983854753270139,4,0.370852038264275
62,0.653442479173342,0.743705580741789,4,0.370852038264275
65,0.653442479173342,0.934324608031287,4,0.370852038264275
71,0.653442479173342,0.850012052899728,4,0.370852038264275
82,0.653442479173342,0.965035492627279,4,0.370852038264275
99,0.653442479173342,0.893714254886887,4,0.370852038264275
101,0.653442479173342,0.978443010236147,4,0.370852038264275
104,0.653442479173342,0.869608832219586,4,0.370852038264275
111,0.653442479173342,0.36537360991636,4,0.370852038264275
124,0.653442479173342,0.918348943388045,4,0.370852038264275
129,0.653442479173342,0.936400842480338,4,0.370852038264275
136,0.653442479173342,0.891237196936121,4,0.370852038264275
139,0.653442479173342,0.896085487620372,4,0.370852038264275
142,0.653442479173342,0.634229323532333,4,0.370852038264275
151,0.653442479173342,0.940007574511844,4,0.370852038264275
157,0.653442479173342,0.948267488810528,4,0.370852038264275
163,0.653442479173342,0.982717232468164,4,0.370852038264275
172,0.653442479173342,0.927058660100714,4,0.370852038264275
200,0.653442479173342,0.94680470449562,4,0.370852038264275
201,0.653442479173342,0.967397590988057,4,0.370852038264275
213,0.653442479173342,0.97282205317452,4,0.370852038264275
216,0.653442479173342,0.809188679527005,4,0.370852038264275
233,0.653442479173342,0.860812618244489,4,0.370852038264275
237,0.653442479173342,0.620145235056586,4,0.370852038264275
250,0.653442479173342,0.939521974636758,4,0.370852038264275
251,0.653442479173342,0.958711375767282,4,0.370852038264275
255,0.653442479173342,0.993091220345594,4,0.370852038264275
257,0.653442479173342,0.977591889266028,4,0.370852038264275
266,0.653442479173342,0.953912014613239,4,0.370852038264275
275,0.653442479173342,0.904933250643475,4,0.370852038264275
279,0.653442479173342,0.954757583085155,4,0.370852038264275
280,0.653442479173342,0.963929504498125,4,0.370852038264275
284,0.653442479173342,0.921256857759782,4,0.370852038264275
286,0.653442479173342,0.870981706163746,4,0.370852038264275
287,0.653442479173342,0.556291100457867,4,0.370852038264275
303,0.653442479173342,0.877396483984967,4,0.370852038264275
304,0.653442479173342,0.962031707707615,4,0.370852038264275
306,0.653442479173342,0.951188237644457,4,0.370852038264275
309,0.653442479173342,0.960070172534717,4,0.370852038264275
5,0.688766284286976,0.627591670624255,4,0.370852038264275
9,0.688766284286976,0.186131710056112,4,0.370852038264275
15,0.688766284286976,0.940979086100536,4,0.370852038264275
24,0.688766284286976,0.646533873987117,4,0.370852038264275
33,0.688766284286976,0.851507099961524,4,0.370852038264275
40,0.688766284286976,0.669565382317088,4,0.370852038264275
45,0.688766284286976,0.981280757585162,4,0.370852038264275
62,0.688766284286976,0.706438584574708,4,0.370852038264275
65,0.688766284286976,0.922195568383504,4,0.370852038264275
71,0.688766284286976,0.824640653661801,4,0.370852038264275
82,0.688766284286976,0.961947466934006,4,0.370852038264275
99,0.688766284286976,0.875265752122995,4,0.370852038264275
101,0.688766284286976,0.975561687724641,4,0.370852038264275
104,0.688766284286976,0.841481208773772,4,0.370852038264275
111,0.688766284286976,0.308106111869103,4,0.370852038264275
124,0.688766284286976,0.903332193341409,4,0.370852038264275
129,0.688766284286976,0.927030631082086,4,0.370852038264275
136,0.688766284286976,0.873103614088499,4,0.370852038264275
139,0.688766284286976,0.876347866685066,4,0.370852038264275
142,0.688766284286976,0.577494224126774,4,0.370852038264275
151,0.688766284286976,0.929895790422335,4,0.370852038264275
157,0.688766284286976,0.939544385464275,4,0.370852038264275
163,0.688766284286976,0.98007608548765,4,0.370852038264275
172,0.688766284286976,0.916352887550656,4,0.370852038264275
200,0.688766284286976,0.939792190033292,4,0.370852038264275
201,0.688766284286976,0.961259660597026,4,0.370852038264275
213,0.688766284286976,0.968061206203245,4,0.370852038264275
216,0.688766284286976,0.772979669892308,4,0.370852038264275
233,0.688766284286976,0.836495667355711,4,0.370852038264275
237,0.688766284286976,0.573026670471877,4,0.370852038264275
250,0.688766284286976,0.927532689516436,4,0.370852038264275
251,0.688766284286976,0.951932857836229,4,0.370852038264275
255,0.688766284286976,0.992157256614272,4,0.370852038264275
257,0.688766284286976,0.974254899165471,4,0.370852038264275
266,0.688766284286976,0.946375485879323,4,0.370852038264275
275,0.688766284286976,0.889807193009799,4,0.370852038264275
279,0.688766284286976,0.947690370630347,4,0.370852038264275
280,0.688766284286976,0.959124528331803,4,0.370852038264275
284,0.688766284286976,0.908954482207509,4,0.370852038264275
286,0.688766284286976,0.849702324435204,4,0.370852038264275
287,0.688766284286976,0.513740632209241,4,0.370852038264275
303,0.688766284286976,0.859617538587493,4,0.370852038264275
304,0.688766284286976,0.95399722074653,4,0.370852038264275
306,0.688766284286976,0.943316913632234,4,0.370852038264275
309,0.688766284286976,0.953578715394087,4,0.370852038264275
5,0.724090089400609,0.571964946619156,4,0.370852038264275
9,0.724090089400609,0.142460589778608,4,0.370852038264275
15,0.724090089400609,0.933179291882071,4,0.370852038264275
24,0.724090089400609,0.597246504742148,4,0.370852038264275
33,0.724090089400609,0.826682402747676,4,0.370852038264275
40,0.724090089400609,0.61183419112518,4,0.370852038264275
45,0.724090089400609,0.978499730692708,4,0.370852038264275
62,0.724090089400609,0.667536280922478,4,0.370852038264275
65,0.724090089400609,0.909099724652977,4,0.370852038264275
71,0.724090089400609,0.797651022210746,4,0.370852038264275
82,0.724090089400609,0.958592518160664,4,0.370852038264275
99,0.724090089400609,0.855210212365614,4,0.370852038264275
101,0.724090089400609,0.97249454231617,4,0.370852038264275
104,0.724090089400609,0.809928374764161,4,0.370852038264275
111,0.724090089400609,0.256576563205052,4,0.370852038264275
124,0.724090089400609,0.886999823218504,4,0.370852038264275
129,0.724090089400609,0.91715673193515,4,0.370852038264275
136,0.724090089400609,0.854092037228218,4,0.370852038264275
139,0.724090089400609,0.855110365048463,4,0.370852038264275
142,0.724090089400609,0.522102179765249,4,0.370852038264275
151,0.724090089400609,0.919491676453115,4,0.370852038264275
157,0.724090089400609,0.930445343302484,4,0.370852038264275
163,0.724090089400609,0.977290598101414,4,0.370852038264275
172,0.724090089400609,0.904994529853891,4,0.370852038264275
200,0.724090089400609,0.932730030431493,4,0.370852038264275
201,0.724090089400609,0.954304902556187,4,0.370852038264275
213,0.724090089400609,0.962876753051005,4,0.370852038264275
216,0.724090089400609,0.733457400007077,4,0.370852038264275
233,0.724090089400609,0.811778106558244,4,0.370852038264275
237,0.724090089400609,0.5281208824604,4,0.370852038264275
250,0.724090089400609,0.914179552456279,4,0.370852038264275
251,0.724090089400609,0.944694499806449,4,0.370852038264275
255,0.724090089400609,0.991107410708495,4,0.370852038264275
257,0.724090089400609,0.970752711039969,4,0.370852038264275
266,0.724090089400609,0.938355975800323,4,0.370852038264275
275,0.724090089400609,0.872884573489698,4,0.370852038264275
279,0.724090089400609,0.940159843996479,4,0.370852038264275
280,0.724090089400609,0.954204043880625,4,0.370852038264275
284,0.724090089400609,0.895968141792393,4,0.370852038264275
286,0.724090089400609,0.827205303519554,4,0.370852038264275
287,0.724090089400609,0.475909329209354,4,0.370852038264275
303,0.724090089400609,0.841276499660807,4,0.370852038264275
304,0.724090089400609,0.944887519622476,4,0.370852038264275
306,0.724090089400609,0.934961037693385,4,0.370852038264275
309,0.724090089400609,0.946450872807515,4,0.370852038264275
5,0.759413894514243,0.517018462029447,4,0.370852038264275
9,0.759413894514243,0.106292903418383,4,0.370852038264275
15,0.759413894514243,0.925075428277148,4,0.370852038264275
24,0.759413894514243,0.54766084035449,4,0.370852038264275
33,0.759413894514243,0.798882885808212,4,0.370852038264275
40,0.759413894514243,0.552633520173405,4,0.370852038264275
45,0.759413894514243,0.975524235395917,4,0.370852038264275
62,0.759413894514243,0.630286536852723,4,0.370852038264275
65,0.759413894514243,0.894865463079626,4,0.370852038264275
71,0.759413894514243,0.769790476014306,4,0.370852038264275
82,0.759413894514243,0.955133448475304,4,0.370852038264275
99,0.759413894514243,0.834153942216256,4,0.370852038264275
101,0.759413894514243,0.969685535139816,4,0.370852038264275
104,0.759413894514243,0.775150318735093,4,0.370852038264275
111,0.759413894514243,0.211719848752561,4,0.370852038264275
124,0.759413894514243,0.869309446203979,4,0.370852038264275
129,0.759413894514243,0.907193817215293,4,0.370852038264275
136,0.759413894514243,0.833466119013593,4,0.370852038264275
139,0.759413894514243,0.831067501625184,4,0.370852038264275
142,0.759413894514243,0.468939424920387,4,0.370852038264275
151,0.759413894514243,0.908771787228334,4,0.370852038264275
157,0.759413894514243,0.920555627561799,4,0.370852038264275
163,0.759413894514243,0.974347774454492,4,0.370852038264275
172,0.759413894514243,0.892608601427058,4,0.370852038264275
200,0.759413894514243,0.924969524849096,4,0.370852038264275
201,0.759413894514243,0.946274007970111,4,0.370852038264275
213,0.759413894514243,0.957223135654966,4,0.370852038264275
216,0.759413894514243,0.691035369789159,4,0.370852038264275
233,0.759413894514243,0.787041487561108,4,0.370852038264275
237,0.759413894514243,0.485732611503376,4,0.370852038264275
250,0.759413894514243,0.8993473007161,4,0.370852038264275
251,0.759413894514243,0.936967269514937,4,0.370852038264275
255,0.759413894514243,0.990106633494433,4,0.370852038264275
257,0.759413894514243,0.967069758197073,4,0.370852038264275
266,0.759413894514243,0.929820395195218,4,0.370852038264275
275,0.759413894514243,0.856411425966197,4,0.370852038264275
279,0.759413894514243,0.932059186955478,4,0.370852038264275
280,0.759413894514243,0.948595249860026,4,0.370852038264275
284,0.759413894514243,0.881862099464658,4,0.370852038264275
286,0.759413894514243,0.803517884653212,4,0.370852038264275
287,0.759413894514243,0.439769917908154,4,0.370852038264275
303,0.759413894514243,0.82238727230208,4,0.370852038264275
304,0.759413894514243,0.93458658751091,4,0.370852038264275
306,0.759413894514243,0.92609346574664,4,0.370852038264275
309,0.759413894514243,0.939021732432553,4,0.370852038264275
5,0.794737699627876,0.462812643248688,4,0.370852038264275
9,0.794737699627876,0.0791935650530472,4,0.370852038264275
15,0.794737699627876,0.916896599903967,4,0.370852038264275
24,0.794737699627876,0.498761516120831,4,0.370852038264275
33,0.794737699627876,0.769289904387234,4,0.370852038264275
40,0.794737699627876,0.492588651265555,4,0.370852038264275
45,0.794737699627876,0.972441870678551,4,0.370852038264275
62,0.794737699627876,0.593084659426148,4,0.370852038264275
65,0.794737699627876,0.879308599816895,4,0.370852038264275
71,0.794737699627876,0.741263302867495,4,0.370852038264275
82,0.794737699627876,0.951839506459922,4,0.370852038264275
99,0.794737699627876,0.811317169101963,4,0.370852038264275
101,0.794737699627876,0.966427029161773,4,0.370852038264275
104,0.794737699627876,0.737313647841564,4,0.370852038264275
111,0.794737699627876,0.174183507595026,4,0.370852038264275
124,0.794737699627876,0.850243931694843,4,0.370852038264275
129,0.794737699627876,0.89710319887817,4,0.370852038264275
136,0.794737699627876,0.810404132686985,4,0.370852038264275
139,0.794737699627876,0.806229041762401,4,0.370852038264275
142,0.794737699627876,0.418496920298168,4,0.370852038264275
151,0.794737699627876,0.897050178179734,4,0.370852038264275
157,0.794737699627876,0.91000072614661,4,0.370852038264275
163,0.794737699627876,0.971233998950443,4,0.370852038264275
172,0.794737699627876,0.880110569784997,4,0.370852038264275
200,0.794737699627876,0.917550008205688,4,0.370852038264275
201,0.794737699627876,0.937606613629751,4,0.370852038264275
213,0.794737699627876,0.951051714944233,4,0.370852038264275
216,0.794737699627876,0.644982569123105,4,0.370852038264275
233,0.794737699627876,0.762460192485769,4,0.370852038264275
237,0.794737699627876,0.446048756051634,4,0.370852038264275
250,0.794737699627876,0.882932738023309,4,0.370852038264275
251,0.794737699627876,0.928724966293476,4,0.370852038264275
255,0.794737699627876,0.989096200476239,4,0.370852038264275
257,0.794737699627876,0.963134532111339,4,0.370852038264275
266,0.794737699627876,0.920492933561847,4,0.370852038264275
275,0.794737699627876,0.83907319765197,4,0.370852038264275
279,0.794737699627876,0.923618885854897,4,0.370852038264275
280,0.794737699627876,0.943393232416022,4,0.370852038264275
284,0.794737699627876,0.867428436733685,4,0.370852038264275
286,0.794737699627876,0.778694831154955,4,0.370852038264275
287,0.794737699627876,0.406668073334057,4,0.370852038264275
303,0.794737699627876,0.802973430926575,4,0.370852038264275
304,0.794737699627876,0.922986551115732,4,0.370852038264275
306,0.794737699627876,0.916688688243235,4,0.370852038264275
309,0.794737699627876,0.931006466993561,4,0.370852038264275
5,0.83006150474151,0.410587606877881,4,0.370852038264275
9,0.83006150474151,0.0587829970387737,4,0.370852038264275
15,0.83006150474151,0.908137709403966,4,0.370852038264275
24,0.83006150474151,0.452116049705775,4,0.370852038264275
33,0.83006150474151,0.73743781980741,4,0.370852038264275
40,0.83006150474151,0.434231811328138,4,0.370852038264275
45,0.83006150474151,0.969021688073963,4,0.370852038264275
62,0.83006150474151,0.554541505028511,4,0.370852038264275
65,0.83006150474151,0.862558512253824,4,0.370852038264275
71,0.83006150474151,0.712267053915558,4,0.370852038264275
82,0.83006150474151,0.948765023941417,4,0.370852038264275
99,0.83006150474151,0.787063618181359,4,0.370852038264275
101,0.83006150474151,0.963148220192053,4,0.370852038264275
104,0.83006150474151,0.696727755904418,4,0.370852038264275
111,0.83006150474151,0.142182082614909,4,0.370852038264275
124,0.83006150474151,0.829817948391542,4,0.370852038264275
129,0.83006150474151,0.886321419589335,4,0.370852038264275
136,0.83006150474151,0.787295274270835,4,0.370852038264275
139,0.83006150474151,0.779385673298478,4,0.370852038264275
142,0.83006150474151,0.372168792865916,4,0.370852038264275
151,0.83006150474151,0.884623133743546,4,0.370852038264275
157,0.83006150474151,0.898717173373768,4,0.370852038264275
163,0.83006150474151,0.9679351197457,4,0.370852038264275
172,0.83006150474151,0.867281652602379,4,0.370852038264275
200,0.83006150474151,0.909968726761052,4,0.370852038264275
201,0.83006150474151,0.927975141056856,4,0.370852038264275
213,0.83006150474151,0.944311414015842,4,0.370852038264275
216,0.83006150474151,0.597963787030858,4,0.370852038264275
233,0.83006150474151,0.738017238634906,4,0.370852038264275
237,0.83006150474151,0.409296946963285,4,0.370852038264275
250,0.83006150474151,0.864854258697219,4,0.370852038264275
251,0.83006150474151,0.919945823820281,4,0.370852038264275
255,0.83006150474151,0.988019605217789,4,0.370852038264275
257,0.83006150474151,0.959039750509605,4,0.370852038264275
266,0.83006150474151,0.910812369373699,4,0.370852038264275
275,0.83006150474151,0.821162811324104,4,0.370852038264275
279,0.83006150474151,0.914688248793446,4,0.370852038264275
280,0.83006150474151,0.938049933124472,4,0.370852038264275
284,0.83006150474151,0.851804190461161,4,0.370852038264275
286,0.83006150474151,0.752821973300999,4,0.370852038264275
287,0.83006150474151,0.376418174434178,4,0.370852038264275
303,0.83006150474151,0.783069198727555,4,0.370852038264275
304,0.83006150474151,0.909998595421261,4,0.370852038264275
306,0.83006150474151,0.90672383018338,4,0.370852038264275
309,0.83006150474151,0.922335575111415,4,0.370852038264275
5,0.865385309855143,0.360965754789792,4,0.370852038264275
9,0.865385309855143,0.0436846748648728,4,0.370852038264275
15,0.865385309855143,0.899018947054488,4,0.370852038264275
24,0.865385309855143,0.407383792292602,4,0.370852038264275
33,0.865385309855143,0.703899515272889,4,0.370852038264275
40,0.865385309855143,0.37782566741769,4,0.370852038264275
45,0.865385309855143,0.965365054795258,4,0.370852038264275
62,0.865385309855143,0.517911098372084,4,0.370852038264275
65,0.865385309855143,0.844258122737396,4,0.370852038264275
71,0.865385309855143,0.682534541590706,4,0.370852038264275
82,0.865385309855143,0.94576839060113,4,0.370852038264275
99,0.865385309855143,0.761479090317692,4,0.370852038264275
101,0.865385309855143,0.959776009277557,4,0.370852038264275
104,0.865385309855143,0.654094833662981,4,0.370852038264275
111,0.865385309855143,0.116041059021866,4,0.370852038264275
124,0.865385309855143,0.808083648811374,4,0.370852038264275
129,0.865385309855143,0.875147017799676,4,0.370852038264275
136,0.865385309855143,0.762913965861599,4,0.370852038264275
139,0.865385309855143,0.750927169561116,4,0.370852038264275
142,0.865385309855143,0.329345106281964,4,0.370852038264275
151,0.865385309855143,0.871472529628064,4,0.370852038264275
157,0.865385309855143,0.886666086740231,4,0.370852038264275
163,0.865385309855143,0.964436577236744,4,0.370852038264275
172,0.865385309855143,0.853920671968589,4,0.370852038264275
200,0.865385309855143,0.902215672664078,4,0.370852038264275
201,0.865385309855143,0.917321891060566,4,0.370852038264275
213,0.865385309855143,0.936949771794364,4,0.370852038264275
216,0.865385309855143,0.549597850802552,4,0.370852038264275
233,0.865385309855143,0.713605163802265,4,0.370852038264275
237,0.865385309855143,0.375330252183607,4,0.370852038264275
250,0.865385309855143,0.845062897138565,4,0.370852038264275
251,0.865385309855143,0.910614402870944,4,0.370852038264275
255,0.865385309855143,0.986898290340775,4,0.370852038264275
257,0.865385309855143,0.954716441798773,4,0.370852038264275
266,0.865385309855143,0.900825077376428,4,0.370852038264275
275,0.865385309855143,0.802079372642096,4,0.370852038264275
279,0.865385309855143,0.905244773176357,4,0.370852038264275
280,0.865385309855143,0.932556322484901,4,0.370852038264275
284,0.865385309855143,0.835917447122213,4,0.370852038264275
286,0.865385309855143,0.726018642649223,4,0.370852038264275
287,0.865385309855143,0.346892218165456,4,0.370852038264275
303,0.865385309855143,0.762720155323926,4,0.370852038264275
304,0.865385309855143,0.895566710350419,4,0.370852038264275
306,0.865385309855143,0.896179838561008,4,0.370852038264275
309,0.865385309855143,0.91290228523534,4,0.370852038264275
5,0.900709114968777,0.314707121898516,4,0.370852038264275
9,0.900709114968777,0.0325210167954749,4,0.370852038264275
15,0.900709114968777,0.889523123536256,4,0.370852038264275
24,0.900709114968777,0.365348114589257,4,0.370852038264275
33,0.900709114968777,0.669933651340365,4,0.370852038264275
40,0.900709114968777,0.325209001480519,4,0.370852038264275
45,0.900709114968777,0.961405490821942,4,0.370852038264275
62,0.900709114968777,0.482395465407526,4,0.370852038264275
65,0.900709114968777,0.824516271227283,4,0.370852038264275
71,0.900709114968777,0.652873241912039,4,0.370852038264275
82,0.900709114968777,0.94284115291397,4,0.370852038264275
99,0.900709114968777,0.734666705458517,4,0.370852038264275
101,0.900709114968777,0.95630277277106,4,0.370852038264275
104,0.900709114968777,0.610220939073713,4,0.370852038264275
111,0.900709114968777,0.094471015040832,4,0.370852038264275
124,0.900709114968777,0.785134470567323,4,0.370852038264275
129,0.900709114968777,0.863576322940453,4,0.370852038264275
136,0.900709114968777,0.737441594819202,4,0.370852038264275
139,0.900709114968777,0.721118390172101,4,0.370852038264275
142,0.900709114968777,0.290205259143707,4,0.370852038264275
151,0.900709114968777,0.857588553675226,4,0.370852038264275
157,0.900709114968777,0.87381189740054,4,0.370852038264275
163,0.900709114968777,0.960701619931766,4,0.370852038264275
172,0.900709114968777,0.840087982868932,4,0.370852038264275
200,0.900709114968777,0.894281390171861,4,0.370852038264275
201,0.900709114968777,0.90561615375583,4,0.370852038264275
213,0.900709114968777,0.928914522708469,4,0.370852038264275
216,0.900709114968777,0.50069201046799,4,0.370852038264275
233,0.900709114968777,0.689135736733236,4,0.370852038264275
237,0.900709114968777,0.344255993133268,4,0.370852038264275
250,0.900709114968777,0.823553682192744,4,0.370852038264275
251,0.900709114968777,0.900723725849939,4,0.370852038264275
255,0.900709114968777,0.985623636453256,4,0.370852038264275
257,0.900709114968777,0.950149703929018,4,0.370852038264275
266,0.900709114968777,0.889883790918521,4,0.370852038264275
275,0.900709114968777,0.7806906466924,4,0.370852038264275
279,0.900709114968777,0.895269611986267,4,0.370852038264275
280,0.900709114968777,0.926903221230903,4,0.370852038264275
284,0.900709114968777,0.819340717046075,4,0.370852038264275
286,0.900709114968777,0.69843835630098,4,0.370852038264275
287,0.900709114968777,0.321782916854205,4,0.370852038264275
303,0.900709114968777,0.741983545936602,4,0.370852038264275
304,0.900709114968777,0.879683116175006,4,0.370852038264275
306,0.900709114968777,0.885042848125541,4,0.370852038264275
309,0.900709114968777,0.90277070447728,4,0.370852038264275
5,0.93603292008241,0.272230114816966,4,0.370852038264275
9,0.93603292008241,0.0242219260813045,4,0.370852038264275
15,0.93603292008241,0.879634353621644,4,0.370852038264275
24,0.93603292008241,0.325821626320746,4,0.370852038264275
33,0.93603292008241,0.633953731491123,4,0.370852038264275
40,0.93603292008241,0.277204021701334,4,0.370852038264275
45,0.93603292008241,0.957137652817698,4,0.370852038264275
62,0.93603292008241,0.448251761126722,4,0.370852038264275
65,0.93603292008241,0.803323567198626,4,0.370852038264275
71,0.93603292008241,0.623599105314965,4,0.370852038264275
82,0.93603292008241,0.939975593937399,4,0.370852038264275
99,0.93603292008241,0.706774416333042,4,0.370852038264275
101,0.93603292008241,0.952720555920063,4,0.370852038264275
104,0.93603292008241,0.566027898234635,4,0.370852038264275
111,0.93603292008241,0.0767480372147761,4,0.370852038264275
124,0.93603292008241,0.761105982398127,4,0.370852038264275
129,0.93603292008241,0.851609649505268,4,0.370852038264275
136,0.93603292008241,0.711018891245674,4,0.370852038264275
139,0.93603292008241,0.69029428631225,4,0.370852038264275
142,0.93603292008241,0.254652338361375,4,0.370852038264275
151,0.93603292008241,0.842971663363533,4,0.370852038264275
157,0.93603292008241,0.860124007216263,4,0.370852038264275
163,0.93603292008241,0.956758641750913,4,0.370852038264275
172,0.93603292008241,0.825806708250504,4,0.370852038264275
200,0.93603292008241,0.886157113375567,4,0.370852038264275
201,0.93603292008241,0.892865630155878,4,0.370852038264275
213,0.93603292008241,0.920155817915539,4,0.370852038264275
216,0.93603292008241,0.452127739687927,4,0.370852038264275
233,0.93603292008241,0.664605204716733,4,0.370852038264275
237,0.93603292008241,0.315996134686981,4,0.370852038264275
250,0.93603292008241,0.800375171138507,4,0.370852038264275
251,0.93603292008241,0.89027754554725,4,0.370852038264275
255,0.93603292008241,0.984394388591041,4,0.370852038264275
257,0.93603292008241,0.945326186578819,4,0.370852038264275
266,0.93603292008241,0.878254366164695,4,0.370852038264275
275,0.93603292008241,0.759863215152228,4,0.370852038264275
279,0.93603292008241,0.884900523956376,4,0.370852038264275
280,0.93603292008241,0.921081336299417,4,0.370852038264275
284,0.93603292008241,0.80211498363362,4,0.370852038264275
286,0.93603292008241,0.670267090783923,4,0.370852038264275
287,0.93603292008241,0.29888403896144,4,0.370852038264275
303,0.93603292008241,0.720928065238899,4,0.370852038264275
304,0.93603292008241,0.862402798576262,4,0.370852038264275
306,0.93603292008241,0.873305693436701,4,0.370852038264275
309,0.93603292008241,0.89210526255398,4,0.370852038264275
5,0.971356725196044,0.233747974827252,4,0.370852038264275
9,0.971356725196044,0.0180679166865118,4,0.370852038264275
15,0.971356725196044,0.869338542554437,4,0.370852038264275
24,0.971356725196044,0.289125312366979,4,0.370852038264275
33,0.971356725196044,0.59729092578889,4,0.370852038264275
40,0.971356725196044,0.234255369625976,4,0.370852038264275
45,0.971356725196044,0.952551822407634,4,0.370852038264275
62,0.971356725196044,0.41567647679588,4,0.370852038264275
65,0.971356725196044,0.780553540626194,4,0.370852038264275
71,0.971356725196044,0.594979937463923,4,0.370852038264275
82,0.971356725196044,0.936996651201471,4,0.370852038264275
99,0.971356725196044,0.677994732280918,4,0.370852038264275
101,0.971356725196044,0.949021071089549,4,0.370852038264275
104,0.971356725196044,0.522454892545816,4,0.370852038264275
111,0.971356725196044,0.0625465139904567,4,0.370852038264275
124,0.971356725196044,0.736172906194836,4,0.370852038264275
129,0.971356725196044,0.839186970722556,4,0.370852038264275
136,0.971356725196044,0.683829541380589,4,0.370852038264275
139,0.971356725196044,0.658493292835273,4,0.370852038264275
142,0.971356725196044,0.222548229574654,4,0.370852038264275
151,0.971356725196044,0.82739460063582,4,0.370852038264275
157,0.971356725196044,0.845459303261622,4,0.370852038264275
163,0.971356725196044,0.952572072389344,4,0.370852038264275
172,0.971356725196044,0.811105931536286,4,0.370852038264275
200,0.971356725196044,0.8779048667048,4,0.370852038264275
201,0.971356725196044,0.879192090150292,4,0.370852038264275
213,0.971356725196044,0.910629180190543,4,0.370852038264275
216,0.971356725196044,0.404920412890886,4,0.370852038264275
233,0.971356725196044,0.640102663358345,4,0.370852038264275
237,0.971356725196044,0.29040879530395,4,0.370852038264275
250,0.971356725196044,0.775484004405382,4,0.370852038264275
251,0.971356725196044,0.879292561811992,4,0.370852038264275
255,0.971356725196044,0.983105507740236,4,0.370852038264275
257,0.971356725196044,0.940234944314491,4,0.370852038264275
266,0.971356725196044,0.865905483687164,4,0.370852038264275
275,0.971356725196044,0.738249757218555,4,0.370852038264275
279,0.971356725196044,0.873746464926438,4,0.370852038264275
280,0.971356725196044,0.91508130666645,4,0.370852038264275
284,0.971356725196044,0.784298571040373,4,0.370852038264275
286,0.971356725196044,0.641718588544229,4,0.370852038264275
287,0.971356725196044,0.277992404791629,4,0.370852038264275
303,0.971356725196044,0.69963300859167,4,0.370852038264275
304,0.971356725196044,0.843852979993467,4,0.370852038264275
306,0.971356725196044,0.860969503762031,4,0.370852038264275
309,0.971356725196044,0.880681644221903,4,0.370852038264275
5,1.00668053030968,0.199306795058246,4,0.370852038264275
9,1.00668053030968,0.0133757559053498,4,0.370852038264275
15,1.00668053030968,0.85880569865254,4,0.370852038264275
24,1.00668053030968,0.255590833042139,4,0.370852038264275
33,1.00668053030968,0.559894988521394,4,0.370852038264275
40,1.00668053030968,0.196488449009249,4,0.370852038264275
45,1.00668053030968,0.947584915160794,4,0.370852038264275
62,1.00668053030968,0.384070336801819,4,0.370852038264275
65,1.00668053030968,0.756636880307322,4,0.370852038264275
71,1.00668053030968,0.567018405442373,4,0.370852038264275
82,1.00668053030968,0.933978491627091,4,0.370852038264275
99,1.00668053030968,0.648782895832647,4,0.370852038264275
101,1.00668053030968,0.94533341592618,4,0.370852038264275
104,1.00668053030968,0.480427215255494,4,0.370852038264275
111,1.00668053030968,0.0506339386939382,4,0.370852038264275
124,1.00668053030968,0.710541979142529,4,0.370852038264275
129,1.00668053030968,0.826446481861983,4,0.370852038264275
136,1.00668053030968,0.656567773037796,4,0.370852038264275
139,1.00668053030968,0.625939740995285,4,0.370852038264275
142,1.00668053030968,0.193608676266025,4,0.370852038264275
151,1.00668053030968,0.811359093014804,4,0.370852038264275
157,1.00668053030968,0.830038760994492,4,0.370852038264275
163,1.00668053030968,0.948128276222014,4,0.370852038264275
172,1.00668053030968,0.795652541775853,4,0.370852038264275
200,1.00668053030968,0.868795798395736,4,0.370852038264275
201,1.00668053030968,0.864576833132899,4,0.370852038264275
213,1.00668053030968,0.900299222481985,4,0.370852038264275
216,1.00668053030968,0.359581825544183,4,0.370852038264275
233,1.00668053030968,0.615782828176126,4,0.370852038264275
237,1.00668053030968,0.26730399054452,4,0.370852038264275
250,1.00668053030968,0.7493428122669,4,0.370852038264275
251,1.00668053030968,0.867800306159787,4,0.370852038264275
255,1.00668053030968,0.981751236898054,4,0.370852038264275
257,1.00668053030968,0.934868439628422,4,0.370852038264275
266,1.00668053030968,0.852809165226077,4,0.370852038264275
275,1.00668053030968,0.715917328335717,4,0.370852038264275
279,1.00668053030968,0.862121367032937,4,0.370852038264275
280,1.00668053030968,0.908893760533811,4,0.370852038264275
284,1.00668053030968,0.765407940731734,4,0.370852038264275
286,1.00668053030968,0.613026418451475,4,0.370852038264275
287,1.00668053030968,0.258921267247362,4,0.370852038264275
303,1.00668053030968,0.678186728301179,4,0.370852038264275
304,1.00668053030968,0.824232258241205,4,0.370852038264275
306,1.00668053030968,0.848045277731754,4,0.370852038264275
309,1.00668053030968,0.868471148108787,4,0.370852038264275
5,1.04200433542331,0.168611887024666,4,0.370852038264275
9,1.04200433542331,0.00983686891219249,4,0.370852038264275
15,1.04200433542331,0.847739853085885,4,0.370852038264275
24,1.04200433542331,0.22444811591241,4,0.370852038264275
33,1.04200433542331,0.523029989931312,4,0.370852038264275
40,1.04200433542331,0.163766588638778,4,0.370852038264275
45,1.04200433542331,0.942224481753883,4,0.370852038264275
62,1.04200433542331,0.355009926085338,4,0.370852038264275
65,1.04200433542331,0.731440962804803,4,0.370852038264275
71,1.04200433542331,0.540557095011695,4,0.370852038264275
82,1.04200433542331,0.931251664378123,4,0.370852038264275
99,1.04200433542331,0.619322742706105,4,0.370852038264275
101,1.04200433542331,0.941767587615749,4,0.370852038264275
104,1.04200433542331,0.440465087776701,4,0.370852038264275
111,1.04200433542331,0.040823780446208,4,0.370852038264275
124,1.04200433542331,0.684441211496277,4,0.370852038264275
129,1.04200433542331,0.813421535218045,4,0.370852038264275
136,1.04200433542331,0.627521516896209,4,0.370852038264275
139,1.04200433542331,0.594179761237307,4,0.370852038264275
142,1.04200433542331,0.167776909292845,4,0.370852038264275
151,1.04200433542331,0.794797853049854,4,0.370852038264275
157,1.04200433542331,0.813742881590585,4,0.370852038264275
163,1.04200433542331,0.943414884100684,4,0.370852038264275
172,1.04200433542331,0.780208130673878,4,0.370852038264275
200,1.04200433542331,0.860046255287685,4,0.370852038264275
201,1.04200433542331,0.849063841051798,4,0.370852038264275
213,1.04200433542331,0.889144041700808,4,0.370852038264275
216,1.04200433542331,0.31630454852677,4,0.370852038264275
233,1.04200433542331,0.591827443576263,4,0.370852038264275
237,1.04200433542331,0.246458464857347,4,0.370852038264275
250,1.04200433542331,0.722012161521362,4,0.370852038264275
251,1.04200433542331,0.855848318675557,4,0.370852038264275
255,1.04200433542331,0.980325373736162,4,0.370852038264275
257,1.04200433542331,0.929223663740605,4,0.370852038264275
266,1.04200433542331,0.838942160483071,4,0.370852038264275
275,1.04200433542331,0.692954110234007,4,0.370852038264275
279,1.04200433542331,0.849951450321805,4,0.370852038264275
280,1.04200433542331,0.902045161060872,4,0.370852038264275
284,1.04200433542331,0.74676922468578,4,0.370852038264275
286,1.04200433542331,0.584432992429908,4,0.370852038264275
287,1.04200433542331,0.242346309776513,4,0.370852038264275
303,1.04200433542331,0.656684404808618,4,0.370852038264275
304,1.04200433542331,0.803794689031378,4,0.370852038264275
306,1.04200433542331,0.834555289772439,4,0.370852038264275
309,1.04200433542331,0.855456055846632,4,0.370852038264275
5,1.07732814053694,0.141958420682481,4,0.370852038264275
9,1.07732814053694,0.00717550463118954,4,0.370852038264275
15,1.07732814053694,0.836170761197627,4,0.370852038264275
24,1.07732814053694,0.196461693169514,4,0.370852038264275
33,1.07732814053694,0.486617890041991,4,0.370852038264275
40,1.07732814053694,0.135745794730806,4,0.370852038264275
45,1.07732814053694,0.936440670213938,4,0.370852038264275
62,1.07732814053694,0.327774553270519,4,0.370852038264275
65,1.07732814053694,0.705197729283428,4,0.370852038264275
71,1.07732814053694,0.514935387526262,4,0.370852038264275
82,1.07732814053694,0.928562336243419,4,0.370852038264275
99,1.07732814053694,0.589377679421761,4,0.370852038264275
101,1.07732814053694,0.937679473128836,4,0.370852038264275
104,1.07732814053694,0.402974491030857,4,0.370852038264275
111,1.07732814053694,0.0329490603196616,4,0.370852038264275
124,1.07732814053694,0.658107263487458,4,0.370852038264275
129,1.07732814053694,0.799972001351083,4,0.370852038264275
136,1.07732814053694,0.599473680972391,4,0.370852038264275
139,1.07732814053694,0.562646315539174,4,0.370852038264275
142,1.07732814053694,0.144926208010321,4,0.370852038264275
151,1.07732814053694,0.777519983670029,4,0.370852038264275
157,1.07732814053694,0.796581599440154,4,0.370852038264275
163,1.07732814053694,0.938421377319064,4,0.370852038264275
172,1.07732814053694,0.764449259081747,4,0.370852038264275
200,1.07732814053694,0.851082726095717,4,0.370852038264275
201,1.07732814053694,0.833211004162032,4,0.370852038264275
213,1.07732814053694,0.87716001022945,4,0.370852038264275
216,1.07732814053694,0.276768519819093,4,0.370852038264275
233,1.07732814053694,0.568406081655383,4,0.370852038264275
237,1.07732814053694,0.227631677993865,4,0.370852038264275
250,1.07732814053694,0.693732770147708,4,0.370852038264275
251,1.07732814053694,0.843500169426847,4,0.370852038264275
255,1.07732814053694,0.978821246240708,4,0.370852038264275
257,1.07732814053694,0.923303307769662,4,0.370852038264275
266,1.07732814053694,0.824287538128617,4,0.370852038264275
275,1.07732814053694,0.669469463902616,4,0.370852038264275
279,1.07732814053694,0.837255128490814,4,0.370852038264275
280,1.07732814053694,0.895441774075592,4,0.370852038264275
284,1.07732814053694,0.727679359098111,4,0.370852038264275
286,1.07732814053694,0.556176393158118,4,0.370852038264275
287,1.07732814053694,0.226392392666323,4,0.370852038264275
303,1.07732814053694,0.635225237325595,4,0.370852038264275
304,1.07732814053694,0.782817425784531,4,0.370852038264275
306,1.07732814053694,0.820534136968297,4,0.370852038264275
309,1.07732814053694,0.841633049490267,4,0.370852038264275
5,1.11265194565058,0.118870213507558,4,0.370852038264275
9,1.11265194565058,0.00518744559548612,4,0.370852038264275
15,1.11265194565058,0.824168100956978,4,0.370852038264275
24,1.11265194565058,0.171326122244918,4,0.370852038264275
33,1.11265194565058,0.451008645249793,4,0.370852038264275
40,1.11265194565058,0.112172843466716,4,0.370852038264275
45,1.11265194565058,0.930203824184876,4,0.370852038264275
62,1.11265194565058,0.301705863234989,4,0.370852038264275
65,1.11265194565058,0.678141799884896,4,0.370852038264275
71,1.11265194565058,0.490452110839439,4,0.370852038264275
82,1.11265194565058,0.925905740636708,4,0.370852038264275
99,1.11265194565058,0.559593715015303,4,0.370852038264275
101,1.11265194565058,0.933437570323051,4,0.370852038264275
104,1.11265194565058,0.368170512327472,4,0.370852038264275
111,1.11265194565058,0.0265677006382025,4,0.370852038264275
124,1.11265194565058,0.631773759314096,4,0.370852038264275
129,1.11265194565058,0.786204039241698,4,0.370852038264275
136,1.11265194565058,0.571667737308222,4,0.370852038264275
139,1.11265194565058,0.53149990064821,4,0.370852038264275
142,1.11265194565058,0.124724974680132,4,0.370852038264275
151,1.11265194565058,0.759722036894353,4,0.370852038264275
157,1.11265194565058,0.778580246515363,4,0.370852038264275
163,1.11265194565058,0.933139737511414,4,0.370852038264275
172,1.11265194565058,0.748410043924141,4,0.370852038264275
200,1.11265194565058,0.841902719654512,4,0.370852038264275
201,1.11265194565058,0.817053536554323,4,0.370852038264275
213,1.11265194565058,0.864366428895093,4,0.370852038264275
216,1.11265194565058,0.240580536081796,4,0.370852038264275
233,1.11265194565058,0.545648513821479,4,0.370852038264275
237,1.11265194565058,0.210584007381567,4,0.370852038264275
250,1.11265194565058,0.664765733060357,4,0.370852038264275
251,1.11265194565058,0.830833867402991,4,0.370852038264275
255,1.11265194565058,0.97723169226324,4,0.370852038264275
257,1.11265194565058,0.91711687081912,4,0.370852038264275
266,1.11265194565058,0.808836454900928,4,0.370852038264275
275,1.11265194565058,0.645198753892502,4,0.370852038264275
279,1.11265194565058,0.824061116817125,4,0.370852038264275
280,1.11265194565058,0.888623843959993,4,0.370852038264275
284,1.11265194565058,0.708370119509047,4,0.370852038264275
286,1.11265194565058,0.528476570746349,4,0.370852038264275
287,1.11265194565058,0.211805270284282,4,0.370852038264275
303,1.11265194565058,0.613909260812647,4,0.370852038264275
304,1.11265194565058,0.761556865121453,4,0.370852038264275
306,1.11265194565058,0.806029205030059,4,0.370852038264275
309,1.11265194565058,0.827016403074378,4,0.370852038264275
5,1.14797575076421,0.0990657081481436,4,0.370852038264275
9,1.14797575076421,0.00371578419234286,4,0.370852038264275
15,1.14797575076421,0.811736568378132,4,0.370852038264275
24,1.14797575076421,0.148935331766275,4,0.370852038264275
33,1.14797575076421,0.416528570967452,4,0.370852038264275
40,1.14797575076421,0.092018507782184,4,0.370852038264275
45,1.14797575076421,0.92351020211421,4,0.370852038264275
62,1.14797575076421,0.278149998967975,4,0.370852038264275
65,1.14797575076421,0.650555729253037,4,0.370852038264275
71,1.14797575076421,0.467076835160773,4,0.370852038264275
82,1.14797575076421,0.923277607628431,4,0.370852038264275
99,1.14797575076421,0.530228609732238,4,0.370852038264275
101,1.14797575076421,0.929032145688681,4,0.370852038264275
104,1.14797575076421,0.336063203661519,4,0.370852038264275
111,1.14797575076421,0.0214070191762833,4,0.370852038264275
124,1.14797575076421,0.605663550213513,4,0.370852038264275
129,1.14797575076421,0.772149531633936,4,0.370852038264275
136,1.14797575076421,0.544347305646758,4,0.370852038264275
139,1.14797575076421,0.500869473707919,4,0.370852038264275
142,1.14797575076421,0.10693734569088,4,0.370852038264275
151,1.14797575076421,0.741491780077121,4,0.370852038264275
157,1.14797575076421,0.759781062149938,4,0.370852038264275
163,1.14797575076421,0.927565127228134,4,0.370852038264275
172,1.14797575076421,0.732123184277384,4,0.370852038264275
200,1.14797575076421,0.832505671152319,4,0.370852038264275
201,1.14797575076421,0.800788779215204,4,0.370852038264275
213,1.14797575076421,0.850809211783177,4,0.370852038264275
216,1.14797575076421,0.207825991247896,4,0.370852038264275
233,1.14797575076421,0.523636829477715,4,0.370852038264275
237,1.14797575076421,0.195093943840833,4,0.370852038264275
250,1.14797575076421,0.635390802877363,4,0.370852038264275
251,1.14797575076421,0.817938303722283,4,0.370852038264275
255,1.14797575076421,0.975549044851205,4,0.370852038264275
257,1.14797575076421,0.910681538007744,4,0.370852038264275
266,1.14797575076421,0.792590049259055,4,0.370852038264275
275,1.14797575076421,0.621076860242568,4,0.370852038264275
279,1.14797575076421,0.810408522454778,4,0.370852038264275
280,1.14797575076421,0.881582840656365,4,0.370852038264275
284,1.14797575076421,0.688946839316108,4,0.370852038264275
286,1.14797575076421,0.501522994197626,4,0.370852038264275
287,1.14797575076421,0.198464002797339,4,0.370852038264275
303,1.14797575076421,0.592834081896008,4,0.370852038264275
304,1.14797575076421,0.740205678233874,4,0.370852038264275
306,1.14797575076421,0.791100332520286,4,0.370852038264275
309,1.14797575076421,0.811640334926959,4,0.370852038264275
5,1.18329955587784,0.0822282720069705,4,0.370852038264275
9,1.18329955587784,0.00263700111804233,4,0.370852038264275
15,1.18329955587784,0.798886966789663,4,0.370852038264275
24,1.18329955587784,0.129152527609223,4,0.370852038264275
33,1.18329955587784,0.383463361618329,4,0.370852038264275
40,1.18329955587784,0.0750298974329762,4,0.370852038264275
45,1.18329955587784,0.91628418775988,4,0.370852038264275
62,1.18329955587784,0.256365946301895,4,0.370852038264275
65,1.18329955587784,0.622755804099835,4,0.370852038264275
71,1.18329955587784,0.444736889220295,4,0.370852038264275
82,1.18329955587784,0.920674143824846,4,0.370852038264275
99,1.18329955587784,0.501504754727647,4,0.370852038264275
101,1.18329955587784,0.924453309978676,4,0.370852038264275
104,1.18329955587784,0.306559601452684,4,0.370852038264275
111,1.18329955587784,0.0172369867129027,4,0.370852038264275
124,1.18329955587784,0.579986134758207,4,0.370852038264275
129,1.18329955587784,0.757845077194797,4,0.370852038264275
136,1.18329955587784,0.517719993474267,4,0.370852038264275
139,1.18329955587784,0.470874649149943,4,0.370852038264275
142,1.18329955587784,0.0913232910574039,4,0.370852038264275
151,1.18329955587784,0.722928599319,4,0.370852038264275
157,1.18329955587784,0.740243948699674,4,0.370852038264275
163,1.18329955587784,0.921696543573187,4,0.370852038264275
172,1.18329955587784,0.715621298799159,4,0.370852038264275
200,1.18329955587784,0.822893190596262,4,0.370852038264275
201,1.18329955587784,0.784578100754618,4,0.370852038264275
213,1.18329955587784,0.836562536390812,4,0.370852038264275
216,1.18329955587784,0.17847346967073,4,0.370852038264275
233,1.18329955587784,0.502411945891681,4,0.370852038264275
237,1.18329955587784,0.1809693383811,4,0.370852038264275
250,1.18329955587784,0.605911912701456,4,0.370852038264275
251,1.18329955587784,0.804907638805714,4,0.370852038264275
255,1.18329955587784,0.973765125665078,4,0.370852038264275
257,1.18329955587784,0.904022609394828,4,0.370852038264275
266,1.18329955587784,0.775561371296557,4,0.370852038264275
275,1.18329955587784,0.597133784764478,4,0.370852038264275
279,1.18329955587784,0.796346422170254,4,0.370852038264275
280,1.18329955587784,0.874310733252413,4,0.370852038264275
284,1.18329955587784,0.669509845371613,4,0.370852038264275
286,1.18329955587784,0.475465913047201,4,0.370852038264275
287,1.18329955587784,0.186260337652449,4,0.370852038264275
303,1.18329955587784,0.572091865691051,4,0.370852038264275
304,1.18329955587784,0.718867229112912,4,0.370852038264275
306,1.18329955587784,0.775818503093601,4,0.370852038264275
309,1.18329955587784,0.795559751781578,4,0.370852038264275
5,1.21862336099148,0.0680230121310571,4,0.370852038264275
9,1.21862336099148,0.00185345705582618,4,0.370852038264275
15,1.21862336099148,0.785636990461228,4,0.370852038264275
24,1.21862336099148,0.111810174928833,4,0.370852038264275
33,1.21862336099148,0.352606407219812,4,0.370852038264275
40,1.21862336099148,0.0607539390203063,4,0.370852038264275
45,1.21862336099148,0.908526774833999,4,0.370852038264275
62,1.21862336099148,0.236291111853649,4,0.370852038264275
65,1.21862336099148,0.595071360474547,4,0.370852038264275
71,1.21862336099148,0.423339668097814,4,0.370852038264275
82,1.21862336099148,0.918092015536976,4,0.370852038264275
99,1.21862336099148,0.473598785489868,4,0.370852038264275
101,1.21862336099148,0.919691101156957,4,0.370852038264275
104,1.21862336099148,0.279500576613616,4,0.370852038264275
111,1.21862336099148,0.0138654178892261,4,0.370852038264275
124,1.21862336099148,0.554937594675539,4,0.370852038264275
129,1.21862336099148,0.743331067247404,4,0.370852038264275
136,1.21862336099148,0.491948064325517,4,0.370852038264275
139,1.21862336099148,0.441635915255233,4,0.370852038264275
142,1.21862336099148,0.0776494131530505,4,0.370852038264275
151,1.21862336099148,0.704139747172417,4,0.370852038264275
157,1.21862336099148,0.720046194815338,4,0.370852038264275
163,1.21862336099148,0.915537362401365,4,0.370852038264275
172,1.21862336099148,0.698939243066143,4,0.370852038264275
200,1.21862336099148,0.813069305981566,4,0.370852038264275
201,1.21862336099148,0.768540081002681,4,0.370852038264275
213,1.21862336099148,0.821727368104468,4,0.370852038264275
216,1.21862336099148,0.152415635178838,4,0.370852038264275
233,1.21862336099148,0.48198360940828,4,0.370852038264275
237,1.21862336099148,0.168050367994023,4,0.370852038264275
250,1.21862336099148,0.576656441822868,4,0.370852038264275
251,1.21862336099148,0.79183398051322,4,0.370852038264275
255,1.21862336099148,0.97174272446407,4,0.370852038264275
257,1.21862336099148,0.897173226817967,4,0.370852038264275
266,1.21862336099148,0.758093528891362,4,0.370852038264275
275,1.21862336099148,0.57176642955426,4,0.370852038264275
279,1.21862336099148,0.781932970969268,4,0.370852038264275
280,1.21862336099148,0.866800144191793,4,0.370852038264275
284,1.21862336099148,0.650151443446236,4,0.370852038264275
286,1.21862336099148,0.450412779692884,4,0.370852038264275
287,1.21862336099148,0.175097018168082,4,0.370852038264275
303,1.21862336099148,0.551766873613445,4,0.370852038264275
304,1.21862336099148,0.697559591340268,4,0.370852038264275
306,1.21862336099148,0.760263512037114,4,0.370852038264275
309,1.21862336099148,0.778640957520366,4,0.370852038264275
5,1.25394716610511,0.0561141702388721,4,0.370852038264275
9,1.25394716610511,0.00128897275723738,4,0.370852038264275
15,1.25394716610511,0.772011917077462,4,0.370852038264275
24,1.25394716610511,0.0967097991569208,4,0.370852038264275
33,1.25394716610511,0.322947356590631,4,0.370852038264275
40,1.25394716610511,0.0488155827672133,4,0.370852038264275
45,1.25394716610511,0.900219727919741,4,0.370852038264275
62,1.25394716610511,0.217847757451406,4,0.370852038264275
65,1.25394716610511,0.567820367908158,4,0.370852038264275
71,1.25394716610511,0.402795404999445,4,0.370852038264275
82,1.25394716610511,0.915528334221765,4,0.370852038264275
99,1.25394716610511,0.446637895716593,4,0.370852038264275
101,1.25394716610511,0.914735590213929,4,0.370852038264275
104,1.25394716610511,0.25468529248981,4,0.370852038264275
111,1.25394716610511,0.0111344974681191,4,0.370852038264275
124,1.25394716610511,0.53069725848109,4,0.370852038264275
129,1.25394716610511,0.728650481509471,4,0.370852038264275
136,1.25394716610511,0.467146434750382,4,0.370852038264275
139,1.25394716610511,0.413280199564433,4,0.370852038264275
142,1.25394716610511,0.0656988875594052,4,0.370852038264275
151,1.25394716610511,0.685235851157579,4,0.370852038264275
157,1.25394716610511,0.699280954228043,4,0.370852038264275
163,1.25394716610511,0.909095668150156,4,0.370852038264275
172,1.25394716610511,0.682116414868343,4,0.370852038264275
200,1.25394716610511,0.803040689571054,4,0.370852038264275
201,1.25394716610511,0.752756585900467,4,0.370852038264275
213,1.25394716610511,0.806426141781524,4,0.370852038264275
216,1.25394716610511,0.129493283563352,4,0.370852038264275
233,1.25394716610511,0.462337853069128,4,0.370852038264275
237,1.25394716610511,0.156205817524153,4,0.370852038264275
250,1.25394716610511,0.547954814263193,4,0.370852038264275
251,1.25394716610511,0.778799257948826,4,0.370852038264275
255,1.25394716610511,0.969726007257784,4,0.370852038264275
257,1.25394716610511,0.890173155116712,4,0.370852038264275
266,1.25394716610511,0.739599054722692,4,0.370852038264275
275,1.25394716610511,0.547882119199799,4,0.370852038264275
279,1.25394716610511,0.767234149324594,4,0.370852038264275
280,1.25394716610511,0.859044522085152,4,0.370852038264275
284,1.25394716610511,0.630955380830832,4,0.370852038264275
286,1.25394716610511,0.426430130979723,4,0.370852038264275
287,1.25394716610511,0.164886003760547,4,0.370852038264275
303,1.25394716610511,0.531933743228706,4,0.370852038264275
304,1.25394716610511,0.676247839797147,4,0.370852038264275
306,1.25394716610511,0.744520736181997,4,0.370852038264275
309,1.25394716610511,0.761187912969494,4,0.370852038264275
5,1.28927097121874,0.0461807678198508,4,0.370852038264275
9,1.28927097121874,0.000885368011715904,4,0.370852038264275
15,1.28927097121874,0.758045141037867,4,0.370852038264275
24,1.28927097121874,0.0836268145542085,4,0.370852038264275
33,1.28927097121874,0.295163821426795,4,0.370852038264275
40,1.28927097121874,0.0389029159964104,4,0.370852038264275
45,1.28927097121874,0.89135148808668,4,0.370852038264275
62,1.28927097121874,0.200948830597717,4,0.370852038264275
65,1.28927097121874,0.541285925829324,4,0.370852038264275
71,1.28927097121874,0.383032775346156,4,0.370852038264275
82,1.28927097121874,0.912980643068062,4,0.370852038264275
99,1.28927097121874,0.420702599220264,4,0.370852038264275
101,1.28927097121874,0.909577013075479,4,0.370852038264275
104,1.28927097121874,0.231895885700029,4,0.370852038264275
111,1.28927097121874,0.00891731312249211,4,0.370852038264275
124,1.28927097121874,0.507417230620057,4,0.370852038264275
129,1.28927097121874,0.713847490235552,4,0.370852038264275
136,1.28927097121874,0.443387300388601,4,0.370852038264275
139,1.28927097121874,0.385942627064635,4,0.370852038264275
142,1.28927097121874,0.0552781585567573,4,0.370852038264275
151,1.28927097121874,0.666326314212055,4,0.370852038264275
157,1.28927097121874,0.678054411723444,4,0.370852038264275
163,1.28927097121874,0.902384252851661,4,0.370852038264275
172,1.28927097121874,0.665197973887384,4,0.370852038264275
200,1.28927097121874,0.792816853249789,4,0.370852038264275
201,1.28927097121874,0.737281889614343,4,0.370852038264275
213,1.28927097121874,0.790793759826122,4,0.370852038264275
216,1.28927097121874,0.109505366666675,4,0.370852038264275
233,1.28927097121874,0.443440146775257,4,0.370852038264275
237,1.28927097121874,0.145326312183952,4,0.370852038264275
250,1.28927097121874,0.520102852933998,4,0.370852038264275
251,1.28927097121874,0.765867720035422,4,0.370852038264275
255,1.28927097121874,0.967580554153866,4,0.370852038264275
257,1.28927097121874,0.883066457830431,4,0.370852038264275
266,1.28927097121874,0.720448864932263,4,0.370852038264275
275,1.28927097121874,0.524388957268305,4,0.370852038264275
279,1.28927097121874,0.75232226311718,4,0.370852038264275
280,1.28927097121874,0.851038332190539,4,0.370852038264275
284,1.28927097121874,0.611998419803626,4,0.370852038264275
286,1.28927097121874,0.403549718489625,4,0.370852038264275
287,1.28927097121874,0.155546786767132,4,0.370852038264275
303,1.28927097121874,0.512656538868094,4,0.370852038264275
304,1.28927097121874,0.654888782842939,4,0.370852038264275
306,1.28927097121874,0.728677356293407,4,0.370852038264275
309,1.28927097121874,0.743484463134786,4,0.370852038264275
5,1.32459477633238,0.0379284819254054,4,0.370852038264275
9,1.32459477633238,0.000599127552682877,4,0.370852038264275
15,1.32459477633238,0.743778470223228,4,0.370852038264275
24,1.32459477633238,0.0723217064729569,4,0.370852038264275
33,1.32459477633238,0.269279247848152,4,0.370852038264275
40,1.32459477633238,0.0307436994588549,4,0.370852038264275
45,1.32459477633238,0.881919061765972,4,0.370852038264275
62,1.32459477633238,0.185502560667475,4,0.370852038264275
65,1.32459477633238,0.515698931286372,4,0.370852038264275
71,1.32459477633238,0.364002826308197,4,0.370852038264275
82,1.32459477633238,0.910446903499855,4,0.370852038264275
99,1.32459477633238,0.395834440026187,4,0.370852038264275
101,1.32459477633238,0.904205931730947,4,0.370852038264275
104,1.32459477633238,0.210922273514216,4,0.370852038264275
111,1.32459477633238,0.00711368173712901,4,0.370852038264275
124,1.32459477633238,0.485208154199477,4,0.370852038264275
129,1.32459477633238,0.698966002285168,4,0.370852038264275
136,1.32459477633238,0.420709313842654,4,0.370852038264275
139,1.32459477633238,0.359758782655035,4,0.370852038264275
142,1.32459477633238,0.0462193085915209,4,0.370852038264275
151,1.32459477633238,0.647515387844103,4,0.370852038264275
157,1.32459477633238,0.656481788405904,4,0.370852038264275
163,1.32459477633238,0.895420179327029,4,0.370852038264275
172,1.32459477633238,0.648234450453445,4,0.370852038264275
200,1.32459477633238,0.782410296767756,4,0.370852038264275
201,1.32459477633238,0.722146447671178,4,0.370852038264275
213,1.32459477633238,0.774966289853554,4,0.370852038264275
216,1.32459477633238,0.0922165362668159,4,0.370852038264275
233,1.32459477633238,0.42523465866387,4,0.370852038264275
237,1.32459477633238,0.135317797788274,4,0.370852038264275
250,1.32459477633238,0.493324339371971,4,0.370852038264275
251,1.32459477633238,0.753080736016844,4,0.370852038264275
255,1.32459477633238,0.965296351315392,4,0.370852038264275
257,1.32459477633238,0.8758980913741,4,0.370852038264275
266,1.32459477633238,0.700718322902011,4,0.370852038264275
275,1.32459477633238,0.501420391082951,4,0.370852038264275
279,1.32459477633238,0.737423601824089,4,0.370852038264275
280,1.32459477633238,0.842777262499236,4,0.370852038264275
284,1.32459477633238,0.593352626425679,4,0.370852038264275
286,1.32459477633238,0.381776575634523,4,0.370852038264275
287,1.32459477633238,0.147005027926628,4,0.370852038264275
303,1.32459477633238,0.493988439063037,4,0.370852038264275
304,1.32459477633238,0.633468818058739,4,0.370852038264275
306,1.32459477633238,0.712818570977211,4,0.370852038264275
309,1.32459477633238,0.725431234068799,4,0.370852038264275
5,1.35991858144601,0.0310966403771994,4,0.370852038264275
9,1.35991858144601,0.000404800263981486,4,0.370852038264275
15,1.35991858144601,0.729262105036633,4,0.370852038264275
24,1.35991858144601,0.0625553120138634,4,0.370852038264275
33,1.35991858144601,0.245272152016114,4,0.370852038264275
40,1.35991858144601,0.0240790737182689,4,0.370852038264275
45,1.35991858144601,0.871929929676192,4,0.370852038264275
62,1.35991858144601,0.17141485381877,4,0.370852038264275
65,1.35991858144601,0.491230521422444,4,0.370852038264275
71,1.35991858144601,0.345673638587935,4,0.370852038264275
82,1.35991858144601,0.907925480269798,4,0.370852038264275
99,1.35991858144601,0.372046534409815,4,0.370852038264275
101,1.35991858144601,0.898613427319401,4,0.370852038264275
104,1.35991858144601,0.191581174794838,4,0.370852038264275
111,1.35991858144601,0.00564536779867464,4,0.370852038264275
124,1.35991858144601,0.464130134993525,4,0.370852038264275
129,1.35991858144601,0.684048338991757,4,0.370852038264275
136,1.35991858144601,0.39912893463064,4,0.370852038264275
139,1.35991858144601,0.334849835917393,4,0.370852038264275
142,1.35991858144601,0.0383784498736477,4,0.370852038264275
151,1.35991858144601,0.628899624098459,4,0.370852038264275
157,1.35991858144601,0.634682603186453,4,0.370852038264275
163,1.35991858144601,0.888223851012129,4,0.370852038264275
172,1.35991858144601,0.631280078157125,4,0.370852038264275
200,1.35991858144601,0.771836591117631,4,0.370852038264275
201,1.35991858144601,0.707356108331949,4,0.370852038264275
213,1.35991858144601,0.759069780736904,4,0.370852038264275
216,1.35991858144601,0.0773697053863903,4,0.370852038264275
233,1.35991858144601,0.407644749319012,4,0.370852038264275
237,1.35991858144601,0.126097079033733,4,0.370852038264275
250,1.35991858144601,0.467750084202707,4,0.370852038264275
251,1.35991858144601,0.740455302702545,4,0.370852038264275
255,1.35991858144601,0.962863076161931,4,0.370852038264275
257,1.35991858144601,0.868709728510179,4,0.370852038264275
266,1.35991858144601,0.680499119454214,4,0.370852038264275
275,1.35991858144601,0.479087064303608,4,0.370852038264275
279,1.35991858144601,0.722319681821087,4,0.370852038264275
280,1.35991858144601,0.834258441942368,4,0.370852038264275
284,1.35991858144601,0.575086569747505,4,0.370852038264275
286,1.35991858144601,0.361096608406891,4,0.370852038264275
287,1.35991858144601,0.13919160635016,4,0.370852038264275
303,1.35991858144601,0.475971826612043,4,0.370852038264275
304,1.35991858144601,0.612023168096692,4,0.370852038264275
306,1.35991858144601,0.697024404706677,4,0.370852038264275
309,1.35991858144601,0.707115041661152,4,0.370852038264275
5,1.39524238655965,0.0254600202641395,4,0.370852038264275
9,1.39524238655965,0.000263492028318879,4,0.370852038264275
15,1.39524238655965,0.714554223368409,4,0.370852038264275
24,1.39524238655965,0.0541036516438531,4,0.370852038264275
33,1.39524238655965,0.223087969869782,4,0.370852038264275
40,1.39524238655965,0.0187009766106809,4,0.370852038264275
45,1.39524238655965,0.861403803693177,4,0.370852038264275
62,1.39524238655965,0.158589998397612,4,0.370852038264275
65,1.39524238655965,0.467994093860539,4,0.370852038264275
71,1.39524238655965,0.328022614857374,4,0.370852038264275
82,1.39524238655965,0.905415123715403,4,0.370852038264275
99,1.39524238655965,0.349334586411564,4,0.370852038264275
101,1.39524238655965,0.892791327153,4,0.370852038264275
104,1.39524238655965,0.173723668711357,4,0.370852038264275
111,1.39524238655965,0.00445127691615477,4,0.370852038264275
124,1.39524238655965,0.444195140070294,4,0.370852038264275
129,1.39524238655965,0.669134226093454,4,0.370852038264275
136,1.39524238655965,0.378651687133822,4,0.370852038264275
139,1.39524238655965,0.311310769457821,4,0.370852038264275
142,1.39524238655965,0.0316315584992872,4,0.370852038264275
151,1.39524238655965,0.610567045111131,4,0.370852038264275
157,1.39524238655965,0.612775844709016,4,0.370852038264275
163,1.39524238655965,0.880817622837614,4,0.370852038264275
172,1.39524238655965,0.614390726539635,4,0.370852038264275
200,1.39524238655965,0.761167399830277,4,0.370852038264275
201,1.39524238655965,0.692893328981039,4,0.370852038264275
213,1.39524238655965,0.743211737138597,4,0.370852038264275
216,1.39524238655965,0.0647013915798481,4,0.370852038264275
233,1.39524238655965,0.390581529591503,4,0.370852038264275
237,1.39524238655965,0.117589771581315,4,0.370852038264275
250,1.39524238655965,0.443419891169888,4,0.370852038264275
251,1.39524238655965,0.727986789967809,4,0.370852038264275
255,1.39524238655965,0.960270212280386,4,0.370852038264275
257,1.39524238655965,0.861535464909373,4,0.370852038264275
266,1.39524238655965,0.659897659527007,4,0.370852038264275
275,1.39524238655965,0.45747382150131,4,0.370852038264275
279,1.39524238655965,0.707238300822988,4,0.370852038264275
280,1.39524238655965,0.82548066552714,4,0.370852038264275
284,1.39524238655965,0.557264265219205,4,0.370852038264275
286,1.39524238655965,0.341482281593239,4,0.370852038264275
287,1.39524238655965,0.132042034519317,4,0.370852038264275
303,1.39524238655965,0.458638550791423,4,0.370852038264275
304,1.39524238655965,0.590633253780582,4,0.370852038264275
306,1.39524238655965,0.681367565062964,4,0.370852038264275
309,1.39524238655965,0.688610293604419,4,0.370852038264275
5,1.43056619167328,0.0208261555889161,4,0.370852038264275
9,1.43056619167328,0.000167294599548229,4,0.370852038264275
15,1.43056619167328,0.699720111605587,4,0.370852038264275
24,1.43056619167328,0.0467683194795967,4,0.370852038264275
33,1.43056619167328,0.202646783176966,4,0.370852038264275
40,1.43056619167328,0.0143900973097203,4,0.370852038264275
45,1.43056619167328,0.850374014084156,4,0.370852038264275
62,1.43056619167328,0.146930829908771,4,0.370852038264275
65,1.43056619167328,0.446052684314186,4,0.370852038264275
71,1.43056619167328,0.311031866003358,4,0.370852038264275
82,1.43056619167328,0.902611060534587,4,0.370852038264275
99,1.43056619167328,0.327686114599971,4,0.370852038264275
101,1.43056619167328,0.886732466407816,4,0.370852038264275
104,1.43056619167328,0.157230588384393,4,0.370852038264275
111,1.43056619167328,0.00348320798481838,4,0.370852038264275
124,1.43056619167328,0.425379221247394,4,0.370852038264275
129,1.43056619167328,0.65426026534727,4,0.370852038264275
136,1.43056619167328,0.359281018462002,4,0.370852038264275
139,1.43056619167328,0.288810538099775,4,0.370852038264275
142,1.43056619167328,0.0258692553217265,4,0.370852038264275
151,1.43056619167328,0.592597770653335,4,0.370852038264275
157,1.43056619167328,0.5908758149972,4,0.370852038264275
163,1.43056619167328,0.873224118332721,4,0.370852038264275
172,1.43056619167328,0.597622167021783,4,0.370852038264275
200,1.43056619167328,0.749716214952011,4,0.370852038264275
201,1.43056619167328,0.678618046798487,4,0.370852038264275
213,1.43056619167328,0.727476704507261,4,0.370852038264275
216,1.43056619167328,0.0539540195404189,4,0.370852038264275
233,1.43056619167328,0.373960686279453,4,0.370852038264275
237,1.43056619167328,0.109730027952568,4,0.370852038264275
250,1.43056619167328,0.42030621009002,4,0.370852038264275
251,1.43056619167328,0.715655219390651,4,0.370852038264275
255,1.43056619167328,0.957507198272552,4,0.370852038264275
257,1.43056619167328,0.854398346495534,4,0.370852038264275
266,1.43056619167328,0.639032273525563,4,0.370852038264275
275,1.43056619167328,0.436639457996361,4,0.370852038264275
279,1.43056619167328,0.692120572528223,4,0.370852038264275
280,1.43056619167328,0.816444619240593,4,0.370852038264275
284,1.43056619167328,0.539483716140473,4,0.370852038264275
286,1.43056619167328,0.322896449498117,4,0.370852038264275
287,1.43056619167328,0.125496123253773,4,0.370852038264275
303,1.43056619167328,0.442010233478068,4,0.370852038264275
304,1.43056619167328,0.569407037890601,4,0.370852038264275
306,1.43056619167328,0.665912440457466,4,0.370852038264275
309,1.43056619167328,0.669979633673061,4,0.370852038264275
9,0.656285350521406,0.901619658106154,4,0.629586011171341
15,0.656285350521406,0.979058586728512,4,0.629586011171341
24,0.656285350521406,0.979370469255901,4,0.629586011171341
33,0.656285350521406,0.992380280318244,4,0.629586011171341
40,0.656285350521406,0.954992271801321,4,0.629586011171341
45,0.656285350521406,0.998745332388087,4,0.629586011171341
62,0.656285350521406,0.969442372970026,4,0.629586011171341
65,0.656285350521406,0.995194810477843,4,0.629586011171341
71,0.656285350521406,0.991844782961579,4,0.629586011171341
82,0.656285350521406,0.997438385110876,4,0.629586011171341
99,0.656285350521406,0.993561914554468,4,0.629586011171341
101,0.656285350521406,0.998522879625185,4,0.629586011171341
104,0.656285350521406,0.957792147386533,4,0.629586011171341
111,0.656285350521406,0.865317515843804,4,0.629586011171341
124,0.656285350521406,0.957313222340473,4,0.629586011171341
129,0.656285350521406,0.991132162366201,4,0.629586011171341
136,0.656285350521406,0.991928907054219,4,0.629586011171341
139,0.656285350521406,0.978571859226228,4,0.629586011171341
142,0.656285350521406,0.778601628035202,4,0.629586011171341
151,0.656285350521406,0.984047036523699,4,0.629586011171341
157,0.656285350521406,0.99768040265862,4,0.629586011171341
172,0.656285350521406,0.994284161454171,4,0.629586011171341
200,0.656285350521406,0.997158086551898,4,0.629586011171341
201,0.656285350521406,0.997445797439808,4,0.629586011171341
216,0.656285350521406,0.888916133907536,4,0.629586011171341
233,0.656285350521406,0.983868792823501,4,0.629586011171341
250,0.656285350521406,0.995547666519916,4,0.629586011171341
251,0.656285350521406,0.994956158592052,4,0.629586011171341
255,0.656285350521406,0.999371275970235,4,0.629586011171341
9,0.68298468987147,0.7940834588595,4,0.629586011171341
15,0.68298468987147,0.955566545803344,4,0.629586011171341
24,0.68298468987147,0.961151406141909,4,0.629586011171341
33,0.68298468987147,0.983762118235971,4,0.629586011171341
40,0.68298468987147,0.91053770225138,4,0.629586011171341
45,0.68298468987147,0.997556992508426,4,0.629586011171341
62,0.68298468987147,0.940599598134401,4,0.629586011171341
65,0.68298468987147,0.990674508147601,4,0.629586011171341
71,0.68298468987147,0.9832991301728,4,0.629586011171341
82,0.68298468987147,0.994603670696375,4,0.629586011171341
99,0.68298468987147,0.987611456471591,4,0.629586011171341
101,0.68298468987147,0.996838151579157,4,0.629586011171341
104,0.68298468987147,0.911593159452417,4,0.629586011171341
111,0.68298468987147,0.758177113011971,4,0.629586011171341
124,0.68298468987147,0.91319398577853,4,0.629586011171341
129,0.68298468987147,0.982479054797639,4,0.629586011171341
136,0.68298468987147,0.982854906606851,4,0.629586011171341
139,0.68298468987147,0.955101926428455,4,0.629586011171341
142,0.68298468987147,0.592027465373559,4,0.629586011171341
151,0.68298468987147,0.968369508225717,4,0.629586011171341
157,0.68298468987147,0.995294093197799,4,0.629586011171341
172,0.68298468987147,0.989256383657953,4,0.629586011171341
200,0.68298468987147,0.994119859167281,4,0.629586011171341
201,0.68298468987147,0.995177378918875,4,0.629586011171341
216,0.68298468987147,0.777031780928735,4,0.629586011171341
233,0.68298468987147,0.966807639944904,4,0.629586011171341
250,0.68298468987147,0.99083982725725,4,0.629586011171341
251,0.68298468987147,0.989694331213259,4,0.629586011171341
255,0.68298468987147,0.99878420498976,4,0.629586011171341
9,0.709684029221535,0.708662434969238,4,0.629586011171341
15,0.709684029221535,0.931634094511981,4,0.629586011171341
24,0.709684029221535,0.939672975767553,4,0.629586011171341
33,0.709684029221535,0.975922078897324,4,0.629586011171341
40,0.709684029221535,0.853259907588874,4,0.629586011171341
45,0.709684029221535,0.996320021109979,4,0.629586011171341
62,0.709684029221535,0.910497855030427,4,0.629586011171341
65,0.709684029221535,0.985572315973097,4,0.629586011171341
71,0.709684029221535,0.974583719234345,4,0.629586011171341
82,0.709684029221535,0.991334054715445,4,0.629586011171341
99,0.709684029221535,0.981281968696659,4,0.629586011171341
101,0.709684029221535,0.995472305287444,4,0.629586011171341
104,0.709684029221535,0.861355095251261,4,0.629586011171341
111,0.709684029221535,0.637150392784669,4,0.629586011171341
124,0.709684029221535,0.86829552227645,4,0.629586011171341
129,0.709684029221535,0.972622793214807,4,0.629586011171341
136,0.709684029221535,0.975522746644568,4,0.629586011171341
139,0.709684029221535,0.928519420727898,4,0.629586011171341
142,0.709684029221535,0.426178250998785,4,0.629586011171341
151,0.709684029221535,0.95172618965004,4,0.629586011171341
157,0.709684029221535,0.992805588949296,4,0.629586011171341
172,0.709684029221535,0.983941060331386,4,0.629586011171341
200,0.709684029221535,0.99113698545334,4,0.629586011171341
201,0.709684029221535,0.992391800316708,4,0.629586011171341
216,0.709684029221535,0.646649791734453,4,0.629586011171341
233,0.709684029221535,0.948948060958757,4,0.629586011171341
250,0.709684029221535,0.985861000744468,4,0.629586011171341
251,0.709684029221535,0.98420460105116,4,0.629586011171341
255,0.709684029221535,0.99819217096805,4,0.629586011171341
9,0.736383368571599,0.626675480661515,4,0.629586011171341
15,0.736383368571599,0.906191985232075,4,0.629586011171341
24,0.736383368571599,0.91813534711784,4,0.629586011171341
33,0.736383368571599,0.967247594807621,4,0.629586011171341
40,0.736383368571599,0.7998769455939,4,0.629586011171341
45,0.736383368571599,0.995090065712247,4,0.629586011171341
62,0.736383368571599,0.879630610762949,4,0.629586011171341
65,0.736383368571599,0.980241763163323,4,0.629586011171341
71,0.736383368571599,0.965638145053847,4,0.629586011171341
82,0.736383368571599,0.988279424794488,4,0.629586011171341
99,0.736383368571599,0.974270600303883,4,0.629586011171341
101,0.736383368571599,0.993972571140935,4,0.629586011171341
104,0.736383368571599,0.808204465213624,4,0.629586011171341
111,0.736383368571599,0.544402633239904,4,0.629586011171341
124,0.736383368571599,0.823339624595954,4,0.629586011171341
129,0.736383368571599,0.963367794615554,4,0.629586011171341
136,0.736383368571599,0.9667933001983,4,0.629586011171341
139,0.736383368571599,0.902071322432499,4,0.629586011171341
142,0.736383368571599,0.303904305085515,4,0.629586011171341
151,0.736383368571599,0.932753943157702,4,0.629586011171341
157,0.736383368571599,0.990621820755475,4,0.629586011171341
172,0.736383368571599,0.978630817594753,4,0.629586011171341
200,0.736383368571599,0.988417516735257,4,0.629586011171341
201,0.736383368571599,0.989831857779204,4,0.629586011171341
216,0.736383368571599,0.539629644427818,4,0.629586011171341
233,0.736383368571599,0.930467280630776,4,0.629586011171341
250,0.736383368571599,0.980595279313722,4,0.629586011171341
251,0.736383368571599,0.978477248964676,4,0.629586011171341
255,0.736383368571599,0.997452775258582,4,0.629586011171341
9,0.763082707921664,0.549184626497798,4,0.629586011171341
15,0.763082707921664,0.877297244354718,4,0.629586011171341
24,0.763082707921664,0.89411460019383,4,0.629586011171341
33,0.763082707921664,0.95838669551842,4,0.629586011171341
40,0.763082707921664,0.745126802473539,4,0.629586011171341
45,0.763082707921664,0.993810972290663,4,0.629586011171341
62,0.763082707921664,0.850230468717663,4,0.629586011171341
65,0.763082707921664,0.974717844230253,4,0.629586011171341
71,0.763082707921664,0.956898064907195,4,0.629586011171341
82,0.763082707921664,0.985062707244018,4,0.629586011171341
99,0.763082707921664,0.967989101287481,4,0.629586011171341
101,0.763082707921664,0.992808007512284,4,0.629586011171341
104,0.763082707921664,0.751997275716539,4,0.629586011171341
111,0.763082707921664,0.444383294242238,4,0.629586011171341
124,0.763082707921664,0.779053286512275,4,0.629586011171341
129,0.763082707921664,0.952806067749533,4,0.629586011171341
136,0.763082707921664,0.956869221318688,4,0.629586011171341
139,0.763082707921664,0.872776636296761,4,0.629586011171341
142,0.763082707921664,0.202770029614831,4,0.629586011171341
151,0.763082707921664,0.914152085524253,4,0.629586011171341
157,0.763082707921664,0.988262530332853,4,0.629586011171341
172,0.763082707921664,0.972763643555905,4,0.629586011171341
200,0.763082707921664,0.985053852674835,4,0.629586011171341
201,0.763082707921664,0.98629823486603,4,0.629586011171341
216,0.763082707921664,0.440572379265214,4,0.629586011171341
233,0.763082707921664,0.911580610180774,4,0.629586011171341
250,0.763082707921664,0.97502645172821,4,0.629586011171341
251,0.763082707921664,0.972502900875482,4,0.629586011171341
255,0.763082707921664,0.996844085659879,4,0.629586011171341
9,0.789782047271729,0.471038887165135,4,0.629586011171341
15,0.789782047271729,0.848766233804832,4,0.629586011171341
24,0.789782047271729,0.870536429553903,4,0.629586011171341
33,0.789782047271729,0.949045194999125,4,0.629586011171341
40,0.789782047271729,0.687531377407076,4,0.629586011171341
45,0.789782047271729,0.992619661277993,4,0.629586011171341
62,0.789782047271729,0.81936247493074,4,0.629586011171341
65,0.789782047271729,0.968896113667555,4,0.629586011171341
71,0.789782047271729,0.948204802910228,4,0.629586011171341
82,0.789782047271729,0.982969529009252,4,0.629586011171341
99,0.789782047271729,0.961148660506504,4,0.629586011171341
101,0.789782047271729,0.991251485945219,4,0.629586011171341
104,0.789782047271729,0.69146104905358,4,0.629586011171341
111,0.789782047271729,0.371581277803022,4,0.629586011171341
124,0.789782047271729,0.736096202579608,4,0.629586011171341
129,0.789782047271729,0.943150957688724,4,0.629586011171341
136,0.789782047271729,0.946438427791069,4,0.629586011171341
139,0.789782047271729,0.843248162124799,4,0.629586011171341
142,0.789782047271729,0.134749482380699,4,0.629586011171341
151,0.789782047271729,0.894704723477287,4,0.629586011171341
157,0.789782047271729,0.985845899632643,4,0.629586011171341
172,0.789782047271729,0.96645319825055,4,0.629586011171341
200,0.789782047271729,0.982517402595235,4,0.629586011171341
201,0.789782047271729,0.983548058270387,4,0.629586011171341
216,0.789782047271729,0.340876445429454,4,0.629586011171341
233,0.789782047271729,0.892525422023948,4,0.629586011171341
250,0.789782047271729,0.969138159727494,4,0.629586011171341
251,0.789782047271729,0.966272697892832,4,0.629586011171341
255,0.789782047271729,0.996254881048703,4,0.629586011171341
9,0.816481386621793,0.406681598373974,4,0.629586011171341
15,0.816481386621793,0.819058276696233,4,0.629586011171341
24,0.816481386621793,0.849132876298724,4,0.629586011171341
33,0.816481386621793,0.939046903873989,4,0.629586011171341
40,0.816481386621793,0.62530109872662,4,0.629586011171341
45,0.816481386621793,0.991200952544016,4,0.629586011171341
62,0.816481386621793,0.785548398146907,4,0.629586011171341
65,0.816481386621793,0.963593043157925,4,0.629586011171341
71,0.816481386621793,0.93904175221222,4,0.629586011171341
82,0.816481386621793,0.980129555037947,4,0.629586011171341
99,0.816481386621793,0.954185398761743,4,0.629586011171341
101,0.816481386621793,0.989561113663727,4,0.629586011171341
104,0.816481386621793,0.630212804175198,4,0.629586011171341
111,0.816481386621793,0.30616900535257,4,0.629586011171341
124,0.816481386621793,0.694995679369262,4,0.629586011171341
129,0.816481386621793,0.93284989120124,4,0.629586011171341
136,0.816481386621793,0.936990258280934,4,0.629586011171341
139,0.816481386621793,0.811901148602629,4,0.629586011171341
142,0.816481386621793,0.0862265426803182,4,0.629586011171341
151,0.816481386621793,0.873897819388622,4,0.629586011171341
157,0.816481386621793,0.983477252003081,4,0.629586011171341
172,0.816481386621793,0.960956880083131,4,0.629586011171341
200,0.816481386621793,0.979607426348613,4,0.629586011171341
201,0.816481386621793,0.980825003492584,4,0.629586011171341
216,0.816481386621793,0.266475800566638,4,0.629586011171341
233,0.816481386621793,0.873536886146545,4,0.629586011171341
250,0.816481386621793,0.962914092863586,4,0.629586011171341
251,0.816481386621793,0.959778489644143,4,0.629586011171341
255,0.816481386621793,0.995633384640468,4,0.629586011171341
9,0.843180725971858,0.348436011847191,4,0.629586011171341
15,0.843180725971858,0.786702200548727,4,0.629586011171341
24,0.843180725971858,0.825020608944251,4,0.629586011171341
33,0.843180725971858,0.928619607945501,4,0.629586011171341
40,0.843180725971858,0.563288677396152,4,0.629586011171341
45,0.843180725971858,0.989864394260167,4,0.629586011171341
62,0.843180725971858,0.752965927709552,4,0.629586011171341
65,0.843180725971858,0.957261972965345,4,0.629586011171341
71,0.843180725971858,0.92988799608482,4,0.629586011171341
82,0.843180725971858,0.97709196234895,4,0.629586011171341
99,0.843180725971858,0.946406071781882,4,0.629586011171341
101,0.843180725971858,0.988096206509037,4,0.629586011171341
104,0.843180725971858,0.566940238883412,4,0.629586011171341
111,0.843180725971858,0.251268102690227,4,0.629586011171341
124,0.843180725971858,0.656106717755098,4,0.629586011171341
129,0.843180725971858,0.922308565951941,4,0.629586011171341
136,0.843180725971858,0.927178072827055,4,0.629586011171341
139,0.843180725971858,0.777047785896728,4,0.629586011171341
142,0.843180725971858,0.0542788664359352,4,0.629586011171341
151,0.843180725971858,0.852154314624966,4,0.629586011171341
157,0.843180725971858,0.980926704796657,4,0.629586011171341
172,0.843180725971858,0.955342120307522,4,0.629586011171341
200,0.843180725971858,0.976680631981575,4,0.629586011171341
201,0.843180725971858,0.977806112326742,4,0.629586011171341
216,0.843180725971858,0.204340732491647,4,0.629586011171341
233,0.843180725971858,0.854818451091698,4,0.629586011171341
250,0.843180725971858,0.956338225614704,4,0.629586011171341
251,0.843180725971858,0.953013050315891,4,0.629586011171341
255,0.843180725971858,0.994929894206887,4,0.629586011171341
9,0.869880065321922,0.296316387795158,4,0.629586011171341
15,0.869880065321922,0.753652208667287,4,0.629586011171341
24,0.869880065321922,0.797680677723185,4,0.629586011171341
33,0.869880065321922,0.917750429109372,4,0.629586011171341
40,0.869880065321922,0.498230026595917,4,0.629586011171341
45,0.869880065321922,0.98847982440032,4,0.629586011171341
62,0.869880065321922,0.722726005802879,4,0.629586011171341
65,0.869880065321922,0.950643334437901,4,0.629586011171341
71,0.869880065321922,0.92035329740279,4,0.629586011171341
82,0.869880065321922,0.974482569346527,4,0.629586011171341
99,0.869880065321922,0.939070596808844,4,0.629586011171341
101,0.869880065321922,0.986683288995252,4,0.629586011171341
104,0.869880065321922,0.503267474846637,4,0.629586011171341
111,0.869880065321922,0.197201124681626,4,0.629586011171341
124,0.869880065321922,0.619607705623827,4,0.629586011171341
129,0.869880065321922,0.909980253640055,4,0.629586011171341
136,0.869880065321922,0.918112714469131,4,0.629586011171341
139,0.869880065321922,0.742861562021668,4,0.629586011171341
142,0.869880065321922,0.0323588843308076,4,0.629586011171341
151,0.869880065321922,0.826352422001488,4,0.629586011171341
157,0.869880065321922,0.978434159994883,4,0.629586011171341
172,0.869880065321922,0.94965351621114,4,0.629586011171341
200,0.869880065321922,0.974034393275645,4,0.629586011171341
201,0.869880065321922,0.973864403298579,4,0.629586011171341
216,0.869880065321922,0.154243767283067,4,0.629586011171341
233,0.869880065321922,0.836513419759403,4,0.629586011171341
250,0.869880065321922,0.949395099932553,4,0.629586011171341
251,0.869880065321922,0.945970315625235,4,0.629586011171341
255,0.869880065321922,0.994289989229232,4,0.629586011171341
9,0.896579404671987,0.244910870872232,4,0.629586011171341
15,0.896579404671987,0.718084239303691,4,0.629586011171341
24,0.896579404671987,0.772380445447008,4,0.629586011171341
33,0.896579404671987,0.907717586581258,4,0.629586011171341
40,0.896579404671987,0.442456050397596,4,0.629586011171341
45,0.896579404671987,0.987192369901945,4,0.629586011171341
62,0.896579404671987,0.689871370424548,4,0.629586011171341
65,0.896579404671987,0.943726692038277,4,0.629586011171341
71,0.896579404671987,0.910625173638526,4,0.629586011171341
82,0.896579404671987,0.971816734515014,4,0.629586011171341
99,0.896579404671987,0.931444808151464,4,0.629586011171341
101,0.896579404671987,0.985192044685777,4,0.629586011171341
104,0.896579404671987,0.442187430842791,4,0.629586011171341
111,0.896579404671987,0.159197646133585,4,0.629586011171341
124,0.896579404671987,0.585528101001865,4,0.629586011171341
129,0.896579404671987,0.898527151952955,4,0.629586011171341
136,0.896579404671987,0.906652035711297,4,0.629586011171341
139,0.896579404671987,0.707567566377001,4,0.629586011171341
142,0.896579404671987,0.0197517955683707,4,0.629586011171341
151,0.896579404671987,0.802147243762009,4,0.629586011171341
157,0.896579404671987,0.975999440549741,4,0.629586011171341
172,0.896579404671987,0.943887884119498,4,0.629586011171341
200,0.896579404671987,0.971408061046937,4,0.629586011171341
201,0.896579404671987,0.970556020883381,4,0.629586011171341
216,0.896579404671987,0.11487235269715,4,0.629586011171341
233,0.896579404671987,0.818686384262795,4,0.629586011171341
250,0.896579404671987,0.942070154972116,4,0.629586011171341
251,0.896579404671987,0.938645637274249,4,0.629586011171341
255,0.896579404671987,0.993641179800392,4,0.629586011171341
9,0.923278744022051,0.205103260269367,4,0.629586011171341
15,0.923278744022051,0.682612199581984,4,0.629586011171341
24,0.923278744022051,0.746380688555755,4,0.629586011171341
33,0.923278744022051,0.89575013931519,4,0.629586011171341
40,0.923278744022051,0.383389128330585,4,0.629586011171341
45,0.923278744022051,0.98574758675512,4,0.629586011171341
62,0.923278744022051,0.657049662195993,4,0.629586011171341
65,0.923278744022051,0.936502762726093,4,0.629586011171341
71,0.923278744022051,0.900698755361747,4,0.629586011171341
82,0.923278744022051,0.969203480331045,4,0.629586011171341
99,0.923278744022051,0.923616245019599,4,0.629586011171341
101,0.923278744022051,0.983698903548205,4,0.629586011171341
104,0.923278744022051,0.383445735424719,4,0.629586011171341
111,0.923278744022051,0.127791088935364,4,0.629586011171341
124,0.923278744022051,0.553792082715932,4,0.629586011171341
129,0.923278744022051,0.886688891146321,4,0.629586011171341
136,0.923278744022051,0.896008779103274,4,0.629586011171341
139,0.923278744022051,0.671406823078851,4,0.629586011171341
142,0.923278744022051,0.0121117942072585,4,0.629586011171341
151,0.923278744022051,0.776797576795942,4,0.629586011171341
157,0.923278744022051,0.973541893728562,4,0.629586011171341
172,0.923278744022051,0.937945450825977,4,0.629586011171341
200,0.923278744022051,0.968799197785457,4,0.629586011171341
201,0.923278744022051,0.96711297418518,4,0.629586011171341
216,0.923278744022051,0.0821603930906777,4,0.629586011171341
233,0.923278744022051,0.801322560950593,4,0.629586011171341
250,0.923278744022051,0.934350103629027,4,0.629586011171341
251,0.923278744022051,0.931036049372109,4,0.629586011171341
255,0.923278744022051,0.992884089693234,4,0.629586011171341
9,0.949978083372116,0.173286310631034,4,0.629586011171341
15,0.949978083372116,0.646223585791344,4,0.629586011171341
24,0.949978083372116,0.720150550530802,4,0.629586011171341
33,0.949978083372116,0.883526665800113,4,0.629586011171341
40,0.949978083372116,0.327607441906066,4,0.629586011171341
45,0.949978083372116,0.984151032454804,4,0.629586011171341
62,0.949978083372116,0.624393756219818,4,0.629586011171341
65,0.949978083372116,0.928963777850298,4,0.629586011171341
71,0.949978083372116,0.890569356615418,4,0.629586011171341
82,0.949978083372116,0.966462626375282,4,0.629586011171341
99,0.949978083372116,0.915577768302613,4,0.629586011171341
101,0.949978083372116,0.982202800848963,4,0.629586011171341
104,0.949978083372116,0.328062961018996,4,0.629586011171341
111,0.949978083372116,0.102139515507361,4,0.629586011171341
124,0.949978083372116,0.524260852767501,4,0.629586011171341
129,0.949978083372116,0.874457439946967,4,0.629586011171341
136,0.949978083372116,0.885079913939208,4,0.629586011171341
139,0.949978083372116,0.634658705167882,4,0.629586011171341
142,0.949978083372116,0.00754907547183281,4,0.629586011171341
151,0.949978083372116,0.750077116980796,4,0.629586011171341
157,0.949978083372116,0.971059785174053,4,0.629586011171341
172,0.949978083372116,0.932013764423787,4,0.629586011171341
200,0.949978083372116,0.966205467109936,4,0.629586011171341
201,0.949978083372116,0.963528305401741,4,0.629586011171341
216,0.949978083372116,0.0598132432629627,4,0.629586011171341
233,0.949978083372116,0.78434762230723,4,0.629586011171341
250,0.949978083372116,0.926062156370764,4,0.629586011171341
251,0.949978083372116,0.923140538856319,4,0.629586011171341
255,0.949978083372116,0.992212802416915,4,0.629586011171341
9,0.976677422722181,0.141464351675945,4,0.629586011171341
15,0.976677422722181,0.608654063720523,4,0.629586011171341
24,0.976677422722181,0.693543594168527,4,0.629586011171341
33,0.976677422722181,0.870257604016589,4,0.629586011171341
40,0.976677422722181,0.275998425306916,4,0.629586011171341
45,0.976677422722181,0.982647149712131,4,0.629586011171341
62,0.976677422722181,0.592040969046218,4,0.629586011171341
65,0.976677422722181,0.920939305694364,4,0.629586011171341
71,0.976677422722181,0.87979508604509,4,0.629586011171341
82,0.976677422722181,0.963942997265079,4,0.629586011171341
99,0.976677422722181,0.907322337190042,4,0.629586011171341
101,0.976677422722181,0.980702667376129,4,0.629586011171341
104,0.976677422722181,0.276875334841497,4,0.629586011171341
111,0.976677422722181,0.0818036454195988,4,0.629586011171341
124,0.976677422722181,0.496766193566059,4,0.629586011171341
129,0.976677422722181,0.861758561970434,4,0.629586011171341
136,0.976677422722181,0.873861406532401,4,0.629586011171341
139,0.976677422722181,0.59727591700652,4,0.629586011171341
142,0.976677422722181,0.00481341587913942,4,0.629586011171341
151,0.976677422722181,0.722563476456634,4,0.629586011171341
157,0.976677422722181,0.968438700605474,4,0.629586011171341
172,0.976677422722181,0.925996028020853,4,0.629586011171341
200,0.976677422722181,0.963690721156946,4,0.629586011171341
201,0.976677422722181,0.960087690656311,4,0.629586011171341
216,0.976677422722181,0.0432409345164139,4,0.629586011171341
233,0.976677422722181,0.767661574206404,4,0.629586011171341
250,0.976677422722181,0.917515793236805,4,0.629586011171341
251,0.976677422722181,0.91496030914637,4,0.629586011171341
255,0.976677422722181,0.99153065209155,4,0.629586011171341
9,1.00337676207225,0.116182449496371,4,0.629586011171341
15,1.00337676207225,0.571151454146455,4,0.629586011171341
24,1.00337676207225,0.665326820012717,4,0.629586011171341
33,1.00337676207225,0.857068959590354,4,0.629586011171341
40,1.00337676207225,0.229268908782724,4,0.629586011171341
45,1.00337676207225,0.981085589710876,4,0.629586011171341
62,1.00337676207225,0.55902813158292,4,0.629586011171341
65,1.00337676207225,0.912804176845133,4,0.629586011171341
71,1.00337676207225,0.868966529849867,4,0.629586011171341
82,1.00337676207225,0.96192275168963,4,0.629586011171341
99,1.00337676207225,0.898607411338816,4,0.629586011171341
101,1.00337676207225,0.979423601592714,4,0.629586011171341
104,1.00337676207225,0.230547851268043,4,0.629586011171341
111,1.00337676207225,0.0629236221470491,4,0.629586011171341
124,1.00337676207225,0.471137130010056,4,0.629586011171341
129,1.00337676207225,0.8473685755616,4,0.629586011171341
136,1.00337676207225,0.862960416458764,4,0.629586011171341
139,1.00337676207225,0.557826375834058,4,0.629586011171341
142,1.00337676207225,0.0030393349151,4,0.629586011171341
151,1.00337676207225,0.693280974364215,4,0.629586011171341
157,1.00337676207225,0.965703008320782,4,0.629586011171341
172,1.00337676207225,0.918780540802371,4,0.629586011171341
200,1.00337676207225,0.960234890925632,4,0.629586011171341
201,1.00337676207225,0.955312750021349,4,0.629586011171341
216,1.00337676207225,0.0310833528841882,4,0.629586011171341
233,1.00337676207225,0.751172587355021,4,0.629586011171341
250,1.00337676207225,0.908546666972752,4,0.629586011171341
251,1.00337676207225,0.906499023250814,4,0.629586011171341
255,1.00337676207225,0.990746947317626,4,0.629586011171341
9,1.03007610142231,0.0948278272217578,4,0.629586011171341
15,1.03007610142231,0.533510038034423,4,0.629586011171341
24,1.03007610142231,0.640104525637496,4,0.629586011171341
33,1.03007610142231,0.843404897932223,4,0.629586011171341
40,1.03007610142231,0.187889161956986,4,0.629586011171341
45,1.03007610142231,0.979481405997524,4,0.629586011171341
62,1.03007610142231,0.527721701101685,4,0.629586011171341
65,1.03007610142231,0.904997960083092,4,0.629586011171341
71,1.03007610142231,0.858513171903573,4,0.629586011171341
82,1.03007610142231,0.959634557989948,4,0.629586011171341
99,1.03007610142231,0.890403634403537,4,0.629586011171341
101,1.03007610142231,0.978048955969022,4,0.629586011171341
104,1.03007610142231,0.188801358036473,4,0.629586011171341
111,1.03007610142231,0.0498742003768727,4,0.629586011171341
124,1.03007610142231,0.447220011676007,4,0.629586011171341
129,1.03007610142231,0.833964082976346,4,0.629586011171341
136,1.03007610142231,0.849910128684213,4,0.629586011171341
139,1.03007610142231,0.521263418965914,4,0.629586011171341
142,1.03007610142231,0.00197990356402988,4,0.629586011171341
151,1.03007610142231,0.661942761582392,4,0.629586011171341
157,1.03007610142231,0.963026660009161,4,0.629586011171341
172,1.03007610142231,0.912558818420497,4,0.629586011171341
200,1.03007610142231,0.957660880895133,4,0.629586011171341
201,1.03007610142231,0.951053488043259,4,0.629586011171341
216,1.03007610142231,0.0222382059473529,4,0.629586011171341
233,1.03007610142231,0.734816931076875,4,0.629586011171341
250,1.03007610142231,0.89915109141861,4,0.629586011171341
251,1.03007610142231,0.897763009532976,4,0.629586011171341
255,1.03007610142231,0.990038492154287,4,0.629586011171341
9,1.05677544077237,0.0751323129731251,4,0.629586011171341
15,1.05677544077237,0.496314598725753,4,0.629586011171341
24,1.05677544077237,0.612227345627866,4,0.629586011171341
33,1.05677544077237,0.829271418715855,4,0.629586011171341
40,1.05677544077237,0.15307753137953,4,0.629586011171341
45,1.05677544077237,0.977831966592839,4,0.629586011171341
62,1.05677544077237,0.497862384217876,4,0.629586011171341
65,1.05677544077237,0.896181908696408,4,0.629586011171341
71,1.05677544077237,0.847519192032849,4,0.629586011171341
82,1.05677544077237,0.957247415845159,4,0.629586011171341
99,1.05677544077237,0.881459696778802,4,0.629586011171341
101,1.05677544077237,0.976538114602377,4,0.629586011171341
104,1.05677544077237,0.152708280577635,4,0.629586011171341
111,1.05677544077237,0.0397422505965926,4,0.629586011171341
124,1.05677544077237,0.424886195894629,4,0.629586011171341
129,1.05677544077237,0.820061773176444,4,0.629586011171341
136,1.05677544077237,0.83779760271403,4,0.629586011171341
139,1.05677544077237,0.485377703904201,4,0.629586011171341
142,1.05677544077237,0.00130689630646574,4,0.629586011171341
151,1.05677544077237,0.631804791059319,4,0.629586011171341
157,1.05677544077237,0.960417792138679,4,0.629586011171341
172,1.05677544077237,0.906243690762759,4,0.629586011171341
200,1.05677544077237,0.955093999257367,4,0.629586011171341
201,1.05677544077237,0.946790853156392,4,0.629586011171341
216,1.05677544077237,0.0159322504241954,4,0.629586011171341
233,1.05677544077237,0.718560904326222,4,0.629586011171341
250,1.05677544077237,0.889328960383805,4,0.629586011171341
251,1.05677544077237,0.888761410662694,4,0.629586011171341
255,1.05677544077237,0.989316977167288,4,0.629586011171341
9,1.08347478012244,0.060525858020125,4,0.629586011171341
15,1.08347478012244,0.45834336541738,4,0.629586011171341
24,1.08347478012244,0.58485935676181,4,0.629586011171341
33,1.08347478012244,0.814679022767506,4,0.629586011171341
40,1.08347478012244,0.122750799238311,4,0.629586011171341
45,1.08347478012244,0.976134507370332,4,0.629586011171341
62,1.08347478012244,0.469264241034848,4,0.629586011171341
65,1.08347478012244,0.887048128822445,4,0.629586011171341
71,1.08347478012244,0.836303392074179,4,0.629586011171341
82,1.08347478012244,0.954897627973401,4,0.629586011171341
99,1.08347478012244,0.872272515882506,4,0.629586011171341
101,1.08347478012244,0.975018830603489,4,0.629586011171341
104,1.08347478012244,0.122149109531662,4,0.629586011171341
111,1.08347478012244,0.0317467435901877,4,0.629586011171341
124,1.08347478012244,0.404024237433161,4,0.629586011171341
129,1.08347478012244,0.805748238334718,4,0.629586011171341
136,1.08347478012244,0.82522029609909,4,0.629586011171341
139,1.08347478012244,0.450435555055812,4,0.629586011171341
142,1.08347478012244,0.000854149421873451,4,0.629586011171341
151,1.08347478012244,0.601080810281163,4,0.629586011171341
157,1.08347478012244,0.957775092060332,4,0.629586011171341
172,1.08347478012244,0.89983292727157,4,0.629586011171341
200,1.08347478012244,0.952532446995252,4,0.629586011171341
201,1.08347478012244,0.942345771191084,4,0.629586011171341
216,1.08347478012244,0.0114237259082153,4,0.629586011171341
233,1.08347478012244,0.702392519326982,4,0.629586011171341
250,1.08347478012244,0.879084162788796,4,0.629586011171341
251,1.08347478012244,0.879506254378392,4,0.629586011171341
255,1.08347478012244,0.988581618553706,4,0.629586011171341
9,1.1101741194725,0.0484760537440458,4,0.629586011171341
15,1.1101741194725,0.422030320619616,4,0.629586011171341
24,1.1101741194725,0.557530405801035,4,0.629586011171341
33,1.1101741194725,0.7994052479107,4,0.629586011171341
40,1.1101741194725,0.0976367113065648,4,0.629586011171341
45,1.1101741194725,0.974538318588064,4,0.629586011171341
62,1.1101741194725,0.439322960783573,4,0.629586011171341
65,1.1101741194725,0.87760591420069,4,0.629586011171341
71,1.1101741194725,0.824863295541068,4,0.629586011171341
82,1.1101741194725,0.952583084503006,4,0.629586011171341
99,1.1101741194725,0.862836510079778,4,0.629586011171341
101,1.1101741194725,0.97348998706362,4,0.629586011171341
104,1.1101741194725,0.0965409101821154,4,0.629586011171341
111,1.1101741194725,0.025439297916533,4,0.629586011171341
124,1.1101741194725,0.384524182323315,4,0.629586011171341
129,1.1101741194725,0.791025718934753,4,0.629586011171341
136,1.1101741194725,0.812517531810609,4,0.629586011171341
139,1.1101741194725,0.416660545611716,4,0.629586011171341
142,1.1101741194725,0.000546925855737013,4,0.629586011171341
151,1.1101741194725,0.569942244618366,4,0.629586011171341
157,1.1101741194725,0.955096571249027,4,0.629586011171341
172,1.1101741194725,0.893212795848244,4,0.629586011171341
200,1.1101741194725,0.949974546844483,4,0.629586011171341
201,1.1101741194725,0.937709250666774,4,0.629586011171341
216,1.1101741194725,0.00797103340730654,4,0.629586011171341
233,1.1101741194725,0.686314037620549,4,0.629586011171341
250,1.1101741194725,0.868424910082931,4,0.629586011171341
251,1.1101741194725,0.870012424159065,4,0.629586011171341
255,1.1101741194725,0.987831601837639,4,0.629586011171341
9,1.13687345882257,0.0386072289794087,4,0.629586011171341
15,1.13687345882257,0.386697647073106,4,0.629586011171341
24,1.13687345882257,0.530337657817589,4,0.629586011171341
33,1.13687345882257,0.78433421635864,4,0.629586011171341
40,1.13687345882257,0.0769563806706177,4,0.629586011171341
45,1.13687345882257,0.972763771300764,4,0.629586011171341
62,1.13687345882257,0.411484697206713,4,0.629586011171341
65,1.13687345882257,0.867868263002718,4,0.629586011171341
71,1.13687345882257,0.813197016257942,4,0.629586011171341
82,1.13687345882257,0.950301768534415,4,0.629586011171341
99,1.13687345882257,0.853146644302791,4,0.629586011171341
101,1.13687345882257,0.971950451714372,4,0.629586011171341
104,1.13687345882257,0.0754593672978531,4,0.629586011171341
111,1.13687345882257,0.0204554717023941,4,0.629586011171341
124,1.13687345882257,0.366266372774332,4,0.629586011171341
129,1.13687345882257,0.77589896932872,4,0.629586011171341
136,1.13687345882257,0.799529699369253,4,0.629586011171341
139,1.13687345882257,0.384230489384299,4,0.629586011171341
142,1.13687345882257,0.000340093016434562,4,0.629586011171341
151,1.13687345882257,0.538578684895396,4,0.629586011171341
157,1.13687345882257,0.952380192491093,4,0.629586011171341
172,1.13687345882257,0.886602713243571,4,0.629586011171341
200,1.13687345882257,0.947418749285606,4,0.629586011171341
201,1.13687345882257,0.932871988313398,4,0.629586011171341
216,1.13687345882257,0.00570860780408355,4,0.629586011171341
233,1.13687345882257,0.670339594415094,4,0.629586011171341
250,1.13687345882257,0.857363935225601,4,0.629586011171341
251,1.13687345882257,0.860297509438019,4,0.629586011171341
255,1.13687345882257,0.987066080222552,4,0.629586011171341
9,1.16357279817263,0.0305823543140066,4,0.629586011171341
15,1.16357279817263,0.352581970572408,4,0.629586011171341
24,1.16357279817263,0.503379057361145,4,0.629586011171341
33,1.16357279817263,0.768478654410512,4,0.629586011171341
40,1.16357279817263,0.0603842357031285,4,0.629586011171341
45,1.16357279817263,0.97076466798984,4,0.629586011171341
62,1.16357279817263,0.384739560804886,4,0.629586011171341
65,1.16357279817263,0.857851741789468,4,0.629586011171341
71,1.16357279817263,0.800827701103546,4,0.629586011171341
82,1.16357279817263,0.948051750598506,4,0.629586011171341
99,1.16357279817263,0.843198536118203,4,0.629586011171341
101,1.16357279817263,0.970399075058584,4,0.629586011171341
104,1.16357279817263,0.0583765692560302,4,0.629586011171341
111,1.16357279817263,0.0165047493207796,4,0.629586011171341
124,1.16357279817263,0.349120841485378,4,0.629586011171341
129,1.16357279817263,0.760375483762539,4,0.629586011171341
136,1.16357279817263,0.78626373580854,4,0.629586011171341
139,1.16357279817263,0.353280355437674,4,0.629586011171341
142,1.16357279817263,0.000203893803242816,4,0.629586011171341
151,1.16357279817263,0.507192968763246,4,0.629586011171341
157,1.16357279817263,0.949623868206987,4,0.629586011171341
172,1.16357279817263,0.879891748684321,4,0.629586011171341
200,1.16357279817263,0.944863639151499,4,0.629586011171341
201,1.16357279817263,0.92782439095613,4,0.629586011171341
216,1.16357279817263,0.00407655806066376,4,0.629586011171341
233,1.16357279817263,0.654494561488472,4,0.629586011171341
250,1.16357279817263,0.84591852264977,4,0.629586011171341
251,1.16357279817263,0.850381519308219,4,0.629586011171341
255,1.16357279817263,0.986284172904958,4,0.629586011171341
9,1.1902721375227,0.0241024396165155,4,0.629586011171341
15,1.1902721375227,0.319501307623058,4,0.629586011171341
24,1.1902721375227,0.47675132739606,4,0.629586011171341
33,1.1902721375227,0.753163735202069,4,0.629586011171341
40,1.1902721375227,0.0472759792416008,4,0.629586011171341
45,1.1902721375227,0.968845170182273,4,0.629586011171341
62,1.1902721375227,0.359142665293169,4,0.629586011171341
65,1.1902721375227,0.847576110001662,4,0.629586011171341
71,1.1902721375227,0.788697740208271,4,0.629586011171341
82,1.1902721375227,0.945831183489171,4,0.629586011171341
99,1.1902721375227,0.832988571247988,4,0.629586011171341
101,1.1902721375227,0.968834688483405,4,0.629586011171341
104,1.1902721375227,0.0447166495884751,4,0.629586011171341
111,1.1902721375227,0.0133591764760517,4,0.629586011171341
124,1.1902721375227,0.332954626486048,4,0.629586011171341
129,1.1902721375227,0.744465703955282,4,0.629586011171341
136,1.1902721375227,0.772728776426318,4,0.629586011171341
139,1.1902721375227,0.323908978725364,4,0.629586011171341
142,1.1902721375227,0.000117139601790606,4,0.629586011171341
151,1.1902721375227,0.475994887770199,4,0.629586011171341
157,1.1902721375227,0.946825458914212,4,0.629586011171341
172,1.1902721375227,0.873078680387354,4,0.629586011171341
200,1.1902721375227,0.941920619207599,4,0.629586011171341
201,1.1902721375227,0.922556605359844,4,0.629586011171341
216,1.1902721375227,0.00289343975179635,4,0.629586011171341
233,1.1902721375227,0.638812964981831,4,0.629586011171341
250,1.1902721375227,0.834110334276698,4,0.629586011171341
251,1.1902721375227,0.840286451398122,4,0.629586011171341
255,1.1902721375227,0.985484963347658,4,0.629586011171341
9,1.21697147687276,0.0189050497721216,4,0.629586011171341
15,1.21697147687276,0.288454283584722,4,0.629586011171341
24,1.21697147687276,0.448927180904707,4,0.629586011171341
33,1.21697147687276,0.736615963410992,4,0.629586011171341
40,1.21697147687276,0.0370064657394139,4,0.629586011171341
45,1.21697147687276,0.966861637554206,4,0.629586011171341
62,1.21697147687276,0.334731828852768,4,0.629586011171341
65,1.21697147687276,0.837063680973201,4,0.629586011171341
71,1.21697147687276,0.776340685800505,4,0.629586011171341
82,1.21697147687276,0.943805610855601,4,0.629586011171341
99,1.21697147687276,0.822643441490361,4,0.629586011171341
101,1.21697147687276,0.967375824211043,4,0.629586011171341
104,1.21697147687276,0.0339114572382501,4,0.629586011171341
111,1.21697147687276,0.0105355143197925,4,0.629586011171341
124,1.21697147687276,0.317641231253223,4,0.629586011171341
129,1.21697147687276,0.726657906194717,4,0.629586011171341
136,1.21697147687276,0.758936266975654,4,0.629586011171341
139,1.21697147687276,0.296186575127547,4,0.629586011171341
142,1.21697147687276,6.18667504678205e-05,4,0.629586011171341
151,1.21697147687276,0.444613939383866,4,0.629586011171341
157,1.21697147687276,0.943862523252096,4,0.629586011171341
172,1.21697147687276,0.866162587752417,4,0.629586011171341
200,1.21697147687276,0.939358974523782,4,0.629586011171341
201,1.21697147687276,0.916173157257003,4,0.629586011171341
216,1.21697147687276,0.00203427431765524,4,0.629586011171341
233,1.21697147687276,0.623333506409605,4,0.629586011171341
250,1.21697147687276,0.821965009347436,4,0.629586011171341
251,1.21697147687276,0.830035719142887,4,0.629586011171341
255,1.21697147687276,0.984547666532482,4,0.629586011171341
9,1.24367081622283,0.0147624279151873,4,0.629586011171341
15,1.24367081622283,0.259181357864163,4,0.629586011171341
24,1.24367081622283,0.423274421810565,4,0.629586011171341
33,1.24367081622283,0.719773672809399,4,0.629586011171341
40,1.24367081622283,0.0290120810840604,4,0.629586011171341
45,1.24367081622283,0.964810412643214,4,0.629586011171341
62,1.24367081622283,0.311528600384493,4,0.629586011171341
65,1.24367081622283,0.826338423357038,4,0.629586011171341
71,1.24367081622283,0.763757860065109,4,0.629586011171341
82,1.24367081622283,0.941639720944365,4,0.629586011171341
99,1.24367081622283,0.811905075331106,4,0.629586011171341
101,1.24367081622283,0.965783966018528,4,0.629586011171341
104,1.24367081622283,0.0253841032403093,4,0.629586011171341
111,1.24367081622283,0.00856408508893491,4,0.629586011171341
124,1.24367081622283,0.30306828757655,4,0.629586011171341
129,1.24367081622283,0.709999765550153,4,0.629586011171341
136,1.24367081622283,0.744900039778704,4,0.629586011171341
139,1.24367081622283,0.270160484848624,4,0.629586011171341
142,1.24367081622283,3.20396715504101e-05,4,0.629586011171341
151,1.24367081622283,0.414427936619437,4,0.629586011171341
157,1.24367081622283,0.940970761284765,4,0.629586011171341
172,1.24367081622283,0.8591428664247,4,0.629586011171341
200,1.24367081622283,0.936794784085149,4,0.629586011171341
201,1.24367081622283,0.910404646645665,4,0.629586011171341
216,1.24367081622283,0.00141210771417788,4,0.629586011171341
233,1.24367081622283,0.60809682820426,4,0.629586011171341
250,1.24367081622283,0.8095115363852,4,0.629586011171341
251,1.24367081622283,0.819653455889072,4,0.629586011171341
255,1.24367081622283,0.98370848576426,4,0.629586011171341
9,1.27037015557289,0.0111958806952724,4,0.629586011171341
15,1.27037015557289,0.231805511920244,4,0.629586011171341
24,1.27037015557289,0.398220397573463,4,0.629586011171341
33,1.27037015557289,0.70267913338399,4,0.629586011171341
40,1.27037015557289,0.0229393285738799,4,0.629586011171341
45,1.27037015557289,0.962687679530003,4,0.629586011171341
62,1.27037015557289,0.289539692138749,4,0.629586011171341
65,1.27037015557289,0.815424845937702,4,0.629586011171341
71,1.27037015557289,0.750951601219577,4,0.629586011171341
82,1.27037015557289,0.939124229140543,4,0.629586011171341
99,1.27037015557289,0.800213902602695,4,0.629586011171341
101,1.27037015557289,0.964175455251265,4,0.629586011171341
104,1.27037015557289,0.0188236388956589,4,0.629586011171341
111,1.27037015557289,0.00697097941079861,4,0.629586011171341
124,1.27037015557289,0.289142059567055,4,0.629586011171341
129,1.27037015557289,0.693131240359838,4,0.629586011171341
136,1.27037015557289,0.730636344339591,4,0.629586011171341
139,1.27037015557289,0.245129281115893,4,0.629586011171341
142,1.27037015557289,1.56686377534854e-05,4,0.629586011171341
151,1.27037015557289,0.385028655844798,4,0.629586011171341
157,1.27037015557289,0.937795634256499,4,0.629586011171341
172,1.27037015557289,0.85201923953416,4,0.629586011171341
200,1.27037015557289,0.933899924136534,4,0.629586011171341
201,1.27037015557289,0.904385001644959,4,0.629586011171341
216,1.27037015557289,0.000964887721998098,4,0.629586011171341
233,1.27037015557289,0.593145065433136,4,0.629586011171341
250,1.27037015557289,0.796781423247064,4,0.629586011171341
251,1.27037015557289,0.809163732316535,4,0.629586011171341
255,1.27037015557289,0.982739157525707,4,0.629586011171341
9,1.29706949492296,0.00866353531641129,4,0.629586011171341
15,1.29706949492296,0.206412101933189,4,0.629586011171341
24,1.29706949492296,0.373838506879125,4,0.629586011171341
33,1.29706949492296,0.685376583373384,4,0.629586011171341
40,1.29706949492296,0.0181139555447403,4,0.629586011171341
45,1.29706949492296,0.960489464362068,4,0.629586011171341
62,1.29706949492296,0.268758622355614,4,0.629586011171341
65,1.29706949492296,0.804346755468283,4,0.629586011171341
71,1.29706949492296,0.737925356111315,4,0.629586011171341
82,1.29706949492296,0.937002862556544,4,0.629586011171341
99,1.29706949492296,0.788933402800792,4,0.629586011171341
101,1.29706949492296,0.962591597074814,4,0.629586011171341
104,1.29706949492296,0.0137790351527552,4,0.629586011171341
111,1.29706949492296,0.00567847536647792,4,0.629586011171341
124,1.29706949492296,0.275788725034946,4,0.629586011171341
129,1.29706949492296,0.675831802829628,4,0.629586011171341
136,1.29706949492296,0.716163823318776,4,0.629586011171341
139,1.29706949492296,0.222605691314907,4,0.629586011171341
142,1.29706949492296,7.16989134286194e-06,4,0.629586011171341
151,1.29706949492296,0.355442227752103,4,0.629586011171341
157,1.29706949492296,0.934799504277423,4,0.629586011171341
172,1.29706949492296,0.844791764305493,4,0.629586011171341
200,1.29706949492296,0.931325153361358,4,0.629586011171341
201,1.29706949492296,0.898103885441685,4,0.629586011171341
216,1.29706949492296,0.000647078587815653,4,0.629586011171341
233,1.29706949492296,0.578522381327261,4,0.629586011171341
250,1.29706949492296,0.78380772302737,4,0.629586011171341
251,1.29706949492296,0.79858974263994,4,0.629586011171341
255,1.29706949492296,0.981856053832281,4,0.629586011171341
9,1.32376883427302,0.00667709202069944,4,0.629586011171341
15,1.32376883427302,0.183046413721263,4,0.629586011171341
24,1.32376883427302,0.350193317377633,4,0.629586011171341
33,1.32376883427302,0.667910887797062,4,0.629586011171341
40,1.32376883427302,0.0143784368726533,4,0.629586011171341
45,1.32376883427302,0.958211637800216,4,0.629586011171341
62,1.32376883427302,0.249560097986446,4,0.629586011171341
65,1.32376883427302,0.793126023354614,4,0.629586011171341
71,1.32376883427302,0.724683772669411,4,0.629586011171341
82,1.32376883427302,0.934902855460547,4,0.629586011171341
99,1.32376883427302,0.777389694297022,4,0.629586011171341
101,1.32376883427302,0.960946638226572,4,0.629586011171341
104,1.32376883427302,0.00995594655647947,4,0.629586011171341
111,1.32376883427302,0.00462657325018134,4,0.629586011171341
124,1.32376883427302,0.262952813969384,4,0.629586011171341
129,1.32376883427302,0.658250396138188,4,0.629586011171341
136,1.32376883427302,0.701503425829065,4,0.629586011171341
139,1.32376883427302,0.201798394467736,4,0.629586011171341
142,1.32376883427302,3.05471364514531e-06,4,0.629586011171341
151,1.32376883427302,0.32813334386471,4,0.629586011171341
157,1.32376883427302,0.931749800785584,4,0.629586011171341
172,1.32376883427302,0.836638726063678,4,0.629586011171341
200,1.32376883427302,0.929000638484944,4,0.629586011171341
201,1.32376883427302,0.891629326868982,4,0.629586011171341
216,1.32376883427302,0.000424625721975214,4,0.629586011171341
233,1.32376883427302,0.564274556082435,4,0.629586011171341
250,1.32376883427302,0.770624003987249,4,0.629586011171341
251,1.32376883427302,0.787953032067467,4,0.629586011171341
255,1.32376883427302,0.980950468778,4,0.629586011171341
9,1.35046817362309,0.00512457174982983,4,0.629586011171341
15,1.35046817362309,0.161386572081329,4,0.629586011171341
24,1.35046817362309,0.327340083138623,4,0.629586011171341
33,1.35046817362309,0.650326100164222,4,0.629586011171341
40,1.35046817362309,0.0115428523714285,4,0.629586011171341
45,1.35046817362309,0.955849919781796,4,0.629586011171341
62,1.35046817362309,0.231110219661567,4,0.629586011171341
65,1.35046817362309,0.781781530131795,4,0.629586011171341
71,1.35046817362309,0.71123279045704,4,0.629586011171341
82,1.35046817362309,0.933945203395166,4,0.629586011171341
99,1.35046817362309,0.765586673950126,4,0.629586011171341
101,1.35046817362309,0.95928114279151,4,0.629586011171341
104,1.35046817362309,0.0070932885027063,4,0.629586011171341
111,1.35046817362309,0.00376297485700894,4,0.629586011171341
124,1.35046817362309,0.250593646274739,4,0.629586011171341
129,1.35046817362309,0.640417741166542,4,0.629586011171341
136,1.35046817362309,0.685474205512798,4,0.629586011171341
139,1.35046817362309,0.182671607217338,4,0.629586011171341
142,1.35046817362309,1.18785908775898e-06,4,0.629586011171341
151,1.35046817362309,0.302025339559818,4,0.629586011171341
157,1.35046817362309,0.928644055157597,4,0.629586011171341
172,1.35046817362309,0.829195913256609,4,0.629586011171341
200,1.35046817362309,0.926419932344273,4,0.629586011171341
201,1.35046817362309,0.884796229286542,4,0.629586011171341
216,1.35046817362309,0.000272311634283096,4,0.629586011171341
233,1.35046817362309,0.550446822056204,4,0.629586011171341
250,1.35046817362309,0.757263372928182,4,0.629586011171341
251,1.35046817362309,0.777272849106035,4,0.629586011171341
255,1.35046817362309,0.980021234339663,4,0.629586011171341
9,1.37716751297315,0.00399235407912624,4,0.629586011171341
15,1.37716751297315,0.142151357032011,4,0.629586011171341
24,1.37716751297315,0.306406768881441,4,0.629586011171341
33,1.37716751297315,0.632664060332875,4,0.629586011171341
40,1.37716751297315,0.00927345990032935,4,0.629586011171341
45,1.37716751297315,0.95339988704319,4,0.629586011171341
62,1.37716751297315,0.213787953502248,4,0.629586011171341
65,1.37716751297315,0.771040192013255,4,0.629586011171341
71,1.37716751297315,0.697579727230937,4,0.629586011171341
82,1.37716751297315,0.931994563785561,4,0.629586011171341
99,1.37716751297315,0.753628809861871,4,0.629586011171341
101,1.37716751297315,0.957296974382122,4,0.629586011171341
104,1.37716751297315,0.00497954410089707,4,0.629586011171341
111,1.37716751297315,0.00306273035050986,4,0.629586011171341
124,1.37716751297315,0.23868110397877,4,0.629586011171341
129,1.37716751297315,0.622367901139588,4,0.629586011171341
136,1.37716751297315,0.670506082457208,4,0.629586011171341
139,1.37716751297315,0.165168934026627,4,0.629586011171341
142,1.37716751297315,4.2861264359928e-07,4,0.629586011171341
151,1.37716751297315,0.277100124408736,4,0.629586011171341
157,1.37716751297315,0.925479743492931,4,0.629586011171341
172,1.37716751297315,0.821651883557039,4,0.629586011171341
200,1.37716751297315,0.923895136122785,4,0.629586011171341
201,1.37716751297315,0.87767142072579,4,0.629586011171341
216,1.37716751297315,0.000163879763714569,4,0.629586011171341
233,1.37716751297315,0.537080636498784,4,0.629586011171341
250,1.37716751297315,0.743757665095536,4,0.629586011171341
251,1.37716751297315,0.766565707248797,4,0.629586011171341
255,1.37716751297315,0.979067134381889,4,0.629586011171341
9,1.40386685232321,0.00303580090977895,4,0.629586011171341
15,1.40386685232321,0.124780150651129,4,0.629586011171341
24,1.40386685232321,0.285216791592265,4,0.629586011171341
33,1.40386685232321,0.614754434036849,4,0.629586011171341
40,1.40386685232321,0.00750040988331102,4,0.629586011171341
45,1.40386685232321,0.95085698389431,4,0.629586011171341
62,1.40386685232321,0.197552436914084,4,0.629586011171341
65,1.40386685232321,0.759495599952169,4,0.629586011171341
71,1.40386685232321,0.683733359062213,4,0.629586011171341
82,1.40386685232321,0.929986124776032,4,0.629586011171341
99,1.40386685232321,0.741326701063756,4,0.629586011171341
101,1.40386685232321,0.955581980931004,4,0.629586011171341
104,1.40386685232321,0.00343495951441797,4,0.629586011171341
111,1.40386685232321,0.00248987942321732,4,0.629586011171341
124,1.40386685232321,0.227192071129846,4,0.629586011171341
129,1.40386685232321,0.604138150139698,4,0.629586011171341
136,1.40386685232321,0.65542657840481,4,0.629586011171341
139,1.40386685232321,0.149216191449886,4,0.629586011171341
142,1.40386685232321,1.40520851177328e-07,4,0.629586011171341
151,1.40386685232321,0.253617715404869,4,0.629586011171341
157,1.40386685232321,0.922254287710149,4,0.629586011171341
172,1.40386685232321,0.813886041460842,4,0.629586011171341
200,1.40386685232321,0.921305544890866,4,0.629586011171341
201,1.40386685232321,0.870245501966598,4,0.629586011171341
216,1.40386685232321,9.88278730771341e-05,4,0.629586011171341
233,1.40386685232321,0.524210757958714,4,0.629586011171341
250,1.40386685232321,0.73013689361426,4,0.629586011171341
251,1.40386685232321,0.755845227601933,4,0.629586011171341
255,1.40386685232321,0.978086902950742,4,0.629586011171341
9,1.43056619167328,0.00229435238959808,4,0.629586011171341
15,1.43056619167328,0.109254422900007,4,0.629586011171341
24,1.43056619167328,0.264928492409591,4,0.629586011171341
33,1.43056619167328,0.597049499449809,4,0.629586011171341
40,1.43056619167328,0.00607341202423306,4,0.629586011171341
45,1.43056619167328,0.948216536788732,4,0.629586011171341
62,1.43056619167328,0.182855154140585,4,0.629586011171341
65,1.43056619167328,0.747860756175434,4,0.629586011171341
71,1.43056619167328,0.669703991219675,4,0.629586011171341
82,1.43056619167328,0.927634087939603,4,0.629586011171341
99,1.43056619167328,0.728788008332939,4,0.629586011171341
101,1.43056619167328,0.953842322771759,4,0.629586011171341
104,1.43056619167328,0.00233236772852286,4,0.629586011171341
111,1.43056619167328,0.00202079524503307,4,0.629586011171341
124,1.43056619167328,0.216108252230995,4,0.629586011171341
129,1.43056619167328,0.58576879109745,4,0.629586011171341
136,1.43056619167328,0.641249337343634,4,0.629586011171341
139,1.43056619167328,0.134491138942624,4,0.629586011171341
142,1.43056619167328,4.1451024834771e-08,4,0.629586011171341
151,1.43056619167328,0.231505262786957,4,0.629586011171341
157,1.43056619167328,0.918965057233297,4,0.629586011171341
172,1.43056619167328,0.806142689574192,4,0.629586011171341
200,1.43056619167328,0.918108895709776,4,0.629586011171341
201,1.43056619167328,0.862384317268021,4,0.629586011171341
216,1.43056619167328,5.76748227332224e-05,4,0.629586011171341
233,1.43056619167328,0.511863630356134,4,0.629586011171341
250,1.43056619167328,0.716429007160284,4,0.629586011171341
251,1.43056619167328,0.745122305276944,4,0.629586011171341
255,1.43056619167328,0.977079222632193,4,0.629586011171341
15,0.906064030528068,0.953775018302237,4,0.887977749109268
24,0.906064030528068,0.981322344076288,4,0.887977749109268
40,0.906064030528068,0.941000934819224,4,0.887977749109268
45,0.906064030528068,0.99904472364467,4,0.887977749109268
65,0.906064030528068,0.995320571264517,4,0.887977749109268
71,0.906064030528068,0.994846950940119,4,0.887977749109268
82,0.906064030528068,0.997876374824695,4,0.887977749109268
99,0.906064030528068,0.995594491923797,4,0.887977749109268
101,0.906064030528068,0.998708261197784,4,0.887977749109268
124,0.906064030528068,0.937852965319267,4,0.887977749109268
129,0.906064030528068,0.995155279922163,4,0.887977749109268
136,0.906064030528068,0.994939452238998,4,0.887977749109268
151,0.906064030528068,0.981853626458837,4,0.887977749109268
157,0.906064030528068,0.998427800297525,4,0.887977749109268
15,0.924150311946869,0.905470649792645,4,0.887977749109268
24,0.924150311946869,0.964000412140278,4,0.887977749109268
40,0.924150311946869,0.883710698569155,4,0.887977749109268
45,0.924150311946869,0.998094679726348,4,0.887977749109268
65,0.924150311946869,0.990513370275568,4,0.887977749109268
71,0.924150311946869,0.989659745469407,4,0.887977749109268
82,0.924150311946869,0.995404868933805,4,0.887977749109268
99,0.924150311946869,0.991261543181103,4,0.887977749109268
101,0.924150311946869,0.997685435651532,4,0.887977749109268
124,0.924150311946869,0.884065316475982,4,0.887977749109268
129,0.924150311946869,0.989392584400468,4,0.887977749109268
136,0.924150311946869,0.990377370454076,4,0.887977749109268
151,0.924150311946869,0.961937398038153,4,0.887977749109268
157,0.924150311946869,0.996849509599881,4,0.887977749109268
15,0.942236593365669,0.85773236327461,4,0.887977749109268
24,0.942236593365669,0.944796530322749,4,0.887977749109268
40,0.942236593365669,0.828675494768134,4,0.887977749109268
45,0.942236593365669,0.997154571934369,4,0.887977749109268
65,0.942236593365669,0.985575184666466,4,0.887977749109268
71,0.942236593365669,0.984437288124954,4,0.887977749109268
82,0.942236593365669,0.993326915851278,4,0.887977749109268
99,0.942236593365669,0.986877025696016,4,0.887977749109268
101,0.942236593365669,0.996662158487864,4,0.887977749109268
124,0.942236593365669,0.835503515059278,4,0.887977749109268
129,0.942236593365669,0.984412058673988,4,0.887977749109268
136,0.942236593365669,0.985777980562447,4,0.887977749109268
151,0.942236593365669,0.942586853817519,4,0.887977749109268
157,0.942236593365669,0.995196839566395,4,0.887977749109268
15,0.96032287478447,0.809530858027125,4,0.887977749109268
24,0.96032287478447,0.92531599278531,4,0.887977749109268
40,0.96032287478447,0.771646292356385,4,0.887977749109268
45,0.96032287478447,0.996035074847268,4,0.887977749109268
65,0.96032287478447,0.980502834551611,4,0.887977749109268
71,0.96032287478447,0.979178487334482,4,0.887977749109268
82,0.96032287478447,0.991080113971899,4,0.887977749109268
99,0.96032287478447,0.982263757596797,4,0.887977749109268
101,0.96032287478447,0.995638101936405,4,0.887977749109268
124,0.96032287478447,0.790590564570555,4,0.887977749109268
129,0.96032287478447,0.979372868317567,4,0.887977749109268
136,0.96032287478447,0.980376106798318,4,0.887977749109268
151,0.96032287478447,0.922340002004351,4,0.887977749109268
157,0.96032287478447,0.993487621581491,4,0.887977749109268
15,0.97840915620327,0.761182029932733,4,0.887977749109268
24,0.97840915620327,0.905569717897793,4,0.887977749109268
40,0.97840915620327,0.71518870903294,4,0.887977749109268
45,0.97840915620327,0.995065770210345,4,0.887977749109268
65,0.97840915620327,0.975120216966848,4,0.887977749109268
71,0.97840915620327,0.973611772283029,4,0.887977749109268
82,0.97840915620327,0.989044564184487,4,0.887977749109268
99,0.97840915620327,0.978052886328291,4,0.887977749109268
101,0.97840915620327,0.994612937785729,4,0.887977749109268
124,0.97840915620327,0.748569719963985,4,0.887977749109268
129,0.97840915620327,0.974194512303667,4,0.887977749109268
136,0.97840915620327,0.975680481947781,4,0.887977749109268
151,0.97840915620327,0.901845229497496,4,0.887977749109268
157,0.97840915620327,0.991884791347629,4,0.887977749109268
15,0.99649543762207,0.712707228132202,4,0.887977749109268
24,0.99649543762207,0.88407131344273,4,0.887977749109268
40,0.99649543762207,0.659620406912148,4,0.887977749109268
45,0.99649543762207,0.994066308843649,4,0.887977749109268
65,0.99649543762207,0.969767353381284,4,0.887977749109268
71,0.99649543762207,0.968272608917928,4,0.887977749109268
82,0.99649543762207,0.987259514195287,4,0.887977749109268
99,0.99649543762207,0.973611204040215,4,0.887977749109268
101,0.99649543762207,0.993814839578085,4,0.887977749109268
124,0.99649543762207,0.709069825252278,4,0.887977749109268
129,0.99649543762207,0.967816314661064,4,0.887977749109268
136,0.99649543762207,0.971599874610386,4,0.887977749109268
151,0.99649543762207,0.87787372274179,4,0.887977749109268
157,0.99649543762207,0.99008137093183,4,0.887977749109268
15,1.01458171904087,0.663288285850298,4,0.887977749109268
24,1.01458171904087,0.866022987613617,4,0.887977749109268
40,1.01458171904087,0.60526224349437,4,0.887977749109268
45,1.01458171904087,0.993013215605675,4,0.887977749109268
65,1.01458171904087,0.964328031949122,4,0.887977749109268
71,1.01458171904087,0.962590174544553,4,0.887977749109268
82,1.01458171904087,0.984943994545021,4,0.887977749109268
99,1.01458171904087,0.968267012107519,4,0.887977749109268
101,1.01458171904087,0.992580237097608,4,0.887977749109268
124,1.01458171904087,0.671887629264339,4,0.887977749109268
129,1.01458171904087,0.962180207122013,4,0.887977749109268
136,1.01458171904087,0.966830900513385,4,0.887977749109268
151,1.01458171904087,0.85501385677698,4,0.887977749109268
157,1.01458171904087,0.988034619023162,4,0.887977749109268
15,1.03266800045967,0.615828925441756,4,0.887977749109268
24,1.03266800045967,0.847962344247959,4,0.887977749109268
40,1.03266800045967,0.553855226425341,4,0.887977749109268
45,1.03266800045967,0.991986854282099,4,0.887977749109268
65,1.03266800045967,0.959441194663977,4,0.887977749109268
71,1.03266800045967,0.957520741153648,4,0.887977749109268
82,1.03266800045967,0.982970048443579,4,0.887977749109268
99,1.03266800045967,0.963683683824288,4,0.887977749109268
101,1.03266800045967,0.991549886636373,4,0.887977749109268
124,1.03266800045967,0.636889371532167,4,0.887977749109268
129,1.03266800045967,0.956853922723574,4,0.887977749109268
136,1.03266800045967,0.960727657068,4,0.887977749109268
151,1.03266800045967,0.830259283402899,4,0.887977749109268
157,1.03266800045967,0.986307521278731,4,0.887977749109268
15,1.05075428187847,0.568909306697372,4,0.887977749109268
24,1.05075428187847,0.826613445514318,4,0.887977749109268
40,1.05075428187847,0.504597417233405,4,0.887977749109268
45,1.05075428187847,0.990973114328194,4,0.887977749109268
65,1.05075428187847,0.953665250264956,4,0.887977749109268
71,1.05075428187847,0.952060437457717,4,0.887977749109268
82,1.05075428187847,0.981014777555697,4,0.887977749109268
99,1.05075428187847,0.958947638905067,4,0.887977749109268
101,1.05075428187847,0.990517054903507,4,0.887977749109268
124,1.05075428187847,0.603967186772723,4,0.887977749109268
129,1.05075428187847,0.9514610096529,4,0.887977749109268
136,1.05075428187847,0.954879347509291,4,0.887977749109268
151,1.05075428187847,0.807503570657944,4,0.887977749109268
157,1.05075428187847,0.984657403362383,4,0.887977749109268
15,1.06884056329727,0.521661895257186,4,0.887977749109268
24,1.06884056329727,0.805772543202638,4,0.887977749109268
40,1.06884056329727,0.458154299165221,4,0.887977749109268
45,1.06884056329727,0.989919859548947,4,0.887977749109268
65,1.06884056329727,0.947737472159325,4,0.887977749109268
71,1.06884056329727,0.946557420998275,4,0.887977749109268
82,1.06884056329727,0.979077410295311,4,0.887977749109268
99,1.06884056329727,0.953921060709775,4,0.887977749109268
101,1.06884056329727,0.989481406438478,4,0.887977749109268
124,1.06884056329727,0.573019414614807,4,0.887977749109268
129,1.06884056329727,0.945999942156661,4,0.887977749109268
136,1.06884056329727,0.949864857389614,4,0.887977749109268
151,1.06884056329727,0.784276071280683,4,0.887977749109268
157,1.06884056329727,0.982997143731912,4,0.887977749109268
15,1.08692684471607,0.477010575942531,4,0.887977749109268
24,1.08692684471607,0.784760762945275,4,0.887977749109268
40,1.08692684471607,0.409605226470362,4,0.887977749109268
45,1.08692684471607,0.988852209609386,4,0.887977749109268
65,1.08692684471607,0.941655345927262,4,0.887977749109268
71,1.08692684471607,0.941010666866636,4,0.887977749109268
82,1.08692684471607,0.977157195845932,4,0.887977749109268
99,1.08692684471607,0.949055962245885,4,0.887977749109268
101,1.08692684471607,0.988442604035197,4,0.887977749109268
124,1.08692684471607,0.543942150092658,4,0.887977749109268
129,1.08692684471607,0.940469204528589,4,0.887977749109268
136,1.08692684471607,0.944876156144141,4,0.887977749109268
151,1.08692684471607,0.760607699407481,4,0.887977749109268
157,1.08692684471607,0.981326222690229,4,0.887977749109268
15,1.10501312613487,0.433905420751964,4,0.887977749109268
24,1.10501312613487,0.763599765897654,4,0.887977749109268
40,1.10501312613487,0.366032588915488,4,0.887977749109268
45,1.10501312613487,0.987923441743671,4,0.887977749109268
65,1.10501312613487,0.935416533536612,4,0.887977749109268
71,1.10501312613487,0.935419166329691,4,0.887977749109268
82,1.10501312613487,0.975253403541066,4,0.887977749109268
99,1.10501312613487,0.944127021779335,4,0.887977749109268
101,1.10501312613487,0.98740030852387,4,0.887977749109268
124,1.10501312613487,0.516626596998967,4,0.887977749109268
129,1.10501312613487,0.934867294588665,4,0.887977749109268
136,1.10501312613487,0.939839847881524,4,0.887977749109268
151,1.10501312613487,0.736534111923594,4,0.887977749109268
157,1.10501312613487,0.979644116463923,4,0.887977749109268
15,1.12309940755367,0.392583701627704,4,0.887977749109268
24,1.12309940755367,0.742312756166546,4,0.887977749109268
40,1.12309940755367,0.324613334709004,4,0.887977749109268
45,1.12309940755367,0.98677400749115,4,0.887977749109268
65,1.12309940755367,0.929018896206643,4,0.887977749109268
71,1.12309940755367,0.929781928885293,4,0.887977749109268
82,1.12309940755367,0.973365322286798,4,0.887977749109268
99,1.12309940755367,0.939132964171583,4,0.887977749109268
101,1.12309940755367,0.986354178554194,4,0.887977749109268
124,1.12309940755367,0.490959579488877,4,0.887977749109268
129,1.12309940755367,0.929192727451362,4,0.887977749109268
136,1.12309940755367,0.934754802664804,4,0.887977749109268
151,1.12309940755367,0.712095819974953,4,0.887977749109268
157,1.12309940755367,0.977950297168003,4,0.887977749109268
15,1.14118568897247,0.35304948899026,4,0.887977749109268
24,1.14118568897247,0.723198324380215,4,0.887977749109268
40,1.14118568897247,0.286103336113015,4,0.887977749109268
45,1.14118568897247,0.985544483838544,4,0.887977749109268
65,1.14118568897247,0.9224605180377,4,0.887977749109268
71,1.14118568897247,0.924253161370085,4,0.887977749109268
82,1.14118568897247,0.970887285316111,4,0.887977749109268
99,1.14118568897247,0.934072536559545,4,0.887977749109268
101,1.14118568897247,0.985303870380068,4,0.887977749109268
124,1.14118568897247,0.466825812660895,4,0.887977749109268
129,1.14118568897247,0.922116210824481,4,0.887977749109268
136,1.14118568897247,0.929619888547205,4,0.887977749109268
151,1.14118568897247,0.685988664037392,4,0.887977749109268
157,1.14118568897247,0.976244232789181,4,0.887977749109268
15,1.15927197039127,0.315918419318753,4,0.887977749109268
24,1.15927197039127,0.701747266339305,4,0.887977749109268
40,1.15927197039127,0.250592421226406,4,0.887977749109268
45,1.15927197039127,0.984413733614957,4,0.887977749109268
65,1.15927197039127,0.915739730249597,4,0.887977749109268
71,1.15927197039127,0.918523781235814,4,0.887977749109268
82,1.15927197039127,0.968685230114814,4,0.887977749109268
99,1.15927197039127,0.928944512335991,4,0.887977749109268
101,1.15927197039127,0.984249037646112,4,0.887977749109268
124,1.15927197039127,0.444111020202122,4,0.887977749109268
129,1.15927197039127,0.916266414438045,4,0.887977749109268
136,1.15927197039127,0.92443397273713,4,0.887977749109268
151,1.15927197039127,0.659134953388701,4,0.887977749109268
157,1.15927197039127,0.974415674078683,4,0.887977749109268
15,1.17735825181007,0.280682436948887,4,0.887977749109268
24,1.17735825181007,0.680245057316522,4,0.887977749109268
40,1.17735825181007,0.21897769078742,4,0.887977749109268
45,1.17735825181007,0.983266158693641,4,0.887977749109268
65,1.17735825181007,0.908855135844335,4,0.887977749109268
71,1.17735825181007,0.912284794068415,4,0.887977749109268
82,1.17735825181007,0.966835110987209,4,0.887977749109268
99,1.17735825181007,0.92310338526201,4,0.887977749109268
101,1.17735825181007,0.982767369084263,4,0.887977749109268
124,1.17735825181007,0.4227051558802,4,0.887977749109268
129,1.17735825181007,0.910929655515245,4,0.887977749109268
136,1.17735825181007,0.919195922867574,4,0.887977749109268
151,1.17735825181007,0.63388590380725,4,0.887977749109268
157,1.17735825181007,0.972282101339462,4,0.887977749109268
15,1.19544453322887,0.248371112526752,4,0.887977749109268
24,1.19544453322887,0.658720230077324,4,0.887977749109268
40,1.19544453322887,0.188912464924475,4,0.887977749109268
45,1.19544453322887,0.982101238460302,4,0.887977749109268
65,1.19544453322887,0.901805634481908,4,0.887977749109268
71,1.19544453322887,0.906451797975688,4,0.887977749109268
82,1.19544453322887,0.964998132600705,4,0.887977749109268
99,1.19544453322887,0.917552080072441,4,0.887977749109268
101,1.19544453322887,0.981697008636796,4,0.887977749109268
124,1.19544453322887,0.402505155422525,4,0.887977749109268
129,1.19544453322887,0.903551648863481,4,0.887977749109268
136,1.19544453322887,0.912712140117292,4,0.887977749109268
151,1.19544453322887,0.607743770098869,4,0.887977749109268
157,1.19544453322887,0.970528534509259,4,0.887977749109268
15,1.21353081464767,0.218580955596486,4,0.887977749109268
24,1.21353081464767,0.635072007105516,4,0.887977749109268
40,1.21353081464767,0.162416832244671,4,0.887977749109268
45,1.21353081464767,0.980918437598091,4,0.887977749109268
65,1.21353081464767,0.894590447332653,4,0.887977749109268
71,1.21353081464767,0.900568529134953,4,0.887977749109268
82,1.21353081464767,0.963173670706081,4,0.887977749109268
99,1.21353081464767,0.912321713623659,4,0.887977749109268
101,1.21353081464767,0.98074126095847,4,0.887977749109268
124,1.21353081464767,0.383416889820174,4,0.887977749109268
129,1.21353081464767,0.897457474128883,4,0.887977749109268
136,1.21353081464767,0.907346278130136,4,0.887977749109268
151,1.21353081464767,0.582271827096224,4,0.887977749109268
157,1.21353081464767,0.968760528555881,4,0.887977749109268
15,1.23161709606647,0.191343696352141,4,0.887977749109268
24,1.23161709606647,0.613607794347757,4,0.887977749109268
40,1.23161709606647,0.138795065201568,4,0.887977749109268
45,1.23161709606647,0.979749798336343,4,0.887977749109268
65,1.23161709606647,0.887209141646684,4,0.887977749109268
71,1.23161709606647,0.894634159412599,4,0.887977749109268
82,1.23161709606647,0.961555407946624,4,0.887977749109268
99,1.23161709606647,0.906897555070737,4,0.887977749109268
101,1.23161709606647,0.979660757881259,4,0.887977749109268
124,1.23161709606647,0.365356230121064,4,0.887977749109268
129,1.23161709606647,0.891282502122985,4,0.887977749109268
136,1.23161709606647,0.901924854549425,4,0.887977749109268
151,1.23161709606647,0.556786503776336,4,0.887977749109268
157,1.23161709606647,0.966860034872487,4,0.887977749109268
15,1.24970337748528,0.166650476464401,4,0.887977749109268
24,1.24970337748528,0.592215607737291,4,0.887977749109268
40,1.24970337748528,0.11856261934411,4,0.887977749109268
45,1.24970337748528,0.978530199862852,4,0.887977749109268
65,1.24970337748528,0.879661654761502,4,0.887977749109268
71,1.24970337748528,0.888647897351696,4,0.887977749109268
82,1.24970337748528,0.959332788612961,4,0.887977749109268
99,1.24970337748528,0.901400236119193,4,0.887977749109268
101,1.24970337748528,0.978573935596627,4,0.887977749109268
124,1.24970337748528,0.348249295693018,4,0.887977749109268
129,1.24970337748528,0.885025528588134,4,0.887977749109268
136,1.24970337748528,0.896446759960096,4,0.887977749109268
151,1.24970337748528,0.531358502659747,4,0.887977749109268
157,1.24970337748528,0.964831251384465,4,0.887977749109268
15,1.26778965890408,0.144453734281402,4,0.887977749109268
24,1.26778965890408,0.570927368384287,4,0.887977749109268
40,1.26778965890408,0.100171545660565,4,0.887977749109268
45,1.26778965890408,0.977222727020777,4,0.887977749109268
65,1.26778965890408,0.871948317254683,4,0.887977749109268
71,1.26778965890408,0.882608991401025,4,0.887977749109268
82,1.26778965890408,0.957540786987744,4,0.887977749109268
99,1.26778965890408,0.895144671086131,4,0.887977749109268
101,1.26778965890408,0.977480426805291,4,0.887977749109268
124,1.26778965890408,0.332032039901771,4,0.887977749109268
129,1.26778965890408,0.878812817572491,4,0.887977749109268
136,1.26778965890408,0.890910894092846,4,0.887977749109268
151,1.26778965890408,0.506060874357166,4,0.887977749109268
157,1.26778965890408,0.96301244119278,4,0.887977749109268
15,1.28587594032288,0.124670397069574,4,0.887977749109268
24,1.28587594032288,0.549775396391257,4,0.887977749109268
40,1.28587594032288,0.0841802309001829,4,0.887977749109268
45,1.28587594032288,0.975961926796938,4,0.887977749109268
65,1.28587594032288,0.864069874939179,4,0.887977749109268
71,1.28587594032288,0.876516733297265,4,0.887977749109268
82,1.28587594032288,0.955759007728679,4,0.887977749109268
99,1.28587594032288,0.889490590866314,4,0.887977749109268
101,1.28587594032288,0.976422590144945,4,0.887977749109268
124,1.28587594032288,0.316649361274572,4,0.887977749109268
129,1.28587594032288,0.872389790189955,4,0.887977749109268
136,1.28587594032288,0.885316167886964,4,0.887977749109268
151,1.28587594032288,0.480968192186288,4,0.887977749109268
157,1.28587594032288,0.961176980764115,4,0.887977749109268
15,1.30396222174168,0.107186243144895,4,0.887977749109268
24,1.30396222174168,0.528792214611908,4,0.887977749109268
40,1.30396222174168,0.0703887196225166,4,0.887977749109268
45,1.30396222174168,0.974680316454557,4,0.887977749109268
65,1.30396222174168,0.856027509398005,4,0.887977749109268
71,1.30396222174168,0.870370461598696,4,0.887977749109268
82,1.30396222174168,0.953986909503208,4,0.887977749109268
99,1.30396222174168,0.883760804898028,4,0.887977749109268
101,1.30396222174168,0.975315040077613,4,0.887977749109268
124,1.30396222174168,0.302053935637217,4,0.887977749109268
129,1.30396222174168,0.865881508201951,4,0.887977749109268
136,1.30396222174168,0.879661505705823,4,0.887977749109268
151,1.30396222174168,0.45467785097539,4,0.887977749109268
157,1.30396222174168,0.959324304328647,4,0.887977749109268
15,1.32204850316048,0.0916736952602075,4,0.887977749109268
24,1.32204850316048,0.509883837913998,4,0.887977749109268
40,1.32204850316048,0.0585886362473353,4,0.887977749109268
45,1.32204850316048,0.973377262295697,4,0.887977749109268
65,1.32204850316048,0.847822856759388,4,0.887977749109268
71,1.32204850316048,0.864169565367073,4,0.887977749109268
82,1.32204850316048,0.952223967054829,4,0.887977749109268
99,1.32204850316048,0.877954557692383,4,0.887977749109268
101,1.32204850316048,0.974199674210297,4,0.887977749109268
124,1.32204850316048,0.288204946283144,4,0.887977749109268
129,1.32204850316048,0.859287051493188,4,0.887977749109268
136,1.32204850316048,0.873945847712449,4,0.887977749109268
151,1.32204850316048,0.430260489453113,4,0.887977749109268
157,1.32204850316048,0.95745384330909,4,0.887977749109268
15,1.34013478457928,0.0783719738817782,4,0.887977749109268
24,1.34013478457928,0.489309506278524,4,0.887977749109268
40,1.34013478457928,0.0488405100954832,4,0.887977749109268
45,1.34013478457928,0.972052112580291,4,0.887977749109268
65,1.34013478457928,0.839458024428442,4,0.887977749109268
71,1.34013478457928,0.857913487993139,4,0.887977749109268
82,1.34013478457928,0.951107123203744,4,0.887977749109268
99,1.34013478457928,0.872071172101471,4,0.887977749109268
101,1.34013478457928,0.973076108192482,4,0.887977749109268
124,1.34013478457928,0.275066844123349,4,0.887977749109268
129,1.34013478457928,0.851071809026228,4,0.887977749109268
136,1.34013478457928,0.868168152411315,4,0.887977749109268
151,1.34013478457928,0.405321710422983,4,0.887977749109268
157,1.34013478457928,0.955432553802198,4,0.887977749109268
15,1.35822106599808,0.0667236279605153,4,0.887977749109268
24,1.35822106599808,0.468997977198971,4,0.887977749109268
40,1.35822106599808,0.0404793308378006,4,0.887977749109268
45,1.35822106599808,0.970704197021203,4,0.887977749109268
65,1.35822106599808,0.83168934045386,4,0.887977749109268
71,1.35822106599808,0.851601731159148,4,0.887977749109268
82,1.35822106599808,0.949387783715928,4,0.887977749109268
99,1.35822106599808,0.866212805901114,4,0.887977749109268
101,1.35822106599808,0.971645911181273,4,0.887977749109268
124,1.35822106599808,0.262608210151721,4,0.887977749109268
129,1.35822106599808,0.844282741284708,4,0.887977749109268
136,1.35822106599808,0.861087365568967,4,0.887977749109268
151,1.35822106599808,0.381725478233146,4,0.887977749109268
157,1.35822106599808,0.953523090502287,4,0.887977749109268
15,1.37630734741688,0.0570236566459388,4,0.887977749109268
24,1.37630734741688,0.450493074604095,4,0.887977749109268
40,1.37630734741688,0.0333486906983832,4,0.887977749109268
45,1.37630734741688,0.969332826274475,4,0.887977749109268
65,1.37630734741688,0.823019008295911,4,0.887977749109268
71,1.37630734741688,0.845407194800948,4,0.887977749109268
82,1.37630734741688,0.947659716525111,4,0.887977749109268
99,1.37630734741688,0.860174300089819,4,0.887977749109268
101,1.37630734741688,0.970501845965698,4,0.887977749109268
124,1.37630734741688,0.250800739368764,4,0.887977749109268
129,1.37630734741688,0.837405608125701,4,0.887977749109268
136,1.37630734741688,0.855171484995081,4,0.887977749109268
151,1.37630734741688,0.358839268932622,4,0.887977749109268
157,1.37630734741688,0.951594119968155,4,0.887977749109268
15,1.39439362883568,0.0486590880242606,4,0.887977749109268
24,1.39439362883568,0.430761396879726,4,0.887977749109268
40,1.39439362883568,0.0274111626101661,4,0.887977749109268
45,1.39439362883568,0.967937291425652,4,0.887977749109268
65,1.39439362883568,0.814195357487438,4,0.887977749109268
71,1.39439362883568,0.838984337635276,4,0.887977749109268
82,1.39439362883568,0.945526586545125,4,0.887977749109268
99,1.39439362883568,0.853743342173122,4,0.887977749109268
101,1.39439362883568,0.969348422330268,4,0.887977749109268
124,1.39439362883568,0.239618334405082,4,0.887977749109268
129,1.39439362883568,0.830439924647951,4,0.887977749109268
136,1.39439362883568,0.847814216105816,4,0.887977749109268
151,1.39439362883568,0.336584385498129,4,0.887977749109268
157,1.39439362883568,0.949645065774181,4,0.887977749109268
15,1.41247991025448,0.0415819852192688,4,0.887977749109268
24,1.41247991025448,0.411383030490117,4,0.887977749109268
40,1.41247991025448,0.0224918018251469,4,0.887977749109268
45,1.41247991025448,0.966516863473456,4,0.887977749109268
65,1.41247991025448,0.805224330910888,4,0.887977749109268
71,1.41247991025448,0.832504656925902,4,0.887977749109268
82,1.41247991025448,0.94380587002052,4,0.887977749109268
99,1.41247991025448,0.846831083847668,4,0.887977749109268
101,1.41247991025448,0.96818523620572,4,0.887977749109268
124,1.41247991025448,0.229036291579786,4,0.887977749109268
129,1.41247991025448,0.824029689063964,4,0.887977749109268
136,1.41247991025448,0.841751549259003,4,0.887977749109268
151,1.41247991025448,0.314004573776443,4,0.887977749109268
157,1.41247991025448,0.947200690928184,4,0.887977749109268
15,1.43056619167328,0.0356254462275388,4,0.887977749109268
24,1.43056619167328,0.39238663486983,4,0.887977749109268
40,1.43056619167328,0.0183460318410081,4,0.887977749109268
45,1.43056619167328,0.965070792812122,4,0.887977749109268
65,1.43056619167328,0.796110694514478,4,0.887977749109268
71,1.43056619167328,0.825967928090469,4,0.887977749109268
82,1.43056619167328,0.941717698857121,4,0.887977749109268
99,1.43056619167328,0.840544632104898,4,0.887977749109268
101,1.43056619167328,0.96649836744174,4,0.887977749109268
124,1.43056619167328,0.219030575181209,4,0.887977749109268
129,1.43056619167328,0.816891848161167,4,0.887977749109268
136,1.43056619167328,0.836748902567255,4,0.887977749109268
151,1.43056619167328,0.293214021120698,4,0.887977749109268
157,1.43056619167328,0.945204565815197,4,0.887977749109268
2,0.406175843377908,0.984168316974511,5,0.370852038264275
21,0.406175843377908,0.976765446670004,5,0.370852038264275
35,0.406175843377908,0.970047491897695,5,0.370852038264275
44,0.406175843377908,0.994120158263355,5,0.370852038264275
48,0.406175843377908,0.990009550951412,5,0.370852038264275
50,0.406175843377908,0.984409215560129,5,0.370852038264275
51,0.406175843377908,0.953269961256432,5,0.370852038264275
54,0.406175843377908,0.95265919472357,5,0.370852038264275
55,0.406175843377908,0.670418728049588,5,0.370852038264275
59,0.406175843377908,0.98874680457217,5,0.370852038264275
72,0.406175843377908,0.999273023845261,5,0.370852038264275
81,0.406175843377908,0.927154539634721,5,0.370852038264275
88,0.406175843377908,0.998945494517279,5,0.370852038264275
89,0.406175843377908,0.988227598052013,5,0.370852038264275
106,0.406175843377908,0.969042429945478,5,0.370852038264275
107,0.406175843377908,0.995459392857294,5,0.370852038264275
122,0.406175843377908,0.996731632509244,5,0.370852038264275
135,0.406175843377908,0.999206910703374,5,0.370852038264275
150,0.406175843377908,0.998889623179515,5,0.370852038264275
161,0.406175843377908,0.968714067951681,5,0.370852038264275
167,0.406175843377908,0.986055519713355,5,0.370852038264275
170,0.406175843377908,0.978395252838589,5,0.370852038264275
175,0.406175843377908,0.995850713733259,5,0.370852038264275
188,0.406175843377908,0.995165154495062,5,0.370852038264275
189,0.406175843377908,0.997402875648484,5,0.370852038264275
190,0.406175843377908,0.979904882849562,5,0.370852038264275
192,0.406175843377908,0.998253175185973,5,0.370852038264275
202,0.406175843377908,0.992119607894606,5,0.370852038264275
206,0.406175843377908,0.996555493945684,5,0.370852038264275
218,0.406175843377908,0.999690403509423,5,0.370852038264275
228,0.406175843377908,0.999340309545265,5,0.370852038264275
236,0.406175843377908,0.998419023388448,5,0.370852038264275
242,0.406175843377908,0.651920161561456,5,0.370852038264275
244,0.406175843377908,0.946291584745165,5,0.370852038264275
253,0.406175843377908,0.45930639509142,5,0.370852038264275
258,0.406175843377908,0.992981767379443,5,0.370852038264275
260,0.406175843377908,0.586724820694198,5,0.370852038264275
264,0.406175843377908,0.808321879771812,5,0.370852038264275
271,0.406175843377908,0.993635991612631,5,0.370852038264275
274,0.406175843377908,0.943505068216967,5,0.370852038264275
276,0.406175843377908,0.992851871397408,5,0.370852038264275
277,0.406175843377908,0.9976136716186,5,0.370852038264275
285,0.406175843377908,0.996704783198692,5,0.370852038264275
294,0.406175843377908,0.729325276786479,5,0.370852038264275
307,0.406175843377908,0.995238757640904,5,0.370852038264275
311,0.406175843377908,0.999079671862209,5,0.370852038264275
312,0.406175843377908,0.917910570485396,5,0.370852038264275
2,0.441499648491542,0.967118242488362,5,0.370852038264275
21,0.441499648491542,0.94921109706649,5,0.370852038264275
35,0.441499648491542,0.935547919277893,5,0.370852038264275
44,0.441499648491542,0.988421030800489,5,0.370852038264275
48,0.441499648491542,0.977910875200203,5,0.370852038264275
50,0.441499648491542,0.96616754715372,5,0.370852038264275
51,0.441499648491542,0.893430314224239,5,0.370852038264275
54,0.441499648491542,0.893140893036406,5,0.370852038264275
55,0.441499648491542,0.409288712349251,5,0.370852038264275
59,0.441499648491542,0.974951158439555,5,0.370852038264275
72,0.441499648491542,0.998532965402508,5,0.370852038264275
81,0.441499648491542,0.855437039447283,5,0.370852038264275
88,0.441499648491542,0.997929927909119,5,0.370852038264275
89,0.441499648491542,0.974959362408787,5,0.370852038264275
106,0.441499648491542,0.938285834075733,5,0.370852038264275
107,0.441499648491542,0.9909098099067,5,0.370852038264275
122,0.441499648491542,0.993220800937167,5,0.370852038264275
135,0.441499648491542,0.998339109977691,5,0.370852038264275
150,0.441499648491542,0.997629814225333,5,0.370852038264275
161,0.441499648491542,0.935974079383187,5,0.370852038264275
167,0.441499648491542,0.970512213462294,5,0.370852038264275
170,0.441499648491542,0.953130877879844,5,0.370852038264275
175,0.441499648491542,0.991216302856328,5,0.370852038264275
188,0.441499648491542,0.989544170969564,5,0.370852038264275
189,0.441499648491542,0.994728103708354,5,0.370852038264275
190,0.441499648491542,0.958416114667722,5,0.370852038264275
192,0.441499648491542,0.996378540972182,5,0.370852038264275
202,0.441499648491542,0.983384717360612,5,0.370852038264275
206,0.441499648491542,0.9930354720202,5,0.370852038264275
218,0.441499648491542,0.999356556126525,5,0.370852038264275
228,0.441499648491542,0.998614239402959,5,0.370852038264275
236,0.441499648491542,0.996693156690227,5,0.370852038264275
242,0.441499648491542,0.404879487011279,5,0.370852038264275
244,0.441499648491542,0.883595131254523,5,0.370852038264275
253,0.441499648491542,0.219108546295484,5,0.370852038264275
258,0.441499648491542,0.985370245512428,5,0.370852038264275
260,0.441499648491542,0.359532376184728,5,0.370852038264275
264,0.441499648491542,0.631384513159551,5,0.370852038264275
271,0.441499648491542,0.986990758106191,5,0.370852038264275
274,0.441499648491542,0.879163531673294,5,0.370852038264275
276,0.441499648491542,0.984706543757399,5,0.370852038264275
277,0.441499648491542,0.994784458215574,5,0.370852038264275
285,0.441499648491542,0.993053154530592,5,0.370852038264275
294,0.441499648491542,0.519602472388146,5,0.370852038264275
307,0.441499648491542,0.988809022930522,5,0.370852038264275
311,0.441499648491542,0.998169663669931,5,0.370852038264275
312,0.441499648491542,0.822665357333258,5,0.370852038264275
2,0.476823453605175,0.946880330278619,5,0.370852038264275
21,0.476823453605175,0.918307537596768,5,0.370852038264275
35,0.476823453605175,0.8954641267136,5,0.370852038264275
44,0.476823453605175,0.982307283245847,5,0.370852038264275
48,0.476823453605175,0.964160082233838,5,0.370852038264275
50,0.476823453605175,0.945758384137782,5,0.370852038264275
51,0.476823453605175,0.82008164595984,5,0.370852038264275
54,0.476823453605175,0.820930217247932,5,0.370852038264275
55,0.476823453605175,0.245813586100723,5,0.370852038264275
59,0.476823453605175,0.958411512829242,5,0.370852038264275
72,0.476823453605175,0.997634752965387,5,0.370852038264275
81,0.476823453605175,0.775520084441428,5,0.370852038264275
88,0.476823453605175,0.996547903924583,5,0.370852038264275
89,0.476823453605175,0.960437241233309,5,0.370852038264275
106,0.476823453605175,0.904360742007976,5,0.370852038264275
107,0.476823453605175,0.985780165489051,5,0.370852038264275
122,0.476823453605175,0.989027736451674,5,0.370852038264275
135,0.476823453605175,0.997368300506184,5,0.370852038264275
150,0.476823453605175,0.996246689457977,5,0.370852038264275
161,0.476823453605175,0.896970268332735,5,0.370852038264275
167,0.476823453605175,0.953215978001193,5,0.370852038264275
170,0.476823453605175,0.923938728711057,5,0.370852038264275
175,0.476823453605175,0.986202086092653,5,0.370852038264275
188,0.476823453605175,0.984089304763917,5,0.370852038264275
189,0.476823453605175,0.991990011635656,5,0.370852038264275
190,0.476823453605175,0.93508536887395,5,0.370852038264275
192,0.476823453605175,0.994424238977236,5,0.370852038264275
202,0.476823453605175,0.973704502417488,5,0.370852038264275
206,0.476823453605175,0.989434075856971,5,0.370852038264275
218,0.476823453605175,0.999012368432337,5,0.370852038264275
228,0.476823453605175,0.997780369460227,5,0.370852038264275
236,0.476823453605175,0.99482398344455,5,0.370852038264275
242,0.476823453605175,0.248615001548989,5,0.370852038264275
244,0.476823453605175,0.822390012961141,5,0.370852038264275
253,0.476823453605175,0.108049374386897,5,0.370852038264275
258,0.476823453605175,0.976971925576314,5,0.370852038264275
260,0.476823453605175,0.230462446279904,5,0.370852038264275
264,0.476823453605175,0.477614660082541,5,0.370852038264275
271,0.476823453605175,0.979328926127529,5,0.370852038264275
274,0.476823453605175,0.807514046123065,5,0.370852038264275
276,0.476823453605175,0.975429562522134,5,0.370852038264275
277,0.476823453605175,0.991654931747706,5,0.370852038264275
285,0.476823453605175,0.989006778767096,5,0.370852038264275
294,0.476823453605175,0.369695057047144,5,0.370852038264275
307,0.476823453605175,0.981914488945421,5,0.370852038264275
311,0.476823453605175,0.997362732301056,5,0.370852038264275
312,0.476823453605175,0.724765558023126,5,0.370852038264275
2,0.512147258718809,0.92370016497956,5,0.370852038264275
21,0.512147258718809,0.882161248485159,5,0.370852038264275
35,0.512147258718809,0.850099894838777,5,0.370852038264275
44,0.512147258718809,0.975112409269042,5,0.370852038264275
48,0.512147258718809,0.949667937298094,5,0.370852038264275
50,0.512147258718809,0.924016348750129,5,0.370852038264275
51,0.512147258718809,0.735553995844799,5,0.370852038264275
54,0.512147258718809,0.734127506244886,5,0.370852038264275
55,0.512147258718809,0.132571662565694,5,0.370852038264275
59,0.512147258718809,0.938138905600717,5,0.370852038264275
72,0.512147258718809,0.996731636886893,5,0.370852038264275
81,0.512147258718809,0.699540096833289,5,0.370852038264275
88,0.512147258718809,0.994863218396546,5,0.370852038264275
89,0.512147258718809,0.944578678380281,5,0.370852038264275
106,0.512147258718809,0.871721671376543,5,0.370852038264275
107,0.512147258718809,0.980320735656906,5,0.370852038264275
122,0.512147258718809,0.984572940922307,5,0.370852038264275
135,0.512147258718809,0.996383472446511,5,0.370852038264275
150,0.512147258718809,0.994658893576079,5,0.370852038264275
161,0.512147258718809,0.867941987805819,5,0.370852038264275
167,0.512147258718809,0.934009733255864,5,0.370852038264275
170,0.512147258718809,0.890723837435843,5,0.370852038264275
175,0.512147258718809,0.980443786255657,5,0.370852038264275
188,0.512147258718809,0.97821139254749,5,0.370852038264275
189,0.512147258718809,0.989014520830965,5,0.370852038264275
190,0.512147258718809,0.910065222111304,5,0.370852038264275
192,0.512147258718809,0.992473238659217,5,0.370852038264275
202,0.512147258718809,0.962763366308507,5,0.370852038264275
206,0.512147258718809,0.985367203007058,5,0.370852038264275
218,0.512147258718809,0.998620438464566,5,0.370852038264275
228,0.512147258718809,0.996792629089966,5,0.370852038264275
236,0.512147258718809,0.992796307942004,5,0.370852038264275
242,0.512147258718809,0.146358792743752,5,0.370852038264275
244,0.512147258718809,0.755154135210326,5,0.370852038264275
253,0.512147258718809,0.0506722434181767,5,0.370852038264275
258,0.512147258718809,0.967509038078564,5,0.370852038264275
260,0.512147258718809,0.153839285205849,5,0.370852038264275
264,0.512147258718809,0.351251052056488,5,0.370852038264275
271,0.512147258718809,0.970844328138934,5,0.370852038264275
274,0.512147258718809,0.729557030811957,5,0.370852038264275
276,0.512147258718809,0.964872558965669,5,0.370852038264275
277,0.512147258718809,0.987973306657631,5,0.370852038264275
285,0.512147258718809,0.984522737894952,5,0.370852038264275
294,0.512147258718809,0.263995981976229,5,0.370852038264275
307,0.512147258718809,0.971068686547922,5,0.370852038264275
311,0.512147258718809,0.996481358470156,5,0.370852038264275
312,0.512147258718809,0.621738854073535,5,0.370852038264275
2,0.547471063832442,0.898875201446924,5,0.370852038264275
21,0.547471063832442,0.841952578394914,5,0.370852038264275
35,0.547471063832442,0.800102792763384,5,0.370852038264275
44,0.547471063832442,0.968247942462191,5,0.370852038264275
48,0.547471063832442,0.932494985118167,5,0.370852038264275
50,0.547471063832442,0.898062793651949,5,0.370852038264275
51,0.547471063832442,0.638810621600198,5,0.370852038264275
54,0.547471063832442,0.6341924368324,5,0.370852038264275
55,0.547471063832442,0.0650409315681306,5,0.370852038264275
59,0.547471063832442,0.914237534918741,5,0.370852038264275
72,0.547471063832442,0.995616255450493,5,0.370852038264275
81,0.547471063832442,0.618520643828102,5,0.370852038264275
88,0.547471063832442,0.993029457643121,5,0.370852038264275
89,0.547471063832442,0.927308900617059,5,0.370852038264275
106,0.547471063832442,0.838583757788936,5,0.370852038264275
107,0.547471063832442,0.974775855406826,5,0.370852038264275
122,0.547471063832442,0.9793631986918,5,0.370852038264275
135,0.547471063832442,0.995215743865261,5,0.370852038264275
150,0.547471063832442,0.992970740601711,5,0.370852038264275
161,0.547471063832442,0.810183657640228,5,0.370852038264275
167,0.547471063832442,0.912740561587067,5,0.370852038264275
170,0.547471063832442,0.853653634312169,5,0.370852038264275
175,0.547471063832442,0.974144250990201,5,0.370852038264275
188,0.547471063832442,0.972444728476583,5,0.370852038264275
189,0.547471063832442,0.985911957513062,5,0.370852038264275
190,0.547471063832442,0.883355493302498,5,0.370852038264275
192,0.547471063832442,0.990434598920419,5,0.370852038264275
202,0.547471063832442,0.950883014620974,5,0.370852038264275
206,0.547471063832442,0.981532250094982,5,0.370852038264275
218,0.547471063832442,0.998229528863204,5,0.370852038264275
228,0.547471063832442,0.995695638095934,5,0.370852038264275
236,0.547471063832442,0.990592979118296,5,0.370852038264275
242,0.547471063832442,0.0867133540434138,5,0.370852038264275
244,0.547471063832442,0.681394505401717,5,0.370852038264275
253,0.547471063832442,0.0268681266269299,5,0.370852038264275
258,0.547471063832442,0.95722847522267,5,0.370852038264275
260,0.547471063832442,0.10610241619491,5,0.370852038264275
264,0.547471063832442,0.25548691085655,5,0.370852038264275
271,0.547471063832442,0.961574941396548,5,0.370852038264275
274,0.547471063832442,0.647225906068477,5,0.370852038264275
276,0.547471063832442,0.952875247951937,5,0.370852038264275
277,0.547471063832442,0.983863274345295,5,0.370852038264275
285,0.547471063832442,0.979553284878335,5,0.370852038264275
294,0.547471063832442,0.189703997932014,5,0.370852038264275
307,0.547471063832442,0.959541646036716,5,0.370852038264275
311,0.547471063832442,0.995705545008084,5,0.370852038264275
312,0.547471063832442,0.518455608807243,5,0.370852038264275
2,0.582794868946075,0.870119007901882,5,0.370852038264275
21,0.582794868946075,0.797243433031891,5,0.370852038264275
35,0.582794868946075,0.745253863720955,5,0.370852038264275
44,0.582794868946075,0.960595054939351,5,0.370852038264275
48,0.582794868946075,0.913321395063532,5,0.370852038264275
50,0.582794868946075,0.870299971585427,5,0.370852038264275
51,0.582794868946075,0.536238953198202,5,0.370852038264275
54,0.582794868946075,0.526848015532576,5,0.370852038264275
55,0.582794868946075,0.0323184580585927,5,0.370852038264275
59,0.582794868946075,0.885682637114506,5,0.370852038264275
72,0.582794868946075,0.99436142672763,5,0.370852038264275
81,0.582794868946075,0.54431425138514,5,0.370852038264275
88,0.582794868946075,0.991213308640695,5,0.370852038264275
89,0.582794868946075,0.908567219701548,5,0.370852038264275
106,0.582794868946075,0.80434462266132,5,0.370852038264275
107,0.582794868946075,0.968603706567863,5,0.370852038264275
122,0.582794868946075,0.973490919743309,5,0.370852038264275
135,0.582794868946075,0.993937866024993,5,0.370852038264275
150,0.582794868946075,0.991070218597145,5,0.370852038264275
161,0.582794868946075,0.771728979481774,5,0.370852038264275
167,0.582794868946075,0.889269682378041,5,0.370852038264275
170,0.582794868946075,0.813229050868834,5,0.370852038264275
175,0.582794868946075,0.967113616172106,5,0.370852038264275
188,0.582794868946075,0.966144400298958,5,0.370852038264275
189,0.582794868946075,0.982651822690175,5,0.370852038264275
190,0.582794868946075,0.855001436747138,5,0.370852038264275
192,0.582794868946075,0.988313258176277,5,0.370852038264275
202,0.582794868946075,0.93776849176958,5,0.370852038264275
206,0.582794868946075,0.97741152582935,5,0.370852038264275
218,0.582794868946075,0.997789726664505,5,0.370852038264275
228,0.582794868946075,0.994433204846174,5,0.370852038264275
236,0.582794868946075,0.988215947691642,5,0.370852038264275
242,0.582794868946075,0.0507747341379789,5,0.370852038264275
244,0.582794868946075,0.614773350465689,5,0.370852038264275
253,0.582794868946075,0.0145525663301029,5,0.370852038264275
258,0.582794868946075,0.945870081499907,5,0.370852038264275
260,0.582794868946075,0.0750748977294856,5,0.370852038264275
264,0.582794868946075,0.185049804768063,5,0.370852038264275
271,0.582794868946075,0.951349955874179,5,0.370852038264275
274,0.582794868946075,0.563628837794893,5,0.370852038264275
276,0.582794868946075,0.939269430222861,5,0.370852038264275
277,0.582794868946075,0.979169747925024,5,0.370852038264275
285,0.582794868946075,0.974045643653,5,0.370852038264275
294,0.582794868946075,0.137904215193196,5,0.370852038264275
307,0.582794868946075,0.94327909449688,5,0.370852038264275
311,0.582794868946075,0.994961880788276,5,0.370852038264275
312,0.582794868946075,0.423593506624988,5,0.370852038264275
2,0.618118674059709,0.838212490056677,5,0.370852038264275
21,0.618118674059709,0.747376211366445,5,0.370852038264275
35,0.618118674059709,0.687165139713584,5,0.370852038264275
44,0.618118674059709,0.952849200046923,5,0.370852038264275
48,0.618118674059709,0.892240940983307,5,0.370852038264275
50,0.618118674059709,0.840809254294902,5,0.370852038264275
51,0.618118674059709,0.43492869282341,5,0.370852038264275
54,0.618118674059709,0.418542858329684,5,0.370852038264275
55,0.618118674059709,0.0159614319361506,5,0.370852038264275
59,0.618118674059709,0.852100895666879,5,0.370852038264275
72,0.618118674059709,0.993060165205677,5,0.370852038264275
81,0.618118674059709,0.473653928155815,5,0.370852038264275
88,0.618118674059709,0.98881559776081,5,0.370852038264275
89,0.618118674059709,0.888314721842323,5,0.370852038264275
106,0.618118674059709,0.770962895358204,5,0.370852038264275
107,0.618118674059709,0.962022312609758,5,0.370852038264275
122,0.618118674059709,0.966870802973596,5,0.370852038264275
135,0.618118674059709,0.992571394816314,5,0.370852038264275
150,0.618118674059709,0.988932892563561,5,0.370852038264275
161,0.618118674059709,0.716086045823688,5,0.370852038264275
167,0.618118674059709,0.86348571705362,5,0.370852038264275
170,0.618118674059709,0.770293632683015,5,0.370852038264275
175,0.618118674059709,0.959112930038898,5,0.370852038264275
188,0.618118674059709,0.960007604428392,5,0.370852038264275
189,0.618118674059709,0.979258334226229,5,0.370852038264275
190,0.618118674059709,0.825104916773498,5,0.370852038264275
192,0.618118674059709,0.98602246909832,5,0.370852038264275
202,0.618118674059709,0.923336861287708,5,0.370852038264275
206,0.618118674059709,0.972852555601942,5,0.370852038264275
218,0.618118674059709,0.997344096821538,5,0.370852038264275
228,0.618118674059709,0.992935408082369,5,0.370852038264275
236,0.618118674059709,0.985603092398951,5,0.370852038264275
242,0.618118674059709,0.0287887663829223,5,0.370852038264275
244,0.618118674059709,0.546099507190727,5,0.370852038264275
253,0.618118674059709,0.00842776134880741,5,0.370852038264275
258,0.618118674059709,0.933417167423234,5,0.370852038264275
260,0.618118674059709,0.0542927661884539,5,0.370852038264275
264,0.618118674059709,0.134704192930315,5,0.370852038264275
271,0.618118674059709,0.940463495136605,5,0.370852038264275
274,0.618118674059709,0.482539377696293,5,0.370852038264275
276,0.618118674059709,0.923885844143445,5,0.370852038264275
277,0.618118674059709,0.973633781614889,5,0.370852038264275
285,0.618118674059709,0.967941898062211,5,0.370852038264275
294,0.618118674059709,0.100054686750596,5,0.370852038264275
307,0.618118674059709,0.922783578576991,5,0.370852038264275
311,0.618118674059709,0.994113801280073,5,0.370852038264275
312,0.618118674059709,0.337085624281196,5,0.370852038264275
2,0.653442479173342,0.80316988911725,5,0.370852038264275
21,0.653442479173342,0.695710808749115,5,0.370852038264275
35,0.653442479173342,0.627357135622868,5,0.370852038264275
44,0.653442479173342,0.944638668608106,5,0.370852038264275
48,0.653442479173342,0.868751550594544,5,0.370852038264275
50,0.653442479173342,0.807686064286416,5,0.370852038264275
51,0.653442479173342,0.341457984035898,5,0.370852038264275
54,0.653442479173342,0.320177598628621,5,0.370852038264275
55,0.653442479173342,0.00757307664778761,5,0.370852038264275
59,0.653442479173342,0.813127802355242,5,0.370852038264275
72,0.653442479173342,0.991475023388066,5,0.370852038264275
81,0.653442479173342,0.40435090501419,5,0.370852038264275
88,0.653442479173342,0.986045486261997,5,0.370852038264275
89,0.653442479173342,0.86654317623059,5,0.370852038264275
106,0.653442479173342,0.736724893561301,5,0.370852038264275
107,0.653442479173342,0.955002201086589,5,0.370852038264275
122,0.653442479173342,0.95964141047714,5,0.370852038264275
135,0.653442479173342,0.991019909027415,5,0.370852038264275
150,0.653442479173342,0.986555446867271,5,0.370852038264275
161,0.653442479173342,0.657266971967075,5,0.370852038264275
167,0.653442479173342,0.8353213778679,5,0.370852038264275
170,0.653442479173342,0.725938954389798,5,0.370852038264275
175,0.653442479173342,0.950328932037645,5,0.370852038264275
188,0.653442479173342,0.95281803177456,5,0.370852038264275
189,0.653442479173342,0.97564922452549,5,0.370852038264275
190,0.653442479173342,0.793833367055388,5,0.370852038264275
192,0.653442479173342,0.983703334486135,5,0.370852038264275
202,0.653442479173342,0.907526781792734,5,0.370852038264275
206,0.653442479173342,0.968461741774643,5,0.370852038264275
218,0.653442479173342,0.996861627327891,5,0.370852038264275
228,0.653442479173342,0.991246262264381,5,0.370852038264275
236,0.653442479173342,0.982750215565236,5,0.370852038264275
242,0.653442479173342,0.0165907921525684,5,0.370852038264275
244,0.653442479173342,0.47973249995411,5,0.370852038264275
253,0.653442479173342,0.00533544637909567,5,0.370852038264275
258,0.653442479173342,0.919614947697444,5,0.370852038264275
260,0.653442479173342,0.0400888815165761,5,0.370852038264275
264,0.653442479173342,0.0990669689930509,5,0.370852038264275
271,0.653442479173342,0.928120425592997,5,0.370852038264275
274,0.653442479173342,0.407061706936244,5,0.370852038264275
276,0.653442479173342,0.906564840460664,5,0.370852038264275
277,0.653442479173342,0.967428647012326,5,0.370852038264275
285,0.653442479173342,0.961179025289525,5,0.370852038264275
294,0.653442479173342,0.0750450601213716,5,0.370852038264275
307,0.653442479173342,0.898938480446488,5,0.370852038264275
311,0.653442479173342,0.99340007214724,5,0.370852038264275
312,0.653442479173342,0.262980501437097,5,0.370852038264275
2,0.688766284286976,0.7651598968546,5,0.370852038264275
21,0.688766284286976,0.641738499914493,5,0.370852038264275
35,0.688766284286976,0.567903426643902,5,0.370852038264275
44,0.688766284286976,0.93493642265507,5,0.370852038264275
48,0.688766284286976,0.844243067558353,5,0.370852038264275
50,0.688766284286976,0.771949383505831,5,0.370852038264275
51,0.688766284286976,0.260906135526855,5,0.370852038264275
54,0.688766284286976,0.235944797477527,5,0.370852038264275
55,0.688766284286976,0.003613899841726,5,0.370852038264275
59,0.688766284286976,0.768805161312951,5,0.370852038264275
72,0.688766284286976,0.989631410487954,5,0.370852038264275
81,0.688766284286976,0.34400271960998,5,0.370852038264275
88,0.688766284286976,0.982841087705115,5,0.370852038264275
89,0.688766284286976,0.843284649461697,5,0.370852038264275
106,0.688766284286976,0.702819300494726,5,0.370852038264275
107,0.688766284286976,0.947513307984422,5,0.370852038264275
122,0.688766284286976,0.951158884135171,5,0.370852038264275
135,0.688766284286976,0.989302964727035,5,0.370852038264275
150,0.688766284286976,0.983910526390093,5,0.370852038264275
161,0.688766284286976,0.588640613609498,5,0.370852038264275
167,0.688766284286976,0.804773073730334,5,0.370852038264275
170,0.688766284286976,0.681308496893323,5,0.370852038264275
175,0.688766284286976,0.940522666660189,5,0.370852038264275
188,0.688766284286976,0.94577175682735,5,0.370852038264275
189,0.688766284286976,0.971781278234444,5,0.370852038264275
190,0.688766284286976,0.761424125104227,5,0.370852038264275
192,0.688766284286976,0.981368178865968,5,0.370852038264275
202,0.688766284286976,0.890310127340252,5,0.370852038264275
206,0.688766284286976,0.963667406598987,5,0.370852038264275
218,0.688766284286976,0.996360533023549,5,0.370852038264275
228,0.688766284286976,0.98928850334294,5,0.370852038264275
236,0.688766284286976,0.979631219632617,5,0.370852038264275
242,0.688766284286976,0.00955033203926436,5,0.370852038264275
244,0.688766284286976,0.419214303606949,5,0.370852038264275
253,0.688766284286976,0.00345794782411746,5,0.370852038264275
258,0.688766284286976,0.904164036823198,5,0.370852038264275
260,0.688766284286976,0.0302099871621558,5,0.370852038264275
264,0.688766284286976,0.0733533434533784,5,0.370852038264275
271,0.688766284286976,0.91411857091318,5,0.370852038264275
274,0.688766284286976,0.339665264841115,5,0.370852038264275
276,0.688766284286976,0.88717183358165,5,0.370852038264275
277,0.688766284286976,0.960285386315258,5,0.370852038264275
285,0.688766284286976,0.953689145625282,5,0.370852038264275
294,0.688766284286976,0.0574403654769546,5,0.370852038264275
307,0.688766284286976,0.867153065887629,5,0.370852038264275
311,0.688766284286976,0.992700540107403,5,0.370852038264275
312,0.688766284286976,0.201160903150165,5,0.370852038264275
2,0.724090089400609,0.725463628004633,5,0.370852038264275
21,0.724090089400609,0.586802278795322,5,0.370852038264275
35,0.724090089400609,0.509773883461271,5,0.370852038264275
44,0.724090089400609,0.925646076485394,5,0.370852038264275
48,0.724090089400609,0.816492031166559,5,0.370852038264275
50,0.724090089400609,0.732885009290554,5,0.370852038264275
51,0.724090089400609,0.193435473324523,5,0.370852038264275
54,0.724090089400609,0.168144662760014,5,0.370852038264275
55,0.724090089400609,0.00171126957788803,5,0.370852038264275
59,0.724090089400609,0.719119068285633,5,0.370852038264275
72,0.724090089400609,0.987589998271305,5,0.370852038264275
81,0.724090089400609,0.290282956688258,5,0.370852038264275
88,0.724090089400609,0.979130457180576,5,0.370852038264275
89,0.724090089400609,0.818620836534532,5,0.370852038264275
106,0.724090089400609,0.669372089154214,5,0.370852038264275
107,0.724090089400609,0.939947380516269,5,0.370852038264275
122,0.724090089400609,0.941694136347168,5,0.370852038264275
135,0.724090089400609,0.987390578649132,5,0.370852038264275
150,0.724090089400609,0.980913129283381,5,0.370852038264275
161,0.724090089400609,0.527635850571915,5,0.370852038264275
167,0.724090089400609,0.771921870474013,5,0.370852038264275
170,0.724090089400609,0.637379582300172,5,0.370852038264275
175,0.724090089400609,0.929585860818636,5,0.370852038264275
188,0.724090089400609,0.938894264365512,5,0.370852038264275
189,0.724090089400609,0.967760819706211,5,0.370852038264275
190,0.724090089400609,0.728181569112386,5,0.370852038264275
192,0.724090089400609,0.978820182961787,5,0.370852038264275
202,0.724090089400609,0.871703007834136,5,0.370852038264275
206,0.724090089400609,0.958739940303327,5,0.370852038264275
218,0.724090089400609,0.995815307788581,5,0.370852038264275
228,0.724090089400609,0.987014851738695,5,0.370852038264275
236,0.724090089400609,0.976217639014806,5,0.370852038264275
242,0.724090089400609,0.00548427904000348,5,0.370852038264275
244,0.724090089400609,0.358002991704746,5,0.370852038264275
253,0.724090089400609,0.00246235403220063,5,0.370852038264275
258,0.724090089400609,0.887470481096115,5,0.370852038264275
260,0.724090089400609,0.0232059933958234,5,0.370852038264275
264,0.724090089400609,0.0548858224891086,5,0.370852038264275
271,0.724090089400609,0.899338764687437,5,0.370852038264275
274,0.724090089400609,0.281431566497403,5,0.370852038264275
276,0.724090089400609,0.865618137973131,5,0.370852038264275
277,0.724090089400609,0.952115516022601,5,0.370852038264275
285,0.724090089400609,0.945400079829919,5,0.370852038264275
294,0.724090089400609,0.0448877745497338,5,0.370852038264275
307,0.724090089400609,0.829882553660756,5,0.370852038264275
311,0.724090089400609,0.992013116405039,5,0.370852038264275
312,0.724090089400609,0.150773338744015,5,0.370852038264275
2,0.759413894514243,0.682723386466811,5,0.370852038264275
21,0.759413894514243,0.531179562632992,5,0.370852038264275
35,0.759413894514243,0.454831725954443,5,0.370852038264275
44,0.759413894514243,0.915805829695288,5,0.370852038264275
48,0.759413894514243,0.787052267929394,5,0.370852038264275
50,0.759413894514243,0.692725715186762,5,0.370852038264275
51,0.759413894514243,0.139353508185766,5,0.370852038264275
54,0.759413894514243,0.115976720532284,5,0.370852038264275
55,0.759413894514243,0.000811384012878058,5,0.370852038264275
59,0.759413894514243,0.664996532158434,5,0.370852038264275
72,0.759413894514243,0.985234543060182,5,0.370852038264275
81,0.759413894514243,0.242787848304367,5,0.370852038264275
88,0.759413894514243,0.975172050658096,5,0.370852038264275
89,0.759413894514243,0.793085869179651,5,0.370852038264275
106,0.759413894514243,0.636901712374796,5,0.370852038264275
107,0.759413894514243,0.931495264280637,5,0.370852038264275
122,0.759413894514243,0.931050170542594,5,0.370852038264275
135,0.759413894514243,0.985275536530053,5,0.370852038264275
150,0.759413894514243,0.977537534040072,5,0.370852038264275
161,0.759413894514243,0.478137074628182,5,0.370852038264275
167,0.759413894514243,0.736952759886906,5,0.370852038264275
170,0.759413894514243,0.594840179228687,5,0.370852038264275
175,0.759413894514243,0.917302400513448,5,0.370852038264275
188,0.759413894514243,0.9317878326793,5,0.370852038264275
189,0.759413894514243,0.963861746456251,5,0.370852038264275
190,0.759413894514243,0.694465077908352,5,0.370852038264275
192,0.759413894514243,0.976054761681579,5,0.370852038264275
202,0.759413894514243,0.851772543010258,5,0.370852038264275
206,0.759413894514243,0.95339934182727,5,0.370852038264275
218,0.759413894514243,0.995199562695665,5,0.370852038264275
228,0.759413894514243,0.984364976350706,5,0.370852038264275
236,0.759413894514243,0.972478724368104,5,0.370852038264275
242,0.759413894514243,0.00312038837267714,5,0.370852038264275
244,0.759413894514243,0.305308471334811,5,0.370852038264275
253,0.759413894514243,0.00182559762455858,5,0.370852038264275
258,0.759413894514243,0.869479928543009,5,0.370852038264275
260,0.759413894514243,0.0181344052319583,5,0.370852038264275
264,0.759413894514243,0.0412249328784503,5,0.370852038264275
271,0.759413894514243,0.883228467184019,5,0.370852038264275
274,0.759413894514243,0.232479518587813,5,0.370852038264275
276,0.759413894514243,0.841886865917837,5,0.370852038264275
277,0.759413894514243,0.942588317917786,5,0.370852038264275
285,0.759413894514243,0.93623632842759,5,0.370852038264275
294,0.759413894514243,0.0357809617914987,5,0.370852038264275
307,0.759413894514243,0.786489347775366,5,0.370852038264275
311,0.759413894514243,0.991187916680021,5,0.370852038264275
312,0.759413894514243,0.111982428639447,5,0.370852038264275
2,0.794737699627876,0.638516870917514,5,0.370852038264275
21,0.794737699627876,0.477632980550357,5,0.370852038264275
35,0.794737699627876,0.40417945302485,5,0.370852038264275
44,0.794737699627876,0.905565681198722,5,0.370852038264275
48,0.794737699627876,0.755814469025164,5,0.370852038264275
50,0.794737699627876,0.65197699231406,5,0.370852038264275
51,0.794737699627876,0.0977965795358977,5,0.370852038264275
54,0.794737699627876,0.0779354312391837,5,0.370852038264275
55,0.794737699627876,0.000323717873108254,5,0.370852038264275
59,0.794737699627876,0.607536217000156,5,0.370852038264275
72,0.794737699627876,0.982796378162336,5,0.370852038264275
81,0.794737699627876,0.201351906520302,5,0.370852038264275
88,0.794737699627876,0.970137451546064,5,0.370852038264275
89,0.794737699627876,0.766097696638867,5,0.370852038264275
106,0.794737699627876,0.606431476044313,5,0.370852038264275
107,0.794737699627876,0.922451587918479,5,0.370852038264275
122,0.794737699627876,0.919089196826787,5,0.370852038264275
135,0.794737699627876,0.982975497906213,5,0.370852038264275
150,0.794737699627876,0.973687181604516,5,0.370852038264275
161,0.794737699627876,0.420876483622509,5,0.370852038264275
167,0.794737699627876,0.700167501359389,5,0.370852038264275
170,0.794737699627876,0.554101672944441,5,0.370852038264275
175,0.794737699627876,0.903775592094881,5,0.370852038264275
188,0.794737699627876,0.923913692666837,5,0.370852038264275
189,0.794737699627876,0.959388347909856,5,0.370852038264275
190,0.794737699627876,0.66066738662511,5,0.370852038264275
192,0.794737699627876,0.973123516788217,5,0.370852038264275
202,0.794737699627876,0.830634802754358,5,0.370852038264275
206,0.794737699627876,0.947314821816244,5,0.370852038264275
218,0.794737699627876,0.994568240029229,5,0.370852038264275
228,0.794737699627876,0.981285574641159,5,0.370852038264275
236,0.794737699627876,0.968381650181425,5,0.370852038264275
242,0.794737699627876,0.00169753604001388,5,0.370852038264275
244,0.794737699627876,0.258362116490123,5,0.370852038264275
253,0.794737699627876,0.00138379647556475,5,0.370852038264275
258,0.794737699627876,0.849938523881746,5,0.370852038264275
260,0.794737699627876,0.0143837009902508,5,0.370852038264275
264,0.794737699627876,0.0309913950142204,5,0.370852038264275
271,0.794737699627876,0.866387165079184,5,0.370852038264275
274,0.794737699627876,0.191879601966105,5,0.370852038264275
276,0.794737699627876,0.816061740616485,5,0.370852038264275
277,0.794737699627876,0.931929567379135,5,0.370852038264275
285,0.794737699627876,0.926120610228233,5,0.370852038264275
294,0.794737699627876,0.028920895832809,5,0.370852038264275
307,0.794737699627876,0.739068177812339,5,0.370852038264275
311,0.794737699627876,0.99051420744161,5,0.370852038264275
312,0.794737699627876,0.0830171949452855,5,0.370852038264275
2,0.83006150474151,0.594137061192469,5,0.370852038264275
21,0.83006150474151,0.425850926447953,5,0.370852038264275
35,0.83006150474151,0.358720013896873,5,0.370852038264275
44,0.83006150474151,0.89455179082571,5,0.370852038264275
48,0.83006150474151,0.723050633093623,5,0.370852038264275
50,0.83006150474151,0.609344475646003,5,0.370852038264275
51,0.83006150474151,0.067234671266011,5,0.370852038264275
54,0.83006150474151,0.051172566131953,5,0.370852038264275
55,0.83006150474151,0.000120350158225202,5,0.370852038264275
59,0.83006150474151,0.548785484943247,5,0.370852038264275
72,0.83006150474151,0.97980249505709,5,0.370852038264275
81,0.83006150474151,0.164490424523211,5,0.370852038264275
88,0.83006150474151,0.964383165104728,5,0.370852038264275
89,0.83006150474151,0.738298291910483,5,0.370852038264275
106,0.83006150474151,0.576377837995862,5,0.370852038264275
107,0.83006150474151,0.912830148472892,5,0.370852038264275
122,0.83006150474151,0.905676132958392,5,0.370852038264275
135,0.83006150474151,0.980417741745051,5,0.370852038264275
150,0.83006150474151,0.969391871855162,5,0.370852038264275
161,0.83006150474151,0.367436965847666,5,0.370852038264275
167,0.83006150474151,0.66198502398896,5,0.370852038264275
170,0.83006150474151,0.515375545235665,5,0.370852038264275
175,0.83006150474151,0.888817448989292,5,0.370852038264275
188,0.83006150474151,0.9157165614098,5,0.370852038264275
189,0.83006150474151,0.954652345014396,5,0.370852038264275
190,0.83006150474151,0.627368106701092,5,0.370852038264275
192,0.83006150474151,0.970123910768282,5,0.370852038264275
202,0.83006150474151,0.808196346353321,5,0.370852038264275
206,0.83006150474151,0.941319314476449,5,0.370852038264275
218,0.83006150474151,0.993888314757639,5,0.370852038264275
228,0.83006150474151,0.977649441995355,5,0.370852038264275
236,0.83006150474151,0.963891886404331,5,0.370852038264275
242,0.83006150474151,0.000918167436599782,5,0.370852038264275
244,0.83006150474151,0.217152548199083,5,0.370852038264275
253,0.83006150474151,0.00106683605893432,5,0.370852038264275
258,0.83006150474151,0.828973130632404,5,0.370852038264275
260,0.83006150474151,0.0115550213155292,5,0.370852038264275
264,0.83006150474151,0.0232921380139183,5,0.370852038264275
271,0.83006150474151,0.847963568627919,5,0.370852038264275
274,0.83006150474151,0.158489275706675,5,0.370852038264275
276,0.83006150474151,0.788353789608693,5,0.370852038264275
277,0.83006150474151,0.91985904970655,5,0.370852038264275
285,0.83006150474151,0.91497611918584,5,0.370852038264275
294,0.83006150474151,0.023836037975593,5,0.370852038264275
307,0.83006150474151,0.686240158075013,5,0.370852038264275
311,0.83006150474151,0.989846915869527,5,0.370852038264275
312,0.83006150474151,0.0616402170988606,5,0.370852038264275
2,0.865385309855143,0.550242314048933,5,0.370852038264275
21,0.865385309855143,0.376707789902881,5,0.370852038264275
35,0.865385309855143,0.31849241868532,5,0.370852038264275
44,0.865385309855143,0.882418263907249,5,0.370852038264275
48,0.865385309855143,0.689909035205744,5,0.370852038264275
50,0.865385309855143,0.566396221177152,5,0.370852038264275
51,0.865385309855143,0.0455848348378549,5,0.370852038264275
54,0.865385309855143,0.0332344956929397,5,0.370852038264275
55,0.865385309855143,3.91917137949616e-05,5,0.370852038264275
59,0.865385309855143,0.490460057949068,5,0.370852038264275
72,0.865385309855143,0.976388808112395,5,0.370852038264275
81,0.865385309855143,0.1342214104009,5,0.370852038264275
88,0.865385309855143,0.957714669277468,5,0.370852038264275
89,0.865385309855143,0.709992800437802,5,0.370852038264275
106,0.865385309855143,0.547825799332908,5,0.370852038264275
107,0.865385309855143,0.902504441736747,5,0.370852038264275
122,0.865385309855143,0.890937928526309,5,0.370852038264275
135,0.865385309855143,0.97749881166366,5,0.370852038264275
150,0.865385309855143,0.964549424919937,5,0.370852038264275
161,0.865385309855143,0.318846169953736,5,0.370852038264275
167,0.865385309855143,0.622923636611748,5,0.370852038264275
170,0.865385309855143,0.478739592158298,5,0.370852038264275
175,0.865385309855143,0.872363184425416,5,0.370852038264275
188,0.865385309855143,0.906680284470169,5,0.370852038264275
189,0.865385309855143,0.949440241612596,5,0.370852038264275
190,0.865385309855143,0.594569096991467,5,0.370852038264275
192,0.865385309855143,0.96695218316261,5,0.370852038264275
202,0.865385309855143,0.785100782481473,5,0.370852038264275
206,0.865385309855143,0.934986999979601,5,0.370852038264275
218,0.865385309855143,0.993154777547467,5,0.370852038264275
228,0.865385309855143,0.973474742810779,5,0.370852038264275
236,0.865385309855143,0.958973778768654,5,0.370852038264275
242,0.865385309855143,0.000477930690826356,5,0.370852038264275
244,0.865385309855143,0.182758210425219,5,0.370852038264275
253,0.865385309855143,0.000817395332801452,5,0.370852038264275
258,0.865385309855143,0.806676185859938,5,0.370852038264275
260,0.865385309855143,0.00938385516133344,5,0.370852038264275
264,0.865385309855143,0.0174414740442606,5,0.370852038264275
271,0.865385309855143,0.828452387940088,5,0.370852038264275
274,0.865385309855143,0.131159475885803,5,0.370852038264275
276,0.865385309855143,0.759117265159977,5,0.370852038264275
277,0.865385309855143,0.906296124231942,5,0.370852038264275
285,0.865385309855143,0.902729670393582,5,0.370852038264275
294,0.865385309855143,0.0199024307100598,5,0.370852038264275
307,0.865385309855143,0.630929779540952,5,0.370852038264275
311,0.865385309855143,0.989168146079979,5,0.370852038264275
312,0.865385309855143,0.0461747633670249,5,0.370852038264275
2,0.900709114968777,0.507653195842476,5,0.370852038264275
21,0.900709114968777,0.330846081589999,5,0.370852038264275
35,0.900709114968777,0.283212059226233,5,0.370852038264275
44,0.900709114968777,0.870104871103516,5,0.370852038264275
48,0.900709114968777,0.656525804147919,5,0.370852038264275
50,0.900709114968777,0.523535130154948,5,0.370852038264275
51,0.900709114968777,0.0306786492865508,5,0.370852038264275
54,0.900709114968777,0.0216993521762234,5,0.370852038264275
55,0.900709114968777,1.09287344648434e-05,5,0.370852038264275
59,0.900709114968777,0.434296089753059,5,0.370852038264275
72,0.900709114968777,0.972497018997026,5,0.370852038264275
81,0.900709114968777,0.108708625105882,5,0.370852038264275
88,0.900709114968777,0.949997987890202,5,0.370852038264275
89,0.900709114968777,0.68151467530229,5,0.370852038264275
106,0.900709114968777,0.520904527595375,5,0.370852038264275
107,0.900709114968777,0.891676700245171,5,0.370852038264275
122,0.900709114968777,0.874238514986452,5,0.370852038264275
135,0.900709114968777,0.974236474826638,5,0.370852038264275
150,0.900709114968777,0.959097343534946,5,0.370852038264275
161,0.900709114968777,0.275482249291621,5,0.370852038264275
167,0.900709114968777,0.583562445665956,5,0.370852038264275
170,0.900709114968777,0.444187442071375,5,0.370852038264275
175,0.900709114968777,0.854384602322929,5,0.370852038264275
188,0.900709114968777,0.897774363930832,5,0.370852038264275
189,0.900709114968777,0.944112435781488,5,0.370852038264275
190,0.900709114968777,0.562759883507245,5,0.370852038264275
192,0.900709114968777,0.963597099292373,5,0.370852038264275
202,0.900709114968777,0.76125952652129,5,0.370852038264275
206,0.900709114968777,0.928313907780629,5,0.370852038264275
218,0.900709114968777,0.992362055825518,5,0.370852038264275
228,0.900709114968777,0.968630063815384,5,0.370852038264275
236,0.900709114968777,0.953591382285441,5,0.370852038264275
242,0.900709114968777,0.000238047604415592,5,0.370852038264275
244,0.900709114968777,0.152496657927402,5,0.370852038264275
253,0.900709114968777,0.000617452434442223,5,0.370852038264275
258,0.900709114968777,0.783185144765798,5,0.370852038264275
260,0.900709114968777,0.00769106454903423,5,0.370852038264275
264,0.900709114968777,0.0129640864761903,5,0.370852038264275
271,0.900709114968777,0.807982336802123,5,0.370852038264275
274,0.900709114968777,0.108819125140519,5,0.370852038264275
276,0.900709114968777,0.728843240100296,5,0.370852038264275
277,0.900709114968777,0.891209329973766,5,0.370852038264275
285,0.900709114968777,0.889315900358757,5,0.370852038264275
294,0.900709114968777,0.0167940963650183,5,0.370852038264275
307,0.900709114968777,0.574663235631944,5,0.370852038264275
311,0.900709114968777,0.988507510900824,5,0.370852038264275
312,0.900709114968777,0.0349627901945445,5,0.370852038264275
2,0.93603292008241,0.467011413284465,5,0.370852038264275
21,0.93603292008241,0.288786432695197,5,0.370852038264275
35,0.93603292008241,0.252266656018892,5,0.370852038264275
44,0.93603292008241,0.857127358690328,5,0.370852038264275
48,0.93603292008241,0.623366306555392,5,0.370852038264275
50,0.93603292008241,0.48156216598714,5,0.370852038264275
51,0.93603292008241,0.0206563542185493,5,0.370852038264275
54,0.93603292008241,0.0145108529413566,5,0.370852038264275
55,0.93603292008241,2.54115996078941e-06,5,0.370852038264275
59,0.93603292008241,0.381707183602988,5,0.370852038264275
72,0.93603292008241,0.968064146577039,5,0.370852038264275
81,0.93603292008241,0.0874097713662884,5,0.370852038264275
88,0.93603292008241,0.941089353247074,5,0.370852038264275
89,0.93603292008241,0.653199762755955,5,0.370852038264275
106,0.93603292008241,0.495685831210321,5,0.370852038264275
107,0.93603292008241,0.880241114192451,5,0.370852038264275
122,0.93603292008241,0.855713097284481,5,0.370852038264275
135,0.93603292008241,0.970586901492186,5,0.370852038264275
150,0.93603292008241,0.952973743222102,5,0.370852038264275
161,0.93603292008241,0.237316974791479,5,0.370852038264275
167,0.93603292008241,0.54448606712342,5,0.370852038264275
170,0.93603292008241,0.411671797977773,5,0.370852038264275
175,0.93603292008241,0.834902700450085,5,0.370852038264275
188,0.93603292008241,0.88904966618163,5,0.370852038264275
189,0.93603292008241,0.938463107593165,5,0.370852038264275
190,0.93603292008241,0.532163491725694,5,0.370852038264275
192,0.93603292008241,0.960049107721763,5,0.370852038264275
202,0.93603292008241,0.736800270942987,5,0.370852038264275
206,0.93603292008241,0.921306327076247,5,0.370852038264275
218,0.93603292008241,0.991495546107086,5,0.370852038264275
228,0.93603292008241,0.963029326342281,5,0.370852038264275
236,0.93603292008241,0.947736330989363,5,0.370852038264275
242,0.93603292008241,0.000113244797672718,5,0.370852038264275
244,0.93603292008241,0.127098961003973,5,0.370852038264275
253,0.93603292008241,0.000460183267993575,5,0.370852038264275
258,0.93603292008241,0.75867353539399,5,0.370852038264275
260,0.93603292008241,0.0063532005159298,5,0.370852038264275
264,0.93603292008241,0.00952564712287096,5,0.370852038264275
271,0.93603292008241,0.786705217378311,5,0.370852038264275
274,0.93603292008241,0.090706137319911,5,0.370852038264275
276,0.93603292008241,0.698120177604089,5,0.370852038264275
277,0.93603292008241,0.874635830184141,5,0.370852038264275
285,0.93603292008241,0.874682645649322,5,0.370852038264275
294,0.93603292008241,0.0142902178092978,5,0.370852038264275
307,0.93603292008241,0.518684310583146,5,0.370852038264275
311,0.93603292008241,0.987847827266155,5,0.370852038264275
312,0.93603292008241,0.0267778315499431,5,0.370852038264275
2,0.971356725196044,0.428747562583585,5,0.370852038264275
21,0.971356725196044,0.251003701599636,5,0.370852038264275
35,0.971356725196044,0.224972803136976,5,0.370852038264275
44,0.971356725196044,0.842860111327126,5,0.370852038264275
48,0.971356725196044,0.591849056915301,5,0.370852038264275
50,0.971356725196044,0.440873367705538,5,0.370852038264275
51,0.971356725196044,0.0140854881716894,5,0.370852038264275
54,0.971356725196044,0.0101133457926659,5,0.370852038264275
55,0.971356725196044,4.75946163147611e-07,5,0.370852038264275
59,0.971356725196044,0.333340211796857,5,0.370852038264275
72,0.971356725196044,0.963023953643653,5,0.370852038264275
81,0.971356725196044,0.0696894733800691,5,0.370852038264275
88,0.971356725196044,0.930839986213044,5,0.370852038264275
89,0.971356725196044,0.625358121289636,5,0.370852038264275
106,0.971356725196044,0.472186495110534,5,0.370852038264275
107,0.971356725196044,0.868207041893158,5,0.370852038264275
122,0.971356725196044,0.835277421755967,5,0.370852038264275
135,0.971356725196044,0.966501692355608,5,0.370852038264275
150,0.971356725196044,0.946121129112708,5,0.370852038264275
161,0.971356725196044,0.204064297756996,5,0.370852038264275
167,0.971356725196044,0.506225269199283,5,0.370852038264275
170,0.971356725196044,0.381139326657762,5,0.370852038264275
175,0.971356725196044,0.813997973312143,5,0.370852038264275
188,0.971356725196044,0.87943017157127,5,0.370852038264275
189,0.971356725196044,0.932397422687534,5,0.370852038264275
190,0.971356725196044,0.502906447646471,5,0.370852038264275
192,0.971356725196044,0.956416475142715,5,0.370852038264275
202,0.971356725196044,0.711847931494928,5,0.370852038264275
206,0.971356725196044,0.913982800947903,5,0.370852038264275
218,0.971356725196044,0.990564758998272,5,0.370852038264275
228,0.971356725196044,0.956590439796425,5,0.370852038264275
236,0.971356725196044,0.941323371340225,5,0.370852038264275
242,0.971356725196044,5.15481644876026e-05,5,0.370852038264275
244,0.971356725196044,0.106035668267177,5,0.370852038264275
253,0.971356725196044,0.000337357505369451,5,0.370852038264275
258,0.971356725196044,0.733065736056369,5,0.370852038264275
260,0.971356725196044,0.00528394183118863,5,0.370852038264275
264,0.971356725196044,0.00686948920365116,5,0.370852038264275
271,0.971356725196044,0.764307009015978,5,0.370852038264275
274,0.971356725196044,0.0760088318837274,5,0.370852038264275
276,0.971356725196044,0.667559234085443,5,0.370852038264275
277,0.971356725196044,0.856696331323607,5,0.370852038264275
285,0.971356725196044,0.858797528657004,5,0.370852038264275
294,0.971356725196044,0.0122391880031284,5,0.370852038264275
307,0.971356725196044,0.463556663101711,5,0.370852038264275
311,0.971356725196044,0.987187321240974,5,0.370852038264275
312,0.971356725196044,0.0207442156394446,5,0.370852038264275
2,1.00668053030968,0.393107116739232,5,0.370852038264275
21,1.00668053030968,0.217050326065731,5,0.370852038264275
35,1.00668053030968,0.200860517555126,5,0.370852038264275
44,1.00668053030968,0.828512004749149,5,0.370852038264275
48,1.00668053030968,0.560542918875078,5,0.370852038264275
50,1.00668053030968,0.401900935154963,5,0.370852038264275
51,1.00668053030968,0.00980254379324041,5,0.370852038264275
54,1.00668053030968,0.00743109474922199,5,0.370852038264275
55,1.00668053030968,6.87415265820945e-08,5,0.370852038264275
59,1.00668053030968,0.289626509816459,5,0.370852038264275
72,1.00668053030968,0.957248802586485,5,0.370852038264275
81,1.00668053030968,0.0552391934598208,5,0.370852038264275
88,1.00668053030968,0.919104028434815,5,0.370852038264275
89,1.00668053030968,0.598249569237546,5,0.370852038264275
106,1.00668053030968,0.450982766226664,5,0.370852038264275
107,1.00668053030968,0.856053026016015,5,0.370852038264275
122,1.00668053030968,0.812887797821035,5,0.370852038264275
135,1.00668053030968,0.961917723866647,5,0.370852038264275
150,1.00668053030968,0.938519003786447,5,0.370852038264275
161,1.00668053030968,0.17639397085947,5,0.370852038264275
167,1.00668053030968,0.469211618962684,5,0.370852038264275
170,1.00668053030968,0.35255210602506,5,0.370852038264275
175,1.00668053030968,0.791650255030021,5,0.370852038264275
188,1.00668053030968,0.869430060198656,5,0.370852038264275
189,1.00668053030968,0.926040629291481,5,0.370852038264275
190,1.00668053030968,0.475022417136177,5,0.370852038264275
192,1.00668053030968,0.952469298187341,5,0.370852038264275
202,1.00668053030968,0.68655524917555,5,0.370852038264275
206,1.00668053030968,0.906527297450092,5,0.370852038264275
218,1.00668053030968,0.989516778195702,5,0.370852038264275
228,1.00668053030968,0.949242157657191,5,0.370852038264275
236,1.00668053030968,0.934349250918569,5,0.370852038264275
242,1.00668053030968,2.25434155614046e-05,5,0.370852038264275
244,1.00668053030968,0.0879725851079677,5,0.370852038264275
253,1.00668053030968,0.000236856237173733,5,0.370852038264275
258,1.00668053030968,0.707205738419545,5,0.370852038264275
260,1.00668053030968,0.00442169165717565,5,0.370852038264275
264,1.00668053030968,0.00487251061265326,5,0.370852038264275
271,1.00668053030968,0.741876999829218,5,0.370852038264275
274,1.00668053030968,0.064047689437148,5,0.370852038264275
276,1.00668053030968,0.637699335656594,5,0.370852038264275
277,1.00668053030968,0.837417091287255,5,0.370852038264275
285,1.00668053030968,0.841655601989323,5,0.370852038264275
294,1.00668053030968,0.0103693418863224,5,0.370852038264275
307,1.00668053030968,0.410885115788307,5,0.370852038264275
311,1.00668053030968,0.986524227888612,5,0.370852038264275
312,1.00668053030968,0.0162162891774271,5,0.370852038264275
2,1.04200433542331,0.360737570869727,5,0.370852038264275
21,1.04200433542331,0.18779463366338,5,0.370852038264275
35,1.04200433542331,0.179120073908609,5,0.370852038264275
44,1.04200433542331,0.813492056391989,5,0.370852038264275
48,1.04200433542331,0.530370117312337,5,0.370852038264275
50,1.04200433542331,0.364997070564949,5,0.370852038264275
51,1.04200433542331,0.0070313762415497,5,0.370852038264275
54,1.04200433542331,0.00574680985811138,5,0.370852038264275
55,1.04200433542331,7.27051319149297e-09,5,0.370852038264275
59,1.04200433542331,0.250576650005378,5,0.370852038264275
72,1.04200433542331,0.950953111258222,5,0.370852038264275
81,1.04200433542331,0.0434721893806163,5,0.370852038264275
88,1.04200433542331,0.905750454417815,5,0.370852038264275
89,1.04200433542331,0.572068100994926,5,0.370852038264275
106,1.04200433542331,0.431486165254312,5,0.370852038264275
107,1.04200433542331,0.842914276851044,5,0.370852038264275
122,1.04200433542331,0.788555541406707,5,0.370852038264275
135,1.04200433542331,0.956860136525183,5,0.370852038264275
150,1.04200433542331,0.93005853137855,5,0.370852038264275
161,1.04200433542331,0.151586731256972,5,0.370852038264275
167,1.04200433542331,0.43376037601439,5,0.370852038264275
170,1.04200433542331,0.325889370577799,5,0.370852038264275
175,1.04200433542331,0.76838783972847,5,0.370852038264275
188,1.04200433542331,0.859044493970218,5,0.370852038264275
189,1.04200433542331,0.919352261057275,5,0.370852038264275
190,1.04200433542331,0.448472821565229,5,0.370852038264275
192,1.04200433542331,0.948206411198957,5,0.370852038264275
202,1.04200433542331,0.661117587259936,5,0.370852038264275
206,1.04200433542331,0.898357465885193,5,0.370852038264275
218,1.04200433542331,0.988415813464315,5,0.370852038264275
228,1.04200433542331,0.940930709414613,5,0.370852038264275
236,1.04200433542331,0.926790987275533,5,0.370852038264275
242,1.04200433542331,9.19392071829783e-06,5,0.370852038264275
244,1.04200433542331,0.0740005154876642,5,0.370852038264275
253,1.04200433542331,0.000166696462189586,5,0.370852038264275
258,1.04200433542331,0.680897651245979,5,0.370852038264275
260,1.04200433542331,0.00372112641075295,5,0.370852038264275
264,1.04200433542331,0.00337564372587063,5,0.370852038264275
271,1.04200433542331,0.719474845177272,5,0.370852038264275
274,1.04200433542331,0.0542921816408907,5,0.370852038264275
276,1.04200433542331,0.608925856492526,5,0.370852038264275
277,1.04200433542331,0.817431365753242,5,0.370852038264275
285,1.04200433542331,0.823287617398867,5,0.370852038264275
294,1.04200433542331,0.00895418669453096,5,0.370852038264275
307,1.04200433542331,0.36068829045315,5,0.370852038264275
311,1.04200433542331,0.985671045269812,5,0.370852038264275
312,1.04200433542331,0.0127802615843761,5,0.370852038264275
2,1.07732814053694,0.33054579770578,5,0.370852038264275
21,1.07732814053694,0.162589675009226,5,0.370852038264275
35,1.07732814053694,0.159512921998495,5,0.370852038264275
44,1.07732814053694,0.797814360377342,5,0.370852038264275
48,1.07732814053694,0.501686126951993,5,0.370852038264275
50,1.07732814053694,0.330406253143013,5,0.370852038264275
51,1.07732814053694,0.00521420758492341,5,0.370852038264275
54,1.07732814053694,0.00464186145028167,5,0.370852038264275
55,1.07732814053694,5.01510943884398e-10,5,0.370852038264275
59,1.07732814053694,0.215986122888627,5,0.370852038264275
72,1.07732814053694,0.943706736560097,5,0.370852038264275
81,1.07732814053694,0.0336630049004861,5,0.370852038264275
88,1.07732814053694,0.891054879472078,5,0.370852038264275
89,1.07732814053694,0.546937096972902,5,0.370852038264275
106,1.07732814053694,0.412814649125761,5,0.370852038264275
107,1.07732814053694,0.829283104856078,5,0.370852038264275
122,1.07732814053694,0.762266585009836,5,0.370852038264275
135,1.07732814053694,0.951139336256023,5,0.370852038264275
150,1.07732814053694,0.920793313839028,5,0.370852038264275
161,1.07732814053694,0.130390687922429,5,0.370852038264275
167,1.07732814053694,0.400081803725899,5,0.370852038264275
170,1.07732814053694,0.301137776971305,5,0.370852038264275
175,1.07732814053694,0.74429484422284,5,0.370852038264275
188,1.07732814053694,0.848272156212594,5,0.370852038264275
189,1.07732814053694,0.91221362254355,5,0.370852038264275
190,1.07732814053694,0.423180152706646,5,0.370852038264275
192,1.07732814053694,0.943853831315357,5,0.370852038264275
202,1.07732814053694,0.635755354403495,5,0.370852038264275
206,1.07732814053694,0.890311205346951,5,0.370852038264275
218,1.07732814053694,0.987217006379065,5,0.370852038264275
228,1.07732814053694,0.931623466116029,5,0.370852038264275
236,1.07732814053694,0.918633471534513,5,0.370852038264275
242,1.07732814053694,3.72832403838785e-06,5,0.370852038264275
244,1.07732814053694,0.0626993916415662,5,0.370852038264275
253,1.07732814053694,0.000115889612098186,5,0.370852038264275
258,1.07732814053694,0.654472616018406,5,0.370852038264275
260,1.07732814053694,0.00314779162419365,5,0.370852038264275
264,1.07732814053694,0.00227437984812373,5,0.370852038264275
271,1.07732814053694,0.696438543016153,5,0.370852038264275
274,1.07732814053694,0.0462514529734647,5,0.370852038264275
276,1.07732814053694,0.581439657711028,5,0.370852038264275
277,1.07732814053694,0.796867268147956,5,0.370852038264275
285,1.07732814053694,0.803768075150669,5,0.370852038264275
294,1.07732814053694,0.00775477782982936,5,0.370852038264275
307,1.07732814053694,0.313880449065607,5,0.370852038264275
311,1.07732814053694,0.984993458690763,5,0.370852038264275
312,1.07732814053694,0.0101921193402308,5,0.370852038264275
2,1.11265194565058,0.303017792787116,5,0.370852038264275
21,1.11265194565058,0.141070491426479,5,0.370852038264275
35,1.11265194565058,0.141744360071861,5,0.370852038264275
44,1.11265194565058,0.781503300452311,5,0.370852038264275
48,1.11265194565058,0.474570873812771,5,0.370852038264275
50,1.11265194565058,0.298274224474573,5,0.370852038264275
51,1.11265194565058,0.00398510416997111,5,0.370852038264275
54,1.11265194565058,0.00383878457805353,5,0.370852038264275
55,1.11265194565058,2.34856578629206e-11,5,0.370852038264275
59,1.11265194565058,0.185501207352476,5,0.370852038264275
72,1.11265194565058,0.935614832680073,5,0.370852038264275
81,1.11265194565058,0.0260945103411927,5,0.370852038264275
88,1.11265194565058,0.87423071584599,5,0.370852038264275
89,1.11265194565058,0.522913879521666,5,0.370852038264275
106,1.11265194565058,0.395574878177823,5,0.370852038264275
107,1.11265194565058,0.815221682911685,5,0.370852038264275
122,1.11265194565058,0.734368538425945,5,0.370852038264275
135,1.11265194565058,0.944752796382761,5,0.370852038264275
150,1.11265194565058,0.910713615018347,5,0.370852038264275
161,1.11265194565058,0.112332089084529,5,0.370852038264275
167,1.11265194565058,0.368306147204135,5,0.370852038264275
170,1.11265194565058,0.278286229386813,5,0.370852038264275
175,1.11265194565058,0.719631433916362,5,0.370852038264275
188,1.11265194565058,0.837115796993826,5,0.370852038264275
189,1.11265194565058,0.904656665795293,5,0.370852038264275
190,1.11265194565058,0.399063304635494,5,0.370852038264275
192,1.11265194565058,0.939312390892493,5,0.370852038264275
202,1.11265194565058,0.610677990178059,5,0.370852038264275
206,1.11265194565058,0.882121706624956,5,0.370852038264275
218,1.11265194565058,0.98590996124858,5,0.370852038264275
228,1.11265194565058,0.921306452889985,5,0.370852038264275
236,1.11265194565058,0.909871255910213,5,0.370852038264275
242,1.11265194565058,1.44870869733804e-06,5,0.370852038264275
244,1.11265194565058,0.0535780565171202,5,0.370852038264275
253,1.11265194565058,7.7856117893127e-05,5,0.370852038264275
258,1.11265194565058,0.62819392496219,5,0.370852038264275
260,1.11265194565058,0.00267494383499522,5,0.370852038264275
264,1.11265194565058,0.00148303788082216,5,0.370852038264275
271,1.11265194565058,0.673236406234623,5,0.370852038264275
274,1.11265194565058,0.0395575366699594,5,0.370852038264275
276,1.11265194565058,0.555287291496918,5,0.370852038264275
277,1.11265194565058,0.776002178283185,5,0.370852038264275
285,1.11265194565058,0.783221689105603,5,0.370852038264275
294,1.11265194565058,0.00673151973075214,5,0.370852038264275
307,1.11265194565058,0.269668564436954,5,0.370852038264275
311,1.11265194565058,0.984308078794752,5,0.370852038264275
312,1.11265194565058,0.00816107885701478,5,0.370852038264275
2,1.14797575076421,0.278018079943299,5,0.370852038264275
21,1.14797575076421,0.122812130935026,5,0.370852038264275
35,1.14797575076421,0.125608078108616,5,0.370852038264275
44,1.14797575076421,0.76410007575521,5,0.370852038264275
48,1.14797575076421,0.449014295270633,5,0.370852038264275
50,1.14797575076421,0.268651081629429,5,0.370852038264275
51,1.14797575076421,0.0031157203570894,5,0.370852038264275
54,1.14797575076421,0.0031923391802744,5,0.370852038264275
55,1.14797575076421,6.55475673738692e-13,5,0.370852038264275
59,1.14797575076421,0.158669967819908,5,0.370852038264275
72,1.14797575076421,0.926644888106528,5,0.370852038264275
81,1.14797575076421,0.0200738610148609,5,0.370852038264275
88,1.14797575076421,0.855665782395119,5,0.370852038264275
89,1.14797575076421,0.500001232812795,5,0.370852038264275
106,1.14797575076421,0.379657078241445,5,0.370852038264275
107,1.14797575076421,0.800802453541547,5,0.370852038264275
122,1.14797575076421,0.705012613746663,5,0.370852038264275
135,1.14797575076421,0.937640536317638,5,0.370852038264275
150,1.14797575076421,0.899854052715624,5,0.370852038264275
161,1.14797575076421,0.0969419002249555,5,0.370852038264275
167,1.14797575076421,0.33850535584573,5,0.370852038264275
170,1.14797575076421,0.25732075220766,5,0.370852038264275
175,1.14797575076421,0.694647472249822,5,0.370852038264275
188,1.14797575076421,0.826089090564252,5,0.370852038264275
189,1.14797575076421,0.896667024221462,5,0.370852038264275
190,1.14797575076421,0.376062347137188,5,0.370852038264275
192,1.14797575076421,0.934595038115072,5,0.370852038264275
202,1.14797575076421,0.586056033580017,5,0.370852038264275
206,1.14797575076421,0.873825715028087,5,0.370852038264275
218,1.14797575076421,0.984483208365102,5,0.370852038264275
228,1.14797575076421,0.909974404151618,5,0.370852038264275
236,1.14797575076421,0.900509842822213,5,0.370852038264275
242,1.14797575076421,5.32542548281612e-07,5,0.370852038264275
244,1.14797575076421,0.0464528079339986,5,0.370852038264275
253,1.14797575076421,5.09444224482403e-05,5,0.370852038264275
258,1.14797575076421,0.602323155575202,5,0.370852038264275
260,1.14797575076421,0.00228172151456152,5,0.370852038264275
264,1.14797575076421,0.000930917654487273,5,0.370852038264275
271,1.14797575076421,0.64993313244654,5,0.370852038264275
274,1.14797575076421,0.0339302744628609,5,0.370852038264275
276,1.14797575076421,0.530424761591952,5,0.370852038264275
277,1.14797575076421,0.755039375084644,5,0.370852038264275
285,1.14797575076421,0.76182635379615,5,0.370852038264275
294,1.14797575076421,0.0058328484642679,5,0.370852038264275
307,1.14797575076421,0.229230653226567,5,0.370852038264275
311,1.14797575076421,0.983613079046599,5,0.370852038264275
312,1.14797575076421,0.00653123917998255,5,0.370852038264275
2,1.18329955587784,0.255378936989685,5,0.370852038264275
21,1.18329955587784,0.107382614760764,5,0.370852038264275
35,1.18329955587784,0.110970616359169,5,0.370852038264275
44,1.18329955587784,0.746632752064189,5,0.370852038264275
48,1.18329955587784,0.424940401416856,5,0.370852038264275
50,1.18329955587784,0.241517461247369,5,0.370852038264275
51,1.18329955587784,0.00246531935123362,5,0.370852038264275
54,1.18329955587784,0.00263053786528111,5,0.370852038264275
55,1.18329955587784,9.99200722162641e-15,5,0.370852038264275
59,1.18329955587784,0.135013628600957,5,0.370852038264275
72,1.18329955587784,0.916781786641952,5,0.370852038264275
81,1.18329955587784,0.0153213852681633,5,0.370852038264275
88,1.18329955587784,0.835481029708105,5,0.370852038264275
89,1.18329955587784,0.478164541055462,5,0.370852038264275
106,1.18329955587784,0.364950283081897,5,0.370852038264275
107,1.18329955587784,0.786104210255636,5,0.370852038264275
122,1.18329955587784,0.674522132873623,5,0.370852038264275
135,1.18329955587784,0.929746744800555,5,0.370852038264275
150,1.18329955587784,0.888270259846453,5,0.370852038264275
161,1.18329955587784,0.083779955491502,5,0.370852038264275
167,1.18329955587784,0.310706637837337,5,0.370852038264275
170,1.18329955587784,0.238211228436556,5,0.370852038264275
175,1.18329955587784,0.669566432832429,5,0.370852038264275
188,1.18329955587784,0.8142022316925,5,0.370852038264275
189,1.18329955587784,0.888233993000947,5,0.370852038264275
190,1.18329955587784,0.354145858343914,5,0.370852038264275
192,1.18329955587784,0.929716592221553,5,0.370852038264275
202,1.18329955587784,0.56201370635459,5,0.370852038264275
206,1.18329955587784,0.865438790648105,5,0.370852038264275
218,1.18329955587784,0.982924130561813,5,0.370852038264275
228,1.18329955587784,0.897562012344096,5,0.370852038264275
236,1.18329955587784,0.890566157882054,5,0.370852038264275
242,1.18329955587784,1.82097091516731e-07,5,0.370852038264275
244,1.18329955587784,0.0404108285974007,5,0.370852038264275
253,1.18329955587784,3.24010719334744e-05,5,0.370852038264275
258,1.18329955587784,0.577103834533116,5,0.370852038264275
260,1.18329955587784,0.00195193197213905,5,0.370852038264275
264,1.18329955587784,0.000559544095244613,5,0.370852038264275
271,1.18329955587784,0.626584445314413,5,0.370852038264275
274,1.18329955587784,0.0291562846716397,5,0.370852038264275
276,1.18329955587784,0.506776197226825,5,0.370852038264275
277,1.18329955587784,0.734092826307732,5,0.370852038264275
285,1.18329955587784,0.739810312342752,5,0.370852038264275
294,1.18329955587784,0.0050809817634756,5,0.370852038264275
307,1.18329955587784,0.193071643412601,5,0.370852038264275
311,1.18329955587784,0.982906582138213,5,0.370852038264275
312,1.18329955587784,0.00519964008442009,5,0.370852038264275
2,1.21862336099148,0.234927468728947,5,0.370852038264275
21,1.21862336099148,0.0943720184871453,5,0.370852038264275
35,1.21862336099148,0.0977478626768536,5,0.370852038264275
44,1.21862336099148,0.728674141134086,5,0.370852038264275
48,1.21862336099148,0.402241396286833,5,0.370852038264275
50,1.21862336099148,0.216808854279131,5,0.370852038264275
51,1.21862336099148,0.00194891724007717,5,0.370852038264275
54,1.21862336099148,0.00212318032195613,5,0.370852038264275
55,1.21862336099148,1.11022302462516e-16,5,0.370852038264275
59,1.21862336099148,0.114105797317969,5,0.370852038264275
72,1.21862336099148,0.90602686580411,5,0.370852038264275
81,1.21862336099148,0.0115989292721395,5,0.370852038264275
88,1.21862336099148,0.813903213408405,5,0.370852038264275
89,1.21862336099148,0.457352725629718,5,0.370852038264275
106,1.21862336099148,0.351346872255929,5,0.370852038264275
107,1.21862336099148,0.771207106681247,5,0.370852038264275
122,1.21862336099148,0.643498828386432,5,0.370852038264275
135,1.21862336099148,0.921023720974418,5,0.370852038264275
150,1.21862336099148,0.876031542152658,5,0.370852038264275
161,1.21862336099148,0.072459088305435,5,0.370852038264275
167,1.21862336099148,0.284903767675957,5,0.370852038264275
170,1.21862336099148,0.22089977664512,5,0.370852038264275
175,1.21862336099148,0.644584553402835,5,0.370852038264275
188,1.21862336099148,0.801967320244622,5,0.370852038264275
189,1.21862336099148,0.879351667420552,5,0.370852038264275
190,1.21862336099148,0.333303697825968,5,0.370852038264275
192,1.21862336099148,0.924691383115813,5,0.370852038264275
202,1.21862336099148,0.538637931373037,5,0.370852038264275
206,1.21862336099148,0.856950832296958,5,0.370852038264275
218,1.21862336099148,0.981218900434382,5,0.370852038264275
228,1.21862336099148,0.88415487337312,5,0.370852038264275
236,1.21862336099148,0.880068004519287,5,0.370852038264275
242,1.21862336099148,5.68850426763134e-08,5,0.370852038264275
244,1.21862336099148,0.0354300386788675,5,0.370852038264275
253,1.21862336099148,1.99853257341065e-05,5,0.370852038264275
258,1.21862336099148,0.55274581280765,5,0.370852038264275
260,1.21862336099148,0.00167309735234911,5,0.370852038264275
264,1.21862336099148,0.000320542843326943,5,0.370852038264275
271,1.21862336099148,0.603256840544334,5,0.370852038264275
274,1.21862336099148,0.0250713556506807,5,0.370852038264275
276,1.21862336099148,0.484272591914988,5,0.370852038264275
277,1.21862336099148,0.713212171142889,5,0.370852038264275
285,1.21862336099148,0.717441329857293,5,0.370852038264275
294,1.21862336099148,0.00443308344305615,5,0.370852038264275
307,1.21862336099148,0.161450973513711,5,0.370852038264275
311,1.21862336099148,0.982186674413313,5,0.370852038264275
312,1.21862336099148,0.0040998473008288,5,0.370852038264275
2,1.25394716610511,0.216499360528572,5,0.370852038264275
21,1.25394716610511,0.0834092876331018,5,0.370852038264275
35,1.25394716610511,0.0858760080626507,5,0.370852038264275
44,1.25394716610511,0.710293522865766,5,0.370852038264275
48,1.25394716610511,0.380808672160959,5,0.370852038264275
50,1.25394716610511,0.194430783218248,5,0.370852038264275
51,1.25394716610511,0.00151936850479906,5,0.370852038264275
54,1.25394716610511,0.0016631404255546,5,0.370852038264275
55,1.25394716610511,0,5,0.370852038264275
59,1.25394716610511,0.0956224512584409,5,0.370852038264275
72,1.25394716610511,0.894392942079884,5,0.370852038264275
81,1.25394716610511,0.00870579038507013,5,0.370852038264275
88,1.25394716610511,0.791258131944886,5,0.370852038264275
89,1.25394716610511,0.437518241700874,5,0.370852038264275
106,1.25394716610511,0.338745814053981,5,0.370852038264275
107,1.25394716610511,0.756187321276768,5,0.370852038264275
122,1.25394716610511,0.611931058652659,5,0.370852038264275
135,1.25394716610511,0.911436322033937,5,0.370852038264275
150,1.25394716610511,0.863212401090059,5,0.370852038264275
161,1.25394716610511,0.0626605929148273,5,0.370852038264275
167,1.25394716610511,0.2610693684993,5,0.370852038264275
170,1.25394716610511,0.205301436523103,5,0.370852038264275
175,1.25394716610511,0.619879501897461,5,0.370852038264275
188,1.25394716610511,0.789437766079245,5,0.370852038264275
189,1.25394716610511,0.870020193650301,5,0.370852038264275
190,1.25394716610511,0.313534489473128,5,0.370852038264275
192,1.25394716610511,0.919530781406639,5,0.370852038264275
202,1.25394716610511,0.515993834604539,5,0.370852038264275
206,1.25394716610511,0.848330409130273,5,0.370852038264275
218,1.25394716610511,0.979352435443963,5,0.370852038264275
228,1.25394716610511,0.869671216672696,5,0.370852038264275
236,1.25394716610511,0.869052588759592,5,0.370852038264275
242,1.25394716610511,1.59552352441139e-08,5,0.370852038264275
244,1.25394716610511,0.0312645992030565,5,0.370852038264275
253,1.25394716610511,1.19261080697708e-05,5,0.370852038264275
258,1.25394716610511,0.529411242816631,5,0.370852038264275
260,1.25394716610511,0.00143564534620899,5,0.370852038264275
264,1.25394716610511,0.000174381370656951,5,0.370852038264275
271,1.25394716610511,0.58004438746425,5,0.370852038264275
274,1.25394716610511,0.0215494974810877,5,0.370852038264275
276,1.25394716610511,0.462873395321947,5,0.370852038264275
277,1.25394716610511,0.692428488141947,5,0.370852038264275
285,1.25394716610511,0.695006718795255,5,0.370852038264275
294,1.25394716610511,0.00387373955032921,5,0.370852038264275
307,1.25394716610511,0.134315021734945,5,0.370852038264275
311,1.25394716610511,0.981451404159381,5,0.370852038264275
312,1.25394716610511,0.00318844962213105,5,0.370852038264275
2,1.28927097121874,0.199936327876672,5,0.370852038264275
21,1.28927097121874,0.0741718044447932,5,0.370852038264275
35,1.28927097121874,0.0752861396120389,5,0.370852038264275
44,1.28927097121874,0.691570148896308,5,0.370852038264275
48,1.28927097121874,0.36054793751518,5,0.370852038264275
50,1.28927097121874,0.174264708489724,5,0.370852038264275
51,1.28927097121874,0.00115478558095161,5,0.370852038264275
54,1.28927097121874,0.0012545828000794,5,0.370852038264275
55,1.28927097121874,0,5,0.370852038264275
59,1.28927097121874,0.0793430659853056,5,0.370852038264275
72,1.28927097121874,0.881896482971834,5,0.370852038264275
81,1.28927097121874,0.00647476995259655,5,0.370852038264275
88,1.28927097121874,0.767940716661879,5,0.370852038264275
89,1.28927097121874,0.418630111010624,5,0.370852038264275
106,1.28927097121874,0.327054249564522,5,0.370852038264275
107,1.28927097121874,0.741112401275725,5,0.370852038264275
122,1.28927097121874,0.580458716091554,5,0.370852038264275
135,1.28927097121874,0.900966338351492,5,0.370852038264275
150,1.28927097121874,0.849887465094681,5,0.370852038264275
161,1.28927097121874,0.0541362861067175,5,0.370852038264275
167,1.28927097121874,0.239162846270325,5,0.370852038264275
170,1.28927097121874,0.1913136612532,5,0.370852038264275
175,1.28927097121874,0.595616632340382,5,0.370852038264275
188,1.28927097121874,0.776578872322654,5,0.370852038264275
189,1.28927097121874,0.860247081531226,5,0.370852038264275
190,1.28927097121874,0.294835883593578,5,0.370852038264275
192,1.28927097121874,0.91424152741959,5,0.370852038264275
202,1.28927097121874,0.494137537521763,5,0.370852038264275
206,1.28927097121874,0.839537924247999,5,0.370852038264275
218,1.28927097121874,0.97730838054627,5,0.370852038264275
228,1.28927097121874,0.854097612328458,5,0.370852038264275
236,1.28927097121874,0.857564654457709,5,0.370852038264275
242,1.28927097121874,3.95277277576156e-09,5,0.370852038264275
244,1.28927097121874,0.0277259760150341,5,0.370852038264275
253,1.28927097121874,6.86712056352512e-06,5,0.370852038264275
258,1.28927097121874,0.507204340044703,5,0.370852038264275
260,1.28927097121874,0.00123222599713169,5,0.370852038264275
264,1.28927097121874,8.98580173809282e-05,5,0.370852038264275
271,1.28927097121874,0.557070586744385,5,0.370852038264275
274,1.28927097121874,0.0184957334855864,5,0.370852038264275
276,1.28927097121874,0.442569623776242,5,0.370852038264275
277,1.28927097121874,0.671790072061236,5,0.370852038264275
285,1.28927097121874,0.672785409206316,5,0.370852038264275
294,1.28927097121874,0.00338999727464995,5,0.370852038264275
307,1.28927097121874,0.111355372363567,5,0.370852038264275
311,1.28927097121874,0.98069876356932,5,0.370852038264275
312,1.28927097121874,0.00243563045021755,5,0.370852038264275
2,1.32459477633238,0.185075666589383,5,0.370852038264275
21,1.32459477633238,0.0663846145057303,5,0.370852038264275
35,1.32459477633238,0.0658911232372078,5,0.370852038264275
44,1.32459477633238,0.672591711627141,5,0.370852038264275
48,1.32459477633238,0.341378687947138,5,0.370852038264275
50,1.32459477633238,0.15617169133528,5,0.370852038264275
51,1.32459477633238,0.000847552186337253,5,0.370852038264275
54,1.32459477633238,0.000904708717891389,5,0.370852038264275
55,1.32459477633238,0,5,0.370852038264275
59,1.32459477633238,0.0651305009026976,5,0.370852038264275
72,1.32459477633238,0.868550990963166,5,0.370852038264275
81,1.32459477633238,0.00476820381405774,5,0.370852038264275
88,1.32459477633238,0.744365359234873,5,0.370852038264275
89,1.32459477633238,0.400677003463956,5,0.370852038264275
106,1.32459477633238,0.316187465149997,5,0.370852038264275
107,1.32459477633238,0.726038344767125,5,0.370852038264275
122,1.32459477633238,0.54947174662852,5,0.370852038264275
135,1.32459477633238,0.889615873506242,5,0.370852038264275
150,1.32459477633238,0.836133282270497,5,0.370852038264275
161,1.32459477633238,0.04669802178061,5,0.370852038264275
167,1.32459477633238,0.219128790601025,5,0.370852038264275
170,1.32459477633238,0.178824648904137,5,0.370852038264275
175,1.32459477633238,0.571946545567548,5,0.370852038264275
188,1.32459477633238,0.76345263098012,5,0.370852038264275
189,1.32459477633238,0.850048497528411,5,0.370852038264275
190,1.32459477633238,0.277200021586134,5,0.370852038264275
192,1.32459477633238,0.908825834967307,5,0.370852038264275
202,1.32459477633238,0.473121225651882,5,0.370852038264275
206,1.32459477633238,0.830542226083008,5,0.370852038264275
218,1.32459477633238,0.975080744070368,5,0.370852038264275
228,1.32459477633238,0.837458300239593,5,0.370852038264275
236,1.32459477633238,0.845655233613956,5,0.370852038264275
242,1.32459477633238,8.5113283088134e-10,5,0.370852038264275
244,1.32459477633238,0.0246736973557501,5,0.370852038264275
253,1.32459477633238,3.80441507918938e-06,5,0.370852038264275
258,1.32459477633238,0.486168924566443,5,0.370852038264275
260,1.32459477633238,0.00105715616553781,5,0.370852038264275
264,1.32459477633238,4.3750191046743e-05,5,0.370852038264275
271,1.32459477633238,0.534473503051176,5,0.370852038264275
274,1.32459477633238,0.0158395758135312,5,0.370852038264275
276,1.32459477633238,0.423369196136299,5,0.370852038264275
277,1.32459477633238,0.651373753794779,5,0.370852038264275
285,1.32459477633238,0.651016797668766,5,0.370852038264275
294,1.32459477633238,0.00297085585001433,5,0.370852038264275
307,1.32459477633238,0.092115548607663,5,0.370852038264275
311,1.32459477633238,0.979926668416,5,0.370852038264275
312,1.32459477633238,0.00181951153647497,5,0.370852038264275
2,1.35991858144601,0.17174420568391,5,0.370852038264275
21,1.35991858144601,0.0598110711905209,5,0.370852038264275
35,1.35991858144601,0.0575865560656269,5,0.370852038264275
44,1.35991858144601,0.653452243879545,5,0.370852038264275
48,1.35991858144601,0.323228932109072,5,0.370852038264275
50,1.35991858144601,0.139998380343844,5,0.370852038264275
51,1.35991858144601,0.000595741880595635,5,0.370852038264275
54,1.35991858144601,0.000618755116383318,5,0.370852038264275
55,1.35991858144601,0,5,0.370852038264275
59,1.35991858144601,0.0528274919844377,5,0.370852038264275
72,1.35991858144601,0.85436764788664,5,0.370852038264275
81,1.35991858144601,0.003473934550695,5,0.370852038264275
88,1.35991858144601,0.720911285713363,5,0.370852038264275
89,1.35991858144601,0.38366181890951,5,0.370852038264275
106,1.35991858144601,0.305482923074983,5,0.370852038264275
107,1.35991858144601,0.711009120549554,5,0.370852038264275
122,1.35991858144601,0.519299407176065,5,0.370852038264275
135,1.35991858144601,0.877408582975632,5,0.370852038264275
150,1.35991858144601,0.82203522106091,5,0.370852038264275
161,1.35991858144601,0.0402010201100134,5,0.370852038264275
167,1.35991858144601,0.200889225324575,5,0.370852038264275
170,1.35991858144601,0.167715411513551,5,0.370852038264275
175,1.35991858144601,0.54899727705566,5,0.370852038264275
188,1.35991858144601,0.750093944044898,5,0.370852038264275
189,1.35991858144601,0.839450418524708,5,0.370852038264275
190,1.35991858144601,0.260612479588724,5,0.370852038264275
192,1.35991858144601,0.903283746702552,5,0.370852038264275
202,1.35991858144601,0.452990957153795,5,0.370852038264275
206,1.35991858144601,0.82133232502971,5,0.370852038264275
218,1.35991858144601,0.972627907161683,5,0.370852038264275
228,1.35991858144601,0.819830735596766,5,0.370852038264275
236,1.35991858144601,0.833382162459572,5,0.370852038264275
242,1.35991858144601,1.56635482362333e-10,5,0.370852038264275
244,1.35991858144601,0.0220057770967526,5,0.370852038264275
253,1.35991858144601,2.02149491801418e-06,5,0.370852038264275
258,1.35991858144601,0.466236336842804,5,0.370852038264275
260,1.35991858144601,0.000905987530034347,5,0.370852038264275
264,1.35991858144601,2.00403118109094e-05,5,0.370852038264275
271,1.35991858144601,0.512383649964951,5,0.370852038264275
274,1.35991858144601,0.0135284936730335,5,0.370852038264275
276,1.35991858144601,0.405276244963064,5,0.370852038264275
277,1.35991858144601,0.631279687519031,5,0.370852038264275
285,1.35991858144601,0.629874701121394,5,0.370852038264275
294,1.35991858144601,0.0026069323974045,5,0.370852038264275
307,1.35991858144601,0.0760915575981358,5,0.370852038264275
311,1.35991858144601,0.97913299105089,5,0.370852038264275
312,1.35991858144601,0.00132299451565543,5,0.370852038264275
2,1.39524238655965,0.15976222235496,5,0.370852038264275
21,1.39524238655965,0.0542429588837074,5,0.370852038264275
35,1.39524238655965,0.0502605099149888,5,0.370852038264275
44,1.39524238655965,0.634249482232344,5,0.370852038264275
48,1.39524238655965,0.306033667233815,5,0.370852038264275
50,1.39524238655965,0.125584463098772,5,0.370852038264275
51,1.39524238655965,0.000397835276496727,5,0.370852038264275
54,1.39524238655965,0.000397700603715467,5,0.370852038264275
55,1.39524238655965,0,5,0.370852038264275
59,1.39524238655965,0.0423271850237771,5,0.370852038264275
72,1.39524238655965,0.839367219008727,5,0.370852038264275
81,1.39524238655965,0.00250141506144053,5,0.370852038264275
88,1.39524238655965,0.697881813936537,5,0.370852038264275
89,1.39524238655965,0.367591682762643,5,0.370852038264275
106,1.39524238655965,0.296039519044872,5,0.370852038264275
107,1.39524238655965,0.696058594433676,5,0.370852038264275
122,1.39524238655965,0.49019565835422,5,0.370852038264275
135,1.39524238655965,0.864387774558963,5,0.370852038264275
150,1.39524238655965,0.807691400428997,5,0.370852038264275
161,1.39524238655965,0.0352432072934815,5,0.370852038264275
167,1.39524238655965,0.184338477825361,5,0.370852038264275
170,1.39524238655965,0.157858003407592,5,0.370852038264275
175,1.39524238655965,0.526866820346208,5,0.370852038264275
188,1.39524238655965,0.736540321113338,5,0.370852038264275
189,1.39524238655965,0.828489486530875,5,0.370852038264275
190,1.39524238655965,0.245052277703918,5,0.370852038264275
192,1.39524238655965,0.897514275697002,5,0.370852038264275
202,1.39524238655965,0.433781012807571,5,0.370852038264275
206,1.39524238655965,0.811918972299685,5,0.370852038264275
218,1.39524238655965,0.969941272131828,5,0.370852038264275
228,1.39524238655965,0.801351258893627,5,0.370852038264275
236,1.39524238655965,0.820812931625945,5,0.370852038264275
242,1.39524238655965,2.41889841490206e-11,5,0.370852038264275
244,1.39524238655965,0.0196498700287921,5,0.370852038264275
253,1.39524238655965,1.02668433643593e-06,5,0.370852038264275
258,1.39524238655965,0.447479927183768,5,0.370852038264275
260,1.39524238655965,0.000775183536958712,5,0.370852038264275
264,1.39524238655965,8.56421568962151e-06,5,0.370852038264275
271,1.39524238655965,0.490906416635369,5,0.370852038264275
274,1.39524238655965,0.0115218548877067,5,0.370852038264275
276,1.39524238655965,0.388276771332769,5,0.370852038264275
277,1.39524238655965,0.611620538668497,5,0.370852038264275
285,1.39524238655965,0.609456002141251,5,0.370852038264275
294,1.39524238655965,0.0022902222418637,5,0.370852038264275
307,1.39524238655965,0.062798211189207,5,0.370852038264275
311,1.39524238655965,0.978315519905141,5,0.370852038264275
312,1.39524238655965,0.00093174271226848,5,0.370852038264275
2,1.43056619167328,0.148953779384024,5,0.370852038264275
21,1.43056619167328,0.0494960309604349,5,0.370852038264275
35,1.43056619167328,0.043804644750319,5,0.370852038264275
44,1.43056619167328,0.615081819851734,5,0.370852038264275
48,1.43056619167328,0.289835440715136,5,0.370852038264275
50,1.43056619167328,0.112769189321412,5,0.370852038264275
51,1.43056619167328,0.000250268095521866,5,0.370852038264275
54,1.43056619167328,0.000237650978141657,5,0.370852038264275
55,1.43056619167328,0,5,0.370852038264275
59,1.43056619167328,0.033497418601829,5,0.370852038264275
72,1.43056619167328,0.823599422174509,5,0.370852038264275
81,1.43056619167328,0.001778137971295,5,0.370852038264275
88,1.43056619167328,0.675485443139009,5,0.370852038264275
89,1.43056619167328,0.352467665309713,5,0.370852038264275
106,1.43056619167328,0.287203376366932,5,0.370852038264275
107,1.43056619167328,0.681213992209379,5,0.370852038264275
122,1.43056619167328,0.462338992255685,5,0.370852038264275
135,1.43056619167328,0.850611156251888,5,0.370852038264275
150,1.43056619167328,0.793204809233757,5,0.370852038264275
161,1.43056619167328,0.0302158286749428,5,0.370852038264275
167,1.43056619167328,0.169346280215492,5,0.370852038264275
170,1.43056619167328,0.149116072236344,5,0.370852038264275
175,1.43056619167328,0.505551281635068,5,0.370852038264275
188,1.43056619167328,0.722830961168441,5,0.370852038264275
189,1.43056619167328,0.817213366416755,5,0.370852038264275
190,1.43056619167328,0.230491561336896,5,0.370852038264275
192,1.43056619167328,0.891728116010411,5,0.370852038264275
202,1.43056619167328,0.415508523020297,5,0.370852038264275
206,1.43056619167328,0.802327992444166,5,0.370852038264275
218,1.43056619167328,0.966955078548709,5,0.370852038264275
228,1.43056619167328,0.782202847018754,5,0.370852038264275
236,1.43056619167328,0.808028962587356,5,0.370852038264275
242,1.43056619167328,3.07109893071811e-12,5,0.370852038264275
244,1.43056619167328,0.0175555382910267,5,0.370852038264275
253,1.43056619167328,4.96534784177882e-07,5,0.370852038264275
258,1.43056619167328,0.429773052618265,5,0.370852038264275
260,1.43056619167328,0.000661884087201026,5,0.370852038264275
264,1.43056619167328,3.36769572428786e-06,5,0.370852038264275
271,1.43056619167328,0.470115095810111,5,0.370852038264275
274,1.43056619167328,0.00978586072078624,5,0.370852038264275
276,1.43056619167328,0.372334231814458,5,0.370852038264275
277,1.43056619167328,0.592394241961813,5,0.370852038264275
285,1.43056619167328,0.589789882157,5,0.370852038264275
294,1.43056619167328,0.00201391005729856,5,0.370852038264275
307,1.43056619167328,0.0517939387613735,5,0.370852038264275
311,1.43056619167328,0.97747198960869,5,0.370852038264275
312,1.43056619167328,0.000631263605973542,5,0.370852038264275
2,0.656285350521406,0.967060023862227,5,0.629586011171341
21,0.656285350521406,0.941327531804404,5,0.629586011171341
35,0.656285350521406,0.90995373344508,5,0.629586011171341
44,0.656285350521406,0.995557173884634,5,0.629586011171341
48,0.656285350521406,0.995551023543986,5,0.629586011171341
50,0.656285350521406,0.969368016680073,5,0.629586011171341
51,0.656285350521406,0.675365348146633,5,0.629586011171341
72,0.656285350521406,0.99938161489869,5,0.629586011171341
81,0.656285350521406,0.85835970851845,5,0.629586011171341
88,0.656285350521406,0.998647196700915,5,0.629586011171341
106,0.656285350521406,0.954245201601622,5,0.629586011171341
107,0.656285350521406,0.996368565813754,5,0.629586011171341
122,0.656285350521406,0.998273721040475,5,0.629586011171341
135,0.656285350521406,0.999650743764817,5,0.629586011171341
150,0.656285350521406,0.998806332174344,5,0.629586011171341
161,0.656285350521406,0.98649943755584,5,0.629586011171341
170,0.656285350521406,0.989108468748627,5,0.629586011171341
175,0.656285350521406,0.997207627271725,5,0.629586011171341
188,0.656285350521406,0.994255343914475,5,0.629586011171341
189,0.656285350521406,0.997410480035888,5,0.629586011171341
190,0.656285350521406,0.948425941334921,5,0.629586011171341
192,0.656285350521406,0.997540110023187,5,0.629586011171341
202,0.656285350521406,0.991042601390125,5,0.629586011171341
206,0.656285350521406,0.996857456341626,5,0.629586011171341
218,0.656285350521406,0.999810870886778,5,0.629586011171341
228,0.656285350521406,0.996710870464665,5,0.629586011171341
236,0.656285350521406,0.997480770138683,5,0.629586011171341
253,0.656285350521406,0.463646300722821,5,0.629586011171341
258,0.656285350521406,0.99059194387296,5,0.629586011171341
2,0.68298468987147,0.931655149696893,5,0.629586011171341
21,0.68298468987147,0.882602735745417,5,0.629586011171341
35,0.68298468987147,0.829695584057352,5,0.629586011171341
44,0.68298468987147,0.989952966596603,5,0.629586011171341
48,0.68298468987147,0.991552147266989,5,0.629586011171341
50,0.68298468987147,0.93500362802618,5,0.629586011171341
51,0.68298468987147,0.445026115225519,5,0.629586011171341
72,0.68298468987147,0.998687899978716,5,0.629586011171341
81,0.68298468987147,0.735868037456093,5,0.629586011171341
88,0.68298468987147,0.997176994731359,5,0.629586011171341
106,0.68298468987147,0.909242934988609,5,0.629586011171341
107,0.68298468987147,0.992382008053626,5,0.629586011171341
122,0.68298468987147,0.996782085770789,5,0.629586011171341
135,0.68298468987147,0.999192625855228,5,0.629586011171341
150,0.68298468987147,0.99775557087651,5,0.629586011171341
161,0.68298468987147,0.969797508920444,5,0.629586011171341
170,0.68298468987147,0.977473342846521,5,0.629586011171341
175,0.68298468987147,0.994275947011967,5,0.629586011171341
188,0.68298468987147,0.989818867196463,5,0.629586011171341
189,0.68298468987147,0.994629559383608,5,0.629586011171341
190,0.68298468987147,0.897567902183906,5,0.629586011171341
192,0.68298468987147,0.995108097321846,5,0.629586011171341
202,0.68298468987147,0.981601356462599,5,0.629586011171341
206,0.68298468987147,0.993748987881499,5,0.629586011171341
218,0.68298468987147,0.999608651833412,5,0.629586011171341
228,0.68298468987147,0.992853368922856,5,0.629586011171341
236,0.68298468987147,0.994744358812582,5,0.629586011171341
253,0.68298468987147,0.180133196594239,5,0.629586011171341
258,0.68298468987147,0.978513704954985,5,0.629586011171341
2,0.709684029221535,0.893470356898712,5,0.629586011171341
21,0.709684029221535,0.814972307752823,5,0.629586011171341
35,0.709684029221535,0.755943857179739,5,0.629586011171341
44,0.709684029221535,0.985209071163788,5,0.629586011171341
48,0.709684029221535,0.98738574902489,5,0.629586011171341
50,0.709684029221535,0.899952639276712,5,0.629586011171341
51,0.709684029221535,0.282752071059546,5,0.629586011171341
72,0.709684029221535,0.997993931737361,5,0.629586011171341
81,0.709684029221535,0.624695334907748,5,0.629586011171341
88,0.709684029221535,0.995577494040454,5,0.629586011171341
106,0.709684029221535,0.866318961885608,5,0.629586011171341
107,0.709684029221535,0.988705902039316,5,0.629586011171341
122,0.709684029221535,0.995241364421911,5,0.629586011171341
135,0.709684029221535,0.998813537854179,5,0.629586011171341
150,0.709684029221535,0.996495796283874,5,0.629586011171341
161,0.709684029221535,0.943411271746977,5,0.629586011171341
170,0.709684029221535,0.965077918358666,5,0.629586011171341
175,0.709684029221535,0.99127201559534,5,0.629586011171341
188,0.709684029221535,0.985312846694139,5,0.629586011171341
189,0.709684029221535,0.991759863744223,5,0.629586011171341
190,0.709684029221535,0.847660421913469,5,0.629586011171341
192,0.709684029221535,0.992475610533513,5,0.629586011171341
202,0.709684029221535,0.971673360370296,5,0.629586011171341
206,0.709684029221535,0.990632859486871,5,0.629586011171341
218,0.709684029221535,0.999409086374459,5,0.629586011171341
228,0.709684029221535,0.988337244888314,5,0.629586011171341
236,0.709684029221535,0.991768085305878,5,0.629586011171341
253,0.709684029221535,0.0856517709042584,5,0.629586011171341
258,0.709684029221535,0.96714732865048,5,0.629586011171341
2,0.736383368571599,0.854420102817018,5,0.629586011171341
21,0.736383368571599,0.750474335451486,5,0.629586011171341
35,0.736383368571599,0.686551442716536,5,0.629586011171341
44,0.736383368571599,0.981045457539728,5,0.629586011171341
48,0.736383368571599,0.982817029409785,5,0.629586011171341
50,0.736383368571599,0.863869018394166,5,0.629586011171341
51,0.736383368571599,0.175885774531878,5,0.629586011171341
72,0.736383368571599,0.997225897860847,5,0.629586011171341
81,0.736383368571599,0.521962688004279,5,0.629586011171341
88,0.736383368571599,0.993835542525366,5,0.629586011171341
106,0.736383368571599,0.822488209901466,5,0.629586011171341
107,0.736383368571599,0.984719684300961,5,0.629586011171341
122,0.736383368571599,0.993428469649025,5,0.629586011171341
135,0.736383368571599,0.998445579299616,5,0.629586011171341
150,0.736383368571599,0.995174289796059,5,0.629586011171341
161,0.736383368571599,0.940746434200944,5,0.629586011171341
170,0.736383368571599,0.951914803867976,5,0.629586011171341
175,0.736383368571599,0.988445315197338,5,0.629586011171341
188,0.736383368571599,0.981619851441671,5,0.629586011171341
189,0.736383368571599,0.988736095101829,5,0.629586011171341
190,0.736383368571599,0.798829524712694,5,0.629586011171341
192,0.736383368571599,0.98999502235298,5,0.629586011171341
202,0.736383368571599,0.961261141125812,5,0.629586011171341
206,0.736383368571599,0.987210068831657,5,0.629586011171341
218,0.736383368571599,0.999149914569717,5,0.629586011171341
228,0.736383368571599,0.983064211327447,5,0.629586011171341
236,0.736383368571599,0.988527404453356,5,0.629586011171341
253,0.736383368571599,0.0380702516796425,5,0.629586011171341
258,0.736383368571599,0.955840312109994,5,0.629586011171341
2,0.763082707921664,0.81239088130366,5,0.629586011171341
21,0.763082707921664,0.678084537209049,5,0.629586011171341
35,0.763082707921664,0.622536542163525,5,0.629586011171341
44,0.763082707921664,0.975860012645568,5,0.629586011171341
48,0.763082707921664,0.977939884190799,5,0.629586011171341
50,0.763082707921664,0.826403457623189,5,0.629586011171341
51,0.763082707921664,0.106429059004168,5,0.629586011171341
72,0.763082707921664,0.996545111033159,5,0.629586011171341
81,0.763082707921664,0.427726060472806,5,0.629586011171341
88,0.763082707921664,0.992327576107501,5,0.629586011171341
106,0.763082707921664,0.781269945104587,5,0.629586011171341
107,0.763082707921664,0.980416815493726,5,0.629586011171341
122,0.763082707921664,0.991796761822235,5,0.629586011171341
135,0.763082707921664,0.998062662324868,5,0.629586011171341
150,0.763082707921664,0.993920897221854,5,0.629586011171341
161,0.763082707921664,0.92346729305805,5,0.629586011171341
170,0.763082707921664,0.937988100483912,5,0.629586011171341
175,0.763082707921664,0.985397374462659,5,0.629586011171341
188,0.763082707921664,0.975749897116467,5,0.629586011171341
189,0.763082707921664,0.985858851915924,5,0.629586011171341
190,0.763082707921664,0.75115373275872,5,0.629586011171341
192,0.763082707921664,0.987059058592913,5,0.629586011171341
202,0.763082707921664,0.950373029449473,5,0.629586011171341
206,0.763082707921664,0.983776450140299,5,0.629586011171341
218,0.763082707921664,0.998954438756917,5,0.629586011171341
228,0.763082707921664,0.976925792291342,5,0.629586011171341
236,0.763082707921664,0.984996032001483,5,0.629586011171341
253,0.763082707921664,0.0187508416761922,5,0.629586011171341
258,0.763082707921664,0.943307039615649,5,0.629586011171341
2,0.789782047271729,0.769426550823753,5,0.629586011171341
21,0.789782047271729,0.611787572558549,5,0.629586011171341
35,0.789782047271729,0.564347126331957,5,0.629586011171341
44,0.789782047271729,0.97104350058569,5,0.629586011171341
48,0.789782047271729,0.973117674087626,5,0.629586011171341
50,0.789782047271729,0.789024515194135,5,0.629586011171341
51,0.789782047271729,0.0640746773328824,5,0.629586011171341
72,0.789782047271729,0.995781709967106,5,0.629586011171341
81,0.789782047271729,0.345007788900939,5,0.629586011171341
88,0.789782047271729,0.990145259858543,5,0.629586011171341
106,0.789782047271729,0.742929078725305,5,0.629586011171341
107,0.789782047271729,0.975910351170378,5,0.629586011171341
122,0.789782047271729,0.990116185864935,5,0.629586011171341
135,0.789782047271729,0.997706068634015,5,0.629586011171341
150,0.789782047271729,0.992347391814029,5,0.629586011171341
161,0.789782047271729,0.91157562963944,5,0.629586011171341
170,0.789782047271729,0.923315527609906,5,0.629586011171341
175,0.789782047271729,0.982041264369837,5,0.629586011171341
188,0.789782047271729,0.971003225048308,5,0.629586011171341
189,0.789782047271729,0.982527423903702,5,0.629586011171341
190,0.789782047271729,0.704726543234301,5,0.629586011171341
192,0.789782047271729,0.984122237879302,5,0.629586011171341
202,0.789782047271729,0.939023111126067,5,0.629586011171341
206,0.789782047271729,0.980233192027526,5,0.629586011171341
218,0.789782047271729,0.998756370634456,5,0.629586011171341
228,0.789782047271729,0.969826507584775,5,0.629586011171341
236,0.789782047271729,0.981146196573663,5,0.629586011171341
253,0.789782047271729,0.00872236267738546,5,0.629586011171341
258,0.789782047271729,0.929937142676073,5,0.629586011171341
2,0.816481386621793,0.723093914548792,5,0.629586011171341
21,0.816481386621793,0.546109442267095,5,0.629586011171341
35,0.816481386621793,0.512277945360559,5,0.629586011171341
44,0.816481386621793,0.965762672505318,5,0.629586011171341
48,0.816481386621793,0.967145523078151,5,0.629586011171341
50,0.816481386621793,0.746447782539077,5,0.629586011171341
51,0.816481386621793,0.0386876423958491,5,0.629586011171341
72,0.816481386621793,0.994913586053247,5,0.629586011171341
81,0.816481386621793,0.271228927797414,5,0.629586011171341
88,0.816481386621793,0.987899197846566,5,0.629586011171341
106,0.816481386621793,0.705066624622489,5,0.629586011171341
107,0.816481386621793,0.971228727902601,5,0.629586011171341
122,0.816481386621793,0.988383558242814,5,0.629586011171341
135,0.816481386621793,0.997249427583646,5,0.629586011171341
150,0.816481386621793,0.990933486003384,5,0.629586011171341
161,0.816481386621793,0.890475864622541,5,0.629586011171341
170,0.816481386621793,0.907930292698646,5,0.629586011171341
175,0.816481386621793,0.978593859242713,5,0.629586011171341
188,0.816481386621793,0.966175244071986,5,0.629586011171341
189,0.816481386621793,0.978999513715014,5,0.629586011171341
190,0.816481386621793,0.659689036030921,5,0.629586011171341
192,0.816481386621793,0.980717478208183,5,0.629586011171341
202,0.816481386621793,0.926978497054932,5,0.629586011171341
206,0.816481386621793,0.976613499240558,5,0.629586011171341
218,0.816481386621793,0.998550590875111,5,0.629586011171341
228,0.816481386621793,0.961662541285579,5,0.629586011171341
236,0.816481386621793,0.976949057716703,5,0.629586011171341
253,0.816481386621793,0.0046397336236722,5,0.629586011171341
258,0.816481386621793,0.914389252330966,5,0.629586011171341
2,0.843180725971858,0.677227526098055,5,0.629586011171341
21,0.843180725971858,0.482047234528186,5,0.629586011171341
35,0.843180725971858,0.465661599763242,5,0.629586011171341
44,0.843180725971858,0.960322846852606,5,0.629586011171341
48,0.843180725971858,0.962736580632769,5,0.629586011171341
50,0.843180725971858,0.704729470792142,5,0.629586011171341
51,0.843180725971858,0.0238608495338081,5,0.629586011171341
72,0.843180725971858,0.993991860546203,5,0.629586011171341
81,0.843180725971858,0.214384824223618,5,0.629586011171341
88,0.843180725971858,0.985444343421176,5,0.629586011171341
106,0.843180725971858,0.668975730756723,5,0.629586011171341
107,0.843180725971858,0.966283695490929,5,0.629586011171341
122,0.843180725971858,0.986787103414467,5,0.629586011171341
135,0.843180725971858,0.996847373926867,5,0.629586011171341
150,0.843180725971858,0.98928731864138,5,0.629586011171341
161,0.843180725971858,0.871561756449936,5,0.629586011171341
170,0.843180725971858,0.891882448825101,5,0.629586011171341
175,0.843180725971858,0.975306986098124,5,0.629586011171341
188,0.843180725971858,0.961262761166615,5,0.629586011171341
189,0.843180725971858,0.975270944382715,5,0.629586011171341
190,0.843180725971858,0.616403869729115,5,0.629586011171341
192,0.843180725971858,0.977930570001901,5,0.629586011171341
202,0.843180725971858,0.914759917040251,5,0.629586011171341
206,0.843180725971858,0.972839044729295,5,0.629586011171341
218,0.843180725971858,0.998289542910714,5,0.629586011171341
228,0.843180725971858,0.952293700807964,5,0.629586011171341
236,0.843180725971858,0.972375332903077,5,0.629586011171341
253,0.843180725971858,0.00234338276659163,5,0.629586011171341
258,0.843180725971858,0.900108365318907,5,0.629586011171341
2,0.869880065321922,0.631754405269979,5,0.629586011171341
21,0.869880065321922,0.417620405211718,5,0.629586011171341
35,0.869880065321922,0.423781709455918,5,0.629586011171341
44,0.869880065321922,0.954246121742505,5,0.629586011171341
48,0.869880065321922,0.957069255096775,5,0.629586011171341
50,0.869880065321922,0.662395302181886,5,0.629586011171341
51,0.869880065321922,0.0154002467132627,5,0.629586011171341
72,0.869880065321922,0.993012517889554,5,0.629586011171341
81,0.869880065321922,0.164974766035529,5,0.629586011171341
88,0.869880065321922,0.982760253172731,5,0.629586011171341
106,0.869880065321922,0.634650030999151,5,0.629586011171341
107,0.869880065321922,0.96136989608817,5,0.629586011171341
122,0.869880065321922,0.984946930598444,5,0.629586011171341
135,0.869880065321922,0.996459422273884,5,0.629586011171341
150,0.869880065321922,0.987491404719862,5,0.629586011171341
161,0.869880065321922,0.84938028599422,5,0.629586011171341
170,0.869880065321922,0.875239445175586,5,0.629586011171341
175,0.869880065321922,0.971563070252431,5,0.629586011171341
188,0.869880065321922,0.955770833790081,5,0.629586011171341
189,0.869880065321922,0.971135899884721,5,0.629586011171341
190,0.869880065321922,0.574697531411898,5,0.629586011171341
192,0.869880065321922,0.974630260988015,5,0.629586011171341
202,0.869880065321922,0.902147677248129,5,0.629586011171341
206,0.869880065321922,0.969038369220969,5,0.629586011171341
218,0.869880065321922,0.998080002314089,5,0.629586011171341
228,0.869880065321922,0.941766793557863,5,0.629586011171341
236,0.869880065321922,0.967396174943081,5,0.629586011171341
253,0.869880065321922,0.00125399973818707,5,0.629586011171341
258,0.869880065321922,0.884301678968556,5,0.629586011171341
2,0.896579404671987,0.586230530254625,5,0.629586011171341
21,0.896579404671987,0.361235526103702,5,0.629586011171341
35,0.896579404671987,0.385840650542729,5,0.629586011171341
44,0.896579404671987,0.949203083651906,5,0.629586011171341
48,0.896579404671987,0.951664477864147,5,0.629586011171341
50,0.896579404671987,0.619910897843113,5,0.629586011171341
51,0.896579404671987,0.0105687792950233,5,0.629586011171341
72,0.896579404671987,0.99197120337186,5,0.629586011171341
81,0.896579404671987,0.125123746769216,5,0.629586011171341
88,0.896579404671987,0.979825062511528,5,0.629586011171341
106,0.896579404671987,0.602048048840928,5,0.629586011171341
107,0.896579404671987,0.956104981375622,5,0.629586011171341
122,0.896579404671987,0.982750587247947,5,0.629586011171341
135,0.896579404671987,0.996033753565486,5,0.629586011171341
150,0.896579404671987,0.985789770202041,5,0.629586011171341
161,0.896579404671987,0.836448252713388,5,0.629586011171341
170,0.896579404671987,0.858085570663164,5,0.629586011171341
175,0.896579404671987,0.968116428754194,5,0.629586011171341
188,0.896579404671987,0.950663785850383,5,0.629586011171341
189,0.896579404671987,0.966978901530285,5,0.629586011171341
190,0.896579404671987,0.534930958519828,5,0.629586011171341
192,0.896579404671987,0.971194641647214,5,0.629586011171341
202,0.896579404671987,0.889166959388464,5,0.629586011171341
206,0.896579404671987,0.965475827960535,5,0.629586011171341
218,0.896579404671987,0.997866871919539,5,0.629586011171341
228,0.896579404671987,0.930004127470397,5,0.629586011171341
236,0.896579404671987,0.96198433179381,5,0.629586011171341
253,0.896579404671987,0.000640455914829086,5,0.629586011171341
258,0.896579404671987,0.867645013740916,5,0.629586011171341
2,0.923278744022051,0.541089741164973,5,0.629586011171341
21,0.923278744022051,0.30956882844,5,0.629586011171341
35,0.923278744022051,0.35118696655486,5,0.629586011171341
44,0.923278744022051,0.943256048915387,5,0.629586011171341
48,0.923278744022051,0.946105676334284,5,0.629586011171341
50,0.923278744022051,0.577392143048573,5,0.629586011171341
51,0.923278744022051,0.00763274581646045,5,0.629586011171341
72,0.923278744022051,0.990863195156368,5,0.629586011171341
81,0.923278744022051,0.0936519037866576,5,0.629586011171341
88,0.923278744022051,0.976615658733324,5,0.629586011171341
106,0.923278744022051,0.571107708336744,5,0.629586011171341
107,0.923278744022051,0.950622349470896,5,0.629586011171341
122,0.923278744022051,0.980770206807417,5,0.629586011171341
135,0.923278744022051,0.995610525380432,5,0.629586011171341
150,0.923278744022051,0.983992732767177,5,0.629586011171341
161,0.923278744022051,0.816274906406332,5,0.629586011171341
170,0.923278744022051,0.840520040773853,5,0.629586011171341
175,0.923278744022051,0.964561832445635,5,0.629586011171341
188,0.923278744022051,0.944474400209109,5,0.629586011171341
189,0.923278744022051,0.962601012123121,5,0.629586011171341
190,0.923278744022051,0.497243806882494,5,0.629586011171341
192,0.923278744022051,0.967616523886172,5,0.629586011171341
202,0.923278744022051,0.87584047052497,5,0.629586011171341
206,0.923278744022051,0.961839857161008,5,0.629586011171341
218,0.923278744022051,0.997641970382962,5,0.629586011171341
228,0.923278744022051,0.917023726342952,5,0.629586011171341
236,0.923278744022051,0.956142086248409,5,0.629586011171341
253,0.923278744022051,0.000361445169326791,5,0.629586011171341
258,0.923278744022051,0.850121223226939,5,0.629586011171341
2,0.949978083372116,0.496734631151524,5,0.629586011171341
21,0.949978083372116,0.263129697283881,5,0.629586011171341
35,0.949978083372116,0.319373031925453,5,0.629586011171341
44,0.949978083372116,0.937122726631955,5,0.629586011171341
48,0.949978083372116,0.941457661734927,5,0.629586011171341
50,0.949978083372116,0.535070130512182,5,0.629586011171341
51,0.949978083372116,0.00579921411119777,5,0.629586011171341
72,0.949978083372116,0.98968337426759,5,0.629586011171341
81,0.949978083372116,0.0692868906033267,5,0.629586011171341
88,0.949978083372116,0.973107971914457,5,0.629586011171341
106,0.949978083372116,0.541758954419829,5,0.629586011171341
107,0.949978083372116,0.944910714613053,5,0.629586011171341
122,0.949978083372116,0.978718867097156,5,0.629586011171341
135,0.949978083372116,0.995179232640397,5,0.629586011171341
150,0.949978083372116,0.982093851079807,5,0.629586011171341
161,0.949978083372116,0.795690468585511,5,0.629586011171341
170,0.949978083372116,0.822653601678373,5,0.629586011171341
175,0.949978083372116,0.960894235830187,5,0.629586011171341
188,0.949978083372116,0.939143086582426,5,0.629586011171341
189,0.949978083372116,0.957996675316991,5,0.629586011171341
190,0.949978083372116,0.461735127415114,5,0.629586011171341
192,0.949978083372116,0.963888381504413,5,0.629586011171341
202,0.949978083372116,0.86218652400515,5,0.629586011171341
206,0.949978083372116,0.958127280227723,5,0.629586011171341
218,0.949978083372116,0.997420566470401,5,0.629586011171341
228,0.949978083372116,0.902890371187334,5,0.629586011171341
236,0.949978083372116,0.949797868019756,5,0.629586011171341
253,0.949978083372116,0.000207442641361411,5,0.629586011171341
258,0.949978083372116,0.831399193768416,5,0.629586011171341
2,0.976677422722181,0.452849701710394,5,0.629586011171341
21,0.976677422722181,0.22176627588234,5,0.629586011171341
35,0.976677422722181,0.29012169224508,5,0.629586011171341
44,0.976677422722181,0.930115896201479,5,0.629586011171341
48,0.976677422722181,0.935602781861873,5,0.629586011171341
50,0.976677422722181,0.49329661181066,5,0.629586011171341
51,0.976677422722181,0.00450793532376315,5,0.629586011171341
72,0.976677422722181,0.988426192521396,5,0.629586011171341
81,0.976677422722181,0.0509557368507531,5,0.629586011171341
88,0.976677422722181,0.969277413398439,5,0.629586011171341
106,0.976677422722181,0.513931986577934,5,0.629586011171341
107,0.976677422722181,0.938958835758863,5,0.629586011171341
122,0.976677422722181,0.976592219237631,5,0.629586011171341
135,0.976677422722181,0.994739393994656,5,0.629586011171341
150,0.976677422722181,0.980086229159493,5,0.629586011171341
161,0.976677422722181,0.785749680672298,5,0.629586011171341
170,0.976677422722181,0.80460373165333,5,0.629586011171341
175,0.976677422722181,0.957108352688959,5,0.629586011171341
188,0.976677422722181,0.933710035052283,5,0.629586011171341
189,0.976677422722181,0.953093684628545,5,0.629586011171341
190,0.976677422722181,0.428465841633664,5,0.629586011171341
192,0.976677422722181,0.960137432148748,5,0.629586011171341
202,0.976677422722181,0.848218076213048,5,0.629586011171341
206,0.976677422722181,0.954334801856638,5,0.629586011171341
218,0.976677422722181,0.997075574573554,5,0.629586011171341
228,0.976677422722181,0.887711205316414,5,0.629586011171341
236,0.976677422722181,0.942964514320644,5,0.629586011171341
253,0.976677422722181,0.000110331059509639,5,0.629586011171341
258,0.976677422722181,0.812107109318851,5,0.629586011171341
2,1.00337676207225,0.409554783773831,5,0.629586011171341
21,1.00337676207225,0.183661611555638,5,0.629586011171341
35,1.00337676207225,0.26344909260646,5,0.629586011171341
44,1.00337676207225,0.923570059125894,5,0.629586011171341
48,1.00337676207225,0.930071973797166,5,0.629586011171341
50,1.00337676207225,0.452032943591043,5,0.629586011171341
51,1.00337676207225,0.0034908707956337,5,0.629586011171341
72,1.00337676207225,0.987033670185533,5,0.629586011171341
81,1.00337676207225,0.0370438089346491,5,0.629586011171341
88,1.00337676207225,0.965099490436653,5,0.629586011171341
106,1.00337676207225,0.487560604973752,5,0.629586011171341
107,1.00337676207225,0.933216047655624,5,0.629586011171341
122,1.00337676207225,0.974385720050445,5,0.629586011171341
135,1.00337676207225,0.994282541113837,5,0.629586011171341
150,1.00337676207225,0.977987688988429,5,0.629586011171341
161,1.00337676207225,0.755845990470184,5,0.629586011171341
170,1.00337676207225,0.786488793835465,5,0.629586011171341
175,1.00337676207225,0.953045141439782,5,0.629586011171341
188,1.00337676207225,0.928171559598405,5,0.629586011171341
189,1.00337676207225,0.948027025922127,5,0.629586011171341
190,1.00337676207225,0.397464194881992,5,0.629586011171341
192,1.00337676207225,0.956160989479449,5,0.629586011171341
202,1.00337676207225,0.833943120147247,5,0.629586011171341
206,1.00337676207225,0.950234341051763,5,0.629586011171341
218,1.00337676207225,0.99684121745138,5,0.629586011171341
228,1.00337676207225,0.871623235300373,5,0.629586011171341
236,1.00337676207225,0.93563779975152,5,0.629586011171341
253,1.00337676207225,6.45253225732834e-05,5,0.629586011171341
258,1.00337676207225,0.792702878170504,5,0.629586011171341
2,1.03007610142231,0.370225217234118,5,0.629586011171341
21,1.03007610142231,0.152173825098338,5,0.629586011171341
35,1.03007610142231,0.238850352887084,5,0.629586011171341
44,1.03007610142231,0.916817173449235,5,0.629586011171341
48,1.03007610142231,0.923122211043238,5,0.629586011171341
50,1.03007610142231,0.409370994646535,5,0.629586011171341
51,1.03007610142231,0.00266058836205851,5,0.629586011171341
72,1.03007610142231,0.985724927362095,5,0.629586011171341
81,1.03007610142231,0.0267647064440227,5,0.629586011171341
88,1.03007610142231,0.960550618336746,5,0.629586011171341
106,1.03007610142231,0.464128987589153,5,0.629586011171341
107,1.03007610142231,0.927064873935008,5,0.629586011171341
122,1.03007610142231,0.972094637657584,5,0.629586011171341
135,1.03007610142231,0.99375280579191,5,0.629586011171341
150,1.03007610142231,0.975326229259314,5,0.629586011171341
161,1.03007610142231,0.739290642640816,5,0.629586011171341
170,1.03007610142231,0.768421789017405,5,0.629586011171341
175,1.03007610142231,0.948004592667363,5,0.629586011171341
188,1.03007610142231,0.922523930391359,5,0.629586011171341
189,1.03007610142231,0.942775845168024,5,0.629586011171341
190,1.03007610142231,0.368730788929753,5,0.629586011171341
192,1.03007610142231,0.95180423568143,5,0.629586011171341
202,1.03007610142231,0.819366495413024,5,0.629586011171341
206,1.03007610142231,0.945307244815817,5,0.629586011171341
218,1.03007610142231,0.996613751849971,5,0.629586011171341
228,1.03007610142231,0.854775354546861,5,0.629586011171341
236,1.03007610142231,0.927823746778185,5,0.629586011171341
253,1.03007610142231,3.46222044279587e-05,5,0.629586011171341
258,1.03007610142231,0.770350591643475,5,0.629586011171341
2,1.05677544077237,0.332196984280259,5,0.629586011171341
21,1.05677544077237,0.125565932331894,5,0.629586011171341
35,1.05677544077237,0.216426123815612,5,0.629586011171341
44,1.05677544077237,0.909850440743114,5,0.629586011171341
48,1.05677544077237,0.916722249691982,5,0.629586011171341
50,1.05677544077237,0.371977694272805,5,0.629586011171341
51,1.05677544077237,0.00197672384912351,5,0.629586011171341
72,1.05677544077237,0.984200562448788,5,0.629586011171341
81,1.05677544077237,0.0192475996083545,5,0.629586011171341
88,1.05677544077237,0.955609134936124,5,0.629586011171341
106,1.05677544077237,0.440444654776086,5,0.629586011171341
107,1.05677544077237,0.920261106716105,5,0.629586011171341
122,1.05677544077237,0.969602010626689,5,0.629586011171341
135,1.05677544077237,0.993268605117905,5,0.629586011171341
150,1.05677544077237,0.972925988749449,5,0.629586011171341
161,1.05677544077237,0.714853340120953,5,0.629586011171341
170,1.05677544077237,0.750504588535328,5,0.629586011171341
175,1.05677544077237,0.943789587336972,5,0.629586011171341
188,1.05677544077237,0.916763389177784,5,0.629586011171341
189,1.05677544077237,0.937258148727622,5,0.629586011171341
190,1.05677544077237,0.342241874474949,5,0.629586011171341
192,1.05677544077237,0.947398693586449,5,0.629586011171341
202,1.05677544077237,0.804492715253898,5,0.629586011171341
206,1.05677544077237,0.941219233338141,5,0.629586011171341
218,1.05677544077237,0.996369032659323,5,0.629586011171341
228,1.05677544077237,0.837309744179558,5,0.629586011171341
236,1.05677544077237,0.919539791852574,5,0.629586011171341
253,1.05677544077237,1.90145058136526e-05,5,0.629586011171341
258,1.05677544077237,0.74846324300378,5,0.629586011171341
2,1.08347478012244,0.296319255786165,5,0.629586011171341
21,1.08347478012244,0.103047708981651,5,0.629586011171341
35,1.08347478012244,0.196076439731883,5,0.629586011171341
44,1.08347478012244,0.902532666682475,5,0.629586011171341
48,1.08347478012244,0.91013199769408,5,0.629586011171341
50,1.08347478012244,0.335610051248663,5,0.629586011171341
51,1.08347478012244,0.00142150842097721,5,0.629586011171341
72,1.08347478012244,0.982571706125642,5,0.629586011171341
81,1.08347478012244,0.0137098860562753,5,0.629586011171341
88,1.08347478012244,0.950658392107853,5,0.629586011171341
106,1.08347478012244,0.418032042367775,5,0.629586011171341
107,1.08347478012244,0.913264787213239,5,0.629586011171341
122,1.08347478012244,0.967123747872426,5,0.629586011171341
135,1.08347478012244,0.992786435409976,5,0.629586011171341
150,1.08347478012244,0.970383689460197,5,0.629586011171341
161,1.08347478012244,0.692951113994433,5,0.629586011171341
170,1.08347478012244,0.732823589075103,5,0.629586011171341
175,1.08347478012244,0.9394323467089,5,0.629586011171341
188,1.08347478012244,0.910886166318054,5,0.629586011171341
189,1.08347478012244,0.93152575403454,5,0.629586011171341
190,1.08347478012244,0.317951430722516,5,0.629586011171341
192,1.08347478012244,0.942800990630101,5,0.629586011171341
202,1.08347478012244,0.789329033150158,5,0.629586011171341
206,1.08347478012244,0.937036966062672,5,0.629586011171341
218,1.08347478012244,0.99611840029575,5,0.629586011171341
228,1.08347478012244,0.819347353293691,5,0.629586011171341
236,1.08347478012244,0.910815147421483,5,0.629586011171341
253,1.08347478012244,1.14863942437538e-05,5,0.629586011171341
258,1.08347478012244,0.725768967517627,5,0.629586011171341
2,1.1101741194725,0.262753657078245,5,0.629586011171341
21,1.1101741194725,0.0841827045127158,5,0.629586011171341
35,1.1101741194725,0.177689694960047,5,0.629586011171341
44,1.1101741194725,0.896085576616203,5,0.629586011171341
48,1.1101741194725,0.903346519034491,5,0.629586011171341
50,1.1101741194725,0.301171892436554,5,0.629586011171341
51,1.1101741194725,0.000982218755143704,5,0.629586011171341
72,1.1101741194725,0.980830115146516,5,0.629586011171341
81,1.1101741194725,0.00979639604831972,5,0.629586011171341
88,1.1101741194725,0.944896097403317,5,0.629586011171341
106,1.1101741194725,0.396832238758693,5,0.629586011171341
107,1.1101741194725,0.905981663654653,5,0.629586011171341
122,1.1101741194725,0.964545701106759,5,0.629586011171341
135,1.1101741194725,0.992292867061505,5,0.629586011171341
150,1.1101741194725,0.967689816530319,5,0.629586011171341
161,1.1101741194725,0.670905225894652,5,0.629586011171341
170,1.1101741194725,0.715447532479298,5,0.629586011171341
175,1.1101741194725,0.934926404333617,5,0.629586011171341
188,1.1101741194725,0.904888499710985,5,0.629586011171341
189,1.1101741194725,0.925590750017834,5,0.629586011171341
190,1.1101741194725,0.295792977756705,5,0.629586011171341
192,1.1101741194725,0.938001911534447,5,0.629586011171341
202,1.1101741194725,0.773887899994318,5,0.629586011171341
206,1.1101741194725,0.932756612359896,5,0.629586011171341
218,1.1101741194725,0.995861448877628,5,0.629586011171341
228,1.1101741194725,0.80098098834905,5,0.629586011171341
236,1.1101741194725,0.901690189804756,5,0.629586011171341
253,1.1101741194725,6.68678067117234e-06,5,0.629586011171341
258,1.1101741194725,0.702314116311215,5,0.629586011171341
2,1.13687345882257,0.23162093511781,5,0.629586011171341
21,1.13687345882257,0.0685278746136767,5,0.629586011171341
35,1.13687345882257,0.161138117649539,5,0.629586011171341
44,1.13687345882257,0.887930681880257,5,0.629586011171341
48,1.13687345882257,0.896361468130856,5,0.629586011171341
50,1.13687345882257,0.268817048069376,5,0.629586011171341
51,1.13687345882257,0.000650671603850128,5,0.629586011171341
72,1.13687345882257,0.97896688682718,5,0.629586011171341
81,1.13687345882257,0.00698751384118934,5,0.629586011171341
88,1.13687345882257,0.938696756959282,5,0.629586011171341
106,1.13687345882257,0.376787347089508,5,0.629586011171341
107,1.13687345882257,0.898407006541103,5,0.629586011171341
122,1.13687345882257,0.961509209762082,5,0.629586011171341
135,1.13687345882257,0.991787235665117,5,0.629586011171341
150,1.13687345882257,0.964834286844191,5,0.629586011171341
161,1.13687345882257,0.648766601733615,5,0.629586011171341
170,1.13687345882257,0.698427758012172,5,0.629586011171341
175,1.13687345882257,0.930265070523534,5,0.629586011171341
188,1.13687345882257,0.897099084780532,5,0.629586011171341
189,1.13687345882257,0.919468353409849,5,0.629586011171341
190,1.13687345882257,0.275681512933704,5,0.629586011171341
192,1.13687345882257,0.932992087403414,5,0.629586011171341
202,1.13687345882257,0.758188290194239,5,0.629586011171341
206,1.13687345882257,0.928374245293962,5,0.629586011171341
218,1.13687345882257,0.995597749201904,5,0.629586011171341
228,1.13687345882257,0.782280070889485,5,0.629586011171341
236,1.13687345882257,0.892214941907841,5,0.629586011171341
253,1.13687345882257,3.86857871903512e-06,5,0.629586011171341
258,1.13687345882257,0.678157245841942,5,0.629586011171341
2,1.16357279817263,0.202994937947498,5,0.629586011171341
21,1.16357279817263,0.0556506279215292,5,0.629586011171341
35,1.16357279817263,0.146279370012277,5,0.629586011171341
44,1.16357279817263,0.880054432174364,5,0.629586011171341
48,1.16357279817263,0.889173227436095,5,0.629586011171341
50,1.16357279817263,0.238653525583469,5,0.629586011171341
51,1.16357279817263,0.000407289637355257,5,0.629586011171341
72,1.16357279817263,0.976972417366463,5,0.629586011171341
81,1.16357279817263,0.00500683051953354,5,0.629586011171341
88,1.16357279817263,0.932061545161756,5,0.629586011171341
106,1.16357279817263,0.35784096175945,5,0.629586011171341
107,1.16357279817263,0.890538674682605,5,0.629586011171341
122,1.16357279817263,0.958706020352966,5,0.629586011171341
135,1.16357279817263,0.991268839749222,5,0.629586011171341
150,1.16357279817263,0.961806444693618,5,0.629586011171341
161,1.16357279817263,0.62658634831974,5,0.629586011171341
170,1.16357279817263,0.681800512591977,5,0.629586011171341
175,1.16357279817263,0.925441444210147,5,0.629586011171341
188,1.16357279817263,0.891347072403638,5,0.629586011171341
189,1.16357279817263,0.913176380510956,5,0.629586011171341
190,1.16357279817263,0.257515593382467,5,0.629586011171341
192,1.16357279817263,0.927762060484937,5,0.629586011171341
202,1.16357279817263,0.742255936546328,5,0.629586011171341
206,1.16357279817263,0.923885848258091,5,0.629586011171341
218,1.16357279817263,0.995241203928916,5,0.629586011171341
228,1.16357279817263,0.763310525762023,5,0.629586011171341
236,1.16357279817263,0.882447025772779,5,0.629586011171341
253,1.16357279817263,2.22212348977013e-06,5,0.629586011171341
258,1.16357279817263,0.653369039560925,5,0.629586011171341
2,1.1902721375227,0.17661846220031,5,0.629586011171341
21,1.1902721375227,0.0451418119980549,5,0.629586011171341
35,1.1902721375227,0.132962311481017,5,0.629586011171341
44,1.1902721375227,0.8719353469988,5,0.629586011171341
48,1.1902721375227,0.881213730100957,5,0.629586011171341
50,1.1902721375227,0.210745334855995,5,0.629586011171341
51,1.1902721375227,0.00024305806722047,5,0.629586011171341
72,1.1902721375227,0.974836360986915,5,0.629586011171341
81,1.1902721375227,0.0035683955252559,5,0.629586011171341
88,1.1902721375227,0.924995870110245,5,0.629586011171341
106,1.1902721375227,0.339938485751826,5,0.629586011171341
107,1.1902721375227,0.882377605522381,5,0.629586011171341
122,1.1902721375227,0.95578677119901,5,0.629586011171341
135,1.1902721375227,0.990736938446555,5,0.629586011171341
150,1.1902721375227,0.958595065732166,5,0.629586011171341
161,1.1902721375227,0.604415660019708,5,0.629586011171341
170,1.1902721375227,0.665590374956238,5,0.629586011171341
175,1.1902721375227,0.920448428913407,5,0.629586011171341
188,1.1902721375227,0.884941416784467,5,0.629586011171341
189,1.1902721375227,0.906734454528322,5,0.629586011171341
190,1.1902721375227,0.241179716854904,5,0.629586011171341
192,1.1902721375227,0.922302362392456,5,0.629586011171341
202,1.1902721375227,0.726122955236245,5,0.629586011171341
206,1.1902721375227,0.919287322971739,5,0.629586011171341
218,1.1902721375227,0.994960352170965,5,0.629586011171341
228,1.1902721375227,0.744120691526832,5,0.629586011171341
236,1.1902721375227,0.872449670195232,5,0.629586011171341
253,1.1902721375227,1.26652826748508e-06,5,0.629586011171341
258,1.1902721375227,0.628031775940606,5,0.629586011171341
2,1.21697147687276,0.15305820766397,5,0.629586011171341
21,1.21697147687276,0.0363207304334652,5,0.629586011171341
35,1.21697147687276,0.121034273746384,5,0.629586011171341
44,1.21697147687276,0.86356942484713,5,0.629586011171341
48,1.21697147687276,0.873599008738539,5,0.629586011171341
50,1.21697147687276,0.184946683611699,5,0.629586011171341
51,1.21697147687276,0.00013642716229445,5,0.629586011171341
72,1.21697147687276,0.972547591058256,5,0.629586011171341
81,1.21697147687276,0.00254547564072394,5,0.629586011171341
88,1.21697147687276,0.917512013710452,5,0.629586011171341
106,1.21697147687276,0.323027235580586,5,0.629586011171341
107,1.21697147687276,0.873928265434595,5,0.629586011171341
122,1.21697147687276,0.952979473201291,5,0.629586011171341
135,1.21697147687276,0.990190748989017,5,0.629586011171341
150,1.21697147687276,0.954902699498998,5,0.629586011171341
161,1.21697147687276,0.582305812492861,5,0.629586011171341
170,1.21697147687276,0.64981362526165,5,0.629586011171341
175,1.21697147687276,0.914679623139328,5,0.629586011171341
188,1.21697147687276,0.878401362124345,5,0.629586011171341
189,1.21697147687276,0.900162999033195,5,0.629586011171341
190,1.21697147687276,0.226547273696512,5,0.629586011171341
192,1.21697147687276,0.916603606904716,5,0.629586011171341
202,1.21697147687276,0.709827386678379,5,0.629586011171341
206,1.21697147687276,0.914117806292867,5,0.629586011171341
218,1.21697147687276,0.994671284778897,5,0.629586011171341
228,1.21697147687276,0.724935463972262,5,0.629586011171341
236,1.21697147687276,0.862290242276541,5,0.629586011171341
253,1.21697147687276,7.16060507000016e-07,5,0.629586011171341
258,1.21697147687276,0.602238330299902,5,0.629586011171341
2,1.24367081622283,0.131425262171628,5,0.629586011171341
21,1.24367081622283,0.0295088355522136,5,0.629586011171341
35,1.24367081622283,0.110347773612875,5,0.629586011171341
44,1.24367081622283,0.854953555813528,5,0.629586011171341
48,1.24367081622283,0.865776530482441,5,0.629586011171341
50,1.24367081622283,0.161602997217377,5,0.629586011171341
51,1.24367081622283,7.15145043931331e-05,5,0.629586011171341
72,1.24367081622283,0.970094164763021,5,0.629586011171341
81,1.24367081622283,0.00181905616003897,5,0.629586011171341
88,1.24367081622283,0.909627670275043,5,0.629586011171341
106,1.24367081622283,0.307056377295417,5,0.629586011171341
107,1.24367081622283,0.86519900976239,5,0.629586011171341
122,1.24367081622283,0.949819409592741,5,0.629586011171341
135,1.24367081622283,0.989629444015388,5,0.629586011171341
150,1.24367081622283,0.951276623070823,5,0.629586011171341
161,1.24367081622283,0.566500670677573,5,0.629586011171341
170,1.24367081622283,0.634480652269502,5,0.629586011171341
175,1.24367081622283,0.909308513963568,5,0.629586011171341
188,1.24367081622283,0.871738132042045,5,0.629586011171341
189,1.24367081622283,0.893482121449247,5,0.629586011171341
190,1.24367081622283,0.213484110339273,5,0.629586011171341
192,1.24367081622283,0.910656598139776,5,0.629586011171341
202,1.24367081622283,0.693412865139676,5,0.629586011171341
206,1.24367081622283,0.909275599215249,5,0.629586011171341
218,1.24367081622283,0.994351212654253,5,0.629586011171341
228,1.24367081622283,0.705889797373452,5,0.629586011171341
236,1.24367081622283,0.852039196788045,5,0.629586011171341
253,1.24367081622283,3.6626384158911e-07,5,0.629586011171341
258,1.24367081622283,0.576090742124736,5,0.629586011171341
2,1.27037015557289,0.112693365992545,5,0.629586011171341
21,1.27037015557289,0.0240227280621753,5,0.629586011171341
35,1.27037015557289,0.100765414494497,5,0.629586011171341
44,1.27037015557289,0.846085665442884,5,0.629586011171341
48,1.27037015557289,0.85867070222096,5,0.629586011171341
50,1.27037015557289,0.140488225944626,5,0.629586011171341
51,1.27037015557289,3.47337198367548e-05,5,0.629586011171341
72,1.27037015557289,0.967463293218157,5,0.629586011171341
81,1.27037015557289,0.0013033137732047,5,0.629586011171341
88,1.27037015557289,0.901363267244368,5,0.629586011171341
106,1.27037015557289,0.291976765902616,5,0.629586011171341
107,1.27037015557289,0.856202292757228,5,0.629586011171341
122,1.27037015557289,0.946525053962139,5,0.629586011171341
135,1.27037015557289,0.98903597097912,5,0.629586011171341
150,1.27037015557289,0.947429907209171,5,0.629586011171341
161,1.27037015557289,0.544626650287952,5,0.629586011171341
170,1.27037015557289,0.619597112989733,5,0.629586011171341
175,1.27037015557289,0.903745764600188,5,0.629586011171341
188,1.27037015557289,0.864919826744225,5,0.629586011171341
189,1.27037015557289,0.886710537777125,5,0.629586011171341
190,1.27037015557289,0.201852385133012,5,0.629586011171341
192,1.27037015557289,0.904998484179891,5,0.629586011171341
202,1.27037015557289,0.676928267390158,5,0.629586011171341
206,1.27037015557289,0.904310649968927,5,0.629586011171341
218,1.27037015557289,0.994043546917235,5,0.629586011171341
228,1.27037015557289,0.687173914542245,5,0.629586011171341
236,1.27037015557289,0.841768524396566,5,0.629586011171341
253,1.27037015557289,2.03194103431947e-07,5,0.629586011171341
258,1.27037015557289,0.55033422467651,5,0.629586011171341
2,1.29706949492296,0.0961555139712665,5,0.629586011171341
21,1.29706949492296,0.0196393408915294,5,0.629586011171341
35,1.29706949492296,0.0921624303473281,5,0.629586011171341
44,1.29706949492296,0.83696486347808,5,0.629586011171341
48,1.29706949492296,0.850452613596148,5,0.629586011171341
50,1.29706949492296,0.121364867032605,5,0.629586011171341
51,1.29706949492296,1.5491937797818e-05,5,0.629586011171341
72,1.29706949492296,0.96464131950849,5,0.629586011171341
81,1.29706949492296,0.000936769021219752,5,0.629586011171341
88,1.29706949492296,0.892738317984546,5,0.629586011171341
106,1.29706949492296,0.277740773415085,5,0.629586011171341
107,1.29706949492296,0.84728445219447,5,0.629586011171341
122,1.29706949492296,0.943092438711452,5,0.629586011171341
135,1.29706949492296,0.988471991416406,5,0.629586011171341
150,1.29706949492296,0.943150271738366,5,0.629586011171341
161,1.29706949492296,0.522944296344273,5,0.629586011171341
170,1.29706949492296,0.605164203850324,5,0.629586011171341
175,1.29706949492296,0.897894551735063,5,0.629586011171341
188,1.29706949492296,0.85795772238659,5,0.629586011171341
189,1.29706949492296,0.879864714232328,5,0.629586011171341
190,1.29706949492296,0.191514266090612,5,0.629586011171341
192,1.29706949492296,0.898542544928823,5,0.629586011171341
202,1.29706949492296,0.660427052685229,5,0.629586011171341
206,1.29706949492296,0.89869403650861,5,0.629586011171341
218,1.29706949492296,0.993725950577909,5,0.629586011171341
228,1.29706949492296,0.668958437249331,5,0.629586011171341
236,1.29706949492296,0.831548393526934,5,0.629586011171341
253,1.29706949492296,1.10429864808026e-07,5,0.629586011171341
258,1.29706949492296,0.523806257747762,5,0.629586011171341
2,1.32376883427302,0.0816538012818532,5,0.629586011171341
21,1.32376883427302,0.0161245724193397,5,0.629586011171341
35,1.32376883427302,0.0844270073565764,5,0.629586011171341
44,1.32376883427302,0.827591594428068,5,0.629586011171341
48,1.32376883427302,0.842033381527406,5,0.629586011171341
50,1.32376883427302,0.10449865996605,5,0.629586011171341
51,1.32376883427302,6.28150678427808e-06,5,0.629586011171341
72,1.32376883427302,0.961613707626605,5,0.629586011171341
81,1.32376883427302,0.000675643557351502,5,0.629586011171341
88,1.32376883427302,0.883767534419525,5,0.629586011171341
106,1.32376883427302,0.264302186702942,5,0.629586011171341
107,1.32376883427302,0.837812032955171,5,0.629586011171341
122,1.32376883427302,0.939517092723367,5,0.629586011171341
135,1.32376883427302,0.987860189656637,5,0.629586011171341
150,1.32376883427302,0.938815830617737,5,0.629586011171341
161,1.32376883427302,0.499382390871423,5,0.629586011171341
170,1.32376883427302,0.591178729289866,5,0.629586011171341
175,1.32376883427302,0.891923655099213,5,0.629586011171341
188,1.32376883427302,0.850849133797408,5,0.629586011171341
189,1.32376883427302,0.872958386510354,5,0.629586011171341
190,1.32376883427302,0.182335164889483,5,0.629586011171341
192,1.32376883427302,0.891812992568478,5,0.629586011171341
202,1.32376883427302,0.643966119578121,5,0.629586011171341
206,1.32376883427302,0.893460484691752,5,0.629586011171341
218,1.32376883427302,0.993410215650269,5,0.629586011171341
228,1.32376883427302,0.651375287549305,5,0.629586011171341
236,1.32376883427302,0.821441425826905,5,0.629586011171341
253,1.32376883427302,6.02120980852661e-08,5,0.629586011171341
258,1.32376883427302,0.497264026718815,5,0.629586011171341
2,1.35046817362309,0.0690168668092543,5,0.629586011171341
21,1.35046817362309,0.0133035292375355,5,0.629586011171341
35,1.35046817362309,0.0774591280763167,5,0.629586011171341
44,1.35046817362309,0.817827284648928,5,0.629586011171341
48,1.35046817362309,0.83261272948541,5,0.629586011171341
50,1.35046817362309,0.0895863951114667,5,0.629586011171341
51,1.35046817362309,2.28860532147657e-06,5,0.629586011171341
72,1.35046817362309,0.958365045983661,5,0.629586011171341
81,1.35046817362309,0.000488921334183101,5,0.629586011171341
88,1.35046817362309,0.87445788349628,5,0.629586011171341
106,1.35046817362309,0.251616224146099,5,0.629586011171341
107,1.35046817362309,0.828132360757015,5,0.629586011171341
122,1.35046817362309,0.935794455502265,5,0.629586011171341
135,1.35046817362309,0.987229455257565,5,0.629586011171341
150,1.35046817362309,0.934220242176327,5,0.629586011171341
161,1.35046817362309,0.47668170245875,5,0.629586011171341
170,1.35046817362309,0.577633541745712,5,0.629586011171341
175,1.35046817362309,0.885295925556337,5,0.629586011171341
188,1.35046817362309,0.843591667201356,5,0.629586011171341
189,1.35046817362309,0.866002555737817,5,0.629586011171341
190,1.35046817362309,0.174186411828989,5,0.629586011171341
192,1.35046817362309,0.884341581327218,5,0.629586011171341
202,1.35046817362309,0.627604213994517,5,0.629586011171341
206,1.35046817362309,0.88809146516942,5,0.629586011171341
218,1.35046817362309,0.993085703166951,5,0.629586011171341
228,1.35046817362309,0.634512064429331,5,0.629586011171341
236,1.35046817362309,0.811495838043765,5,0.629586011171341
253,1.35046817362309,3.2544263284251e-08,5,0.629586011171341
258,1.35046817362309,0.469737646040644,5,0.629586011171341
2,1.37716751297315,0.0580679037958204,5,0.629586011171341
21,1.37716751297315,0.0110364169987172,5,0.629586011171341
35,1.37716751297315,0.0711689631860944,5,0.629586011171341
44,1.37716751297315,0.807954417065744,5,0.629586011171341
48,1.37716751297315,0.823800386851928,5,0.629586011171341
50,1.37716751297315,0.0761295608956001,5,0.629586011171341
51,1.37716751297315,7.39165684771059e-07,5,0.629586011171341
72,1.37716751297315,0.954879069894769,5,0.629586011171341
81,1.37716751297315,0.000354730189195296,5,0.629586011171341
88,1.37716751297315,0.864807929022771,5,0.629586011171341
106,1.37716751297315,0.239180352039412,5,0.629586011171341
107,1.37716751297315,0.818271316104388,5,0.629586011171341
122,1.37716751297315,0.931920283276645,5,0.629586011171341
135,1.37716751297315,0.986412421056801,5,0.629586011171341
150,1.37716751297315,0.929375920365285,5,0.629586011171341
161,1.37716751297315,0.455971776871163,5,0.629586011171341
170,1.37716751297315,0.564518509681624,5,0.629586011171341
175,1.37716751297315,0.878880136829159,5,0.629586011171341
188,1.37716751297315,0.836183265183682,5,0.629586011171341
189,1.37716751297315,0.859005960677968,5,0.629586011171341
190,1.37716751297315,0.166947368892334,5,0.629586011171341
192,1.37716751297315,0.877035488359363,5,0.629586011171341
202,1.37716751297315,0.611400080059044,5,0.629586011171341
206,1.37716751297315,0.882398402104409,5,0.629586011171341
218,1.37716751297315,0.992735052174818,5,0.629586011171341
228,1.37716751297315,0.618412715154804,5,0.629586011171341
236,1.37716751297315,0.801740253848173,5,0.629586011171341
253,1.37716751297315,1.74313038447949e-08,5,0.629586011171341
258,1.37716751297315,0.443547284526893,5,0.629586011171341
2,1.40386685232321,0.0486316933668157,5,0.629586011171341
21,1.40386685232321,0.00921201027201124,5,0.629586011171341
35,1.40386685232321,0.065475637069048,5,0.629586011171341
44,1.40386685232321,0.797839995560792,5,0.629586011171341
48,1.40386685232321,0.814810849246518,5,0.629586011171341
50,1.40386685232321,0.0647678548226953,5,0.629586011171341
51,1.40386685232321,2.07870160529033e-07,5,0.629586011171341
72,1.40386685232321,0.95113870821267,5,0.629586011171341
81,1.40386685232321,0.000257720270428807,5,0.629586011171341
88,1.40386685232321,0.854810359284151,5,0.629586011171341
106,1.40386685232321,0.227882559224384,5,0.629586011171341
107,1.40386685232321,0.808160082188932,5,0.629586011171341
122,1.40386685232321,0.927890818463018,5,0.629586011171341
135,1.40386685232321,0.985736838245407,5,0.629586011171341
150,1.40386685232321,0.924217253010741,5,0.629586011171341
161,1.40386685232321,0.442988446697197,5,0.629586011171341
170,1.40386685232321,0.551821727266116,5,0.629586011171341
175,1.40386685232321,0.87231331256398,5,0.629586011171341
188,1.40386685232321,0.828622253997161,5,0.629586011171341
189,1.40386685232321,0.851975915570487,5,0.629586011171341
190,1.40386685232321,0.160506949238133,5,0.629586011171341
192,1.40386685232321,0.869330709654923,5,0.629586011171341
202,1.40386685232321,0.595410598970217,5,0.629586011171341
206,1.40386685232321,0.876742771982076,5,0.629586011171341
218,1.40386685232321,0.992332914628725,5,0.629586011171341
228,1.40386685232321,0.603079276508748,5,0.629586011171341
236,1.40386685232321,0.792182811070081,5,0.629586011171341
253,1.40386685232321,8.55301685032117e-09,5,0.629586011171341
258,1.40386685232321,0.417697162111379,5,0.629586011171341
2,1.43056619167328,0.040540132444195,5,0.629586011171341
21,1.43056619167328,0.00774110250274329,5,0.629586011171341
35,1.43056619167328,0.0603066752504268,5,0.629586011171341
44,1.43056619167328,0.787491195914171,5,0.629586011171341
48,1.43056619167328,0.805842056855648,5,0.629586011171341
50,1.43056619167328,0.054934227802609,5,0.629586011171341
51,1.43056619167328,5.01498587102134e-08,5,0.629586011171341
72,1.43056619167328,0.947126160136161,5,0.629586011171341
81,1.43056619167328,0.000189015465795306,5,0.629586011171341
88,1.43056619167328,0.844457471797117,5,0.629586011171341
106,1.43056619167328,0.217213039360265,5,0.629586011171341
107,1.43056619167328,0.798015790314012,5,0.629586011171341
122,1.43056619167328,0.923702867591175,5,0.629586011171341
135,1.43056619167328,0.985038821457312,5,0.629586011171341
150,1.43056619167328,0.918756291539617,5,0.629586011171341
161,1.43056619167328,0.423377538970495,5,0.629586011171341
170,1.43056619167328,0.539530484962056,5,0.629586011171341
175,1.43056619167328,0.86525903439816,5,0.629586011171341
188,1.43056619167328,0.820907392837398,5,0.629586011171341
189,1.43056619167328,0.844919317859491,5,0.629586011171341
190,1.43056619167328,0.154764476612246,5,0.629586011171341
192,1.43056619167328,0.861436031077998,5,0.629586011171341
202,1.43056619167328,0.579689130357098,5,0.629586011171341
206,1.43056619167328,0.870939202532767,5,0.629586011171341
218,1.43056619167328,0.991955160873631,5,0.629586011171341
228,1.43056619167328,0.588474838013833,5,0.629586011171341
236,1.43056619167328,0.782815090927665,5,0.629586011171341
253,1.43056619167328,4.4850605451785e-09,5,0.629586011171341
258,1.43056619167328,0.39229649792567,5,0.629586011171341
2,0.906064030528068,0.957309658731577,5,0.887977749109268
21,0.906064030528068,0.922300745833162,5,0.887977749109268
44,0.906064030528068,0.991505185990833,5,0.887977749109268
48,0.906064030528068,0.996405072459105,5,0.887977749109268
51,0.906064030528068,0.530048562556803,5,0.887977749109268
72,0.906064030528068,0.998934816539751,5,0.887977749109268
107,0.906064030528068,0.996831512053653,5,0.887977749109268
122,0.906064030528068,0.998150889549976,5,0.887977749109268
135,0.906064030528068,0.999638518566367,5,0.887977749109268
150,0.906064030528068,0.999166613963273,5,0.887977749109268
161,0.906064030528068,0.993597553451082,5,0.887977749109268
170,0.906064030528068,0.99323628779079,5,0.887977749109268
175,0.906064030528068,0.996794870230885,5,0.887977749109268
2,0.924150311946869,0.913974159831544,5,0.887977749109268
21,0.924150311946869,0.843569197337733,5,0.887977749109268
44,0.924150311946869,0.983637817597133,5,0.887977749109268
48,0.924150311946869,0.99274632077929,5,0.887977749109268
51,0.924150311946869,0.27976762651293,5,0.887977749109268
72,0.924150311946869,0.997814534244857,5,0.887977749109268
107,0.924150311946869,0.993296211775445,5,0.887977749109268
122,0.924150311946869,0.996602120257539,5,0.887977749109268
135,0.924150311946869,0.999260046627186,5,0.887977749109268
150,0.924150311946869,0.998491348531396,5,0.887977749109268
161,0.924150311946869,0.987154201720477,5,0.887977749109268
170,0.924150311946869,0.986311416183565,5,0.887977749109268
175,0.924150311946869,0.994425180433081,5,0.887977749109268
2,0.942236593365669,0.870126053687682,5,0.887977749109268
21,0.942236593365669,0.770713965252713,5,0.887977749109268
44,0.942236593365669,0.975739211791865,5,0.887977749109268
48,0.942236593365669,0.989021869858861,5,0.887977749109268
51,0.942236593365669,0.144407174202814,5,0.887977749109268
72,0.942236593365669,0.996635967441521,5,0.887977749109268
107,0.942236593365669,0.988955225503508,5,0.887977749109268
122,0.942236593365669,0.99502175243043,5,0.887977749109268
135,0.942236593365669,0.998873864606912,5,0.887977749109268
150,0.942236593365669,0.99780271491334,5,0.887977749109268
161,0.942236593365669,0.978602591493384,5,0.887977749109268
170,0.942236593365669,0.979234938861738,5,0.887977749109268
175,0.942236593365669,0.992160578638647,5,0.887977749109268
2,0.96032287478447,0.825911675621783,5,0.887977749109268
21,0.96032287478447,0.700313901256062,5,0.887977749109268
44,0.96032287478447,0.964616560211522,5,0.887977749109268
48,0.96032287478447,0.986353115407122,5,0.887977749109268
51,0.96032287478447,0.0730833468815745,5,0.887977749109268
72,0.96032287478447,0.995395744322369,5,0.887977749109268
107,0.96032287478447,0.985448057294916,5,0.887977749109268
122,0.96032287478447,0.993302704400355,5,0.887977749109268
135,0.96032287478447,0.998507181446243,5,0.887977749109268
150,0.96032287478447,0.997100263832651,5,0.887977749109268
161,0.96032287478447,0.971443671355648,5,0.887977749109268
170,0.96032287478447,0.97201779693389,5,0.887977749109268
175,0.96032287478447,0.989702729305068,5,0.887977749109268
2,0.97840915620327,0.780374853653864,5,0.887977749109268
21,0.97840915620327,0.633101374778383,5,0.887977749109268
44,0.97840915620327,0.955369331405742,5,0.887977749109268
48,0.97840915620327,0.982554300016949,5,0.887977749109268
51,0.97840915620327,0.0367866260162423,5,0.887977749109268
72,0.97840915620327,0.99403601498677,5,0.887977749109268
107,0.97840915620327,0.981981130414963,5,0.887977749109268
122,0.97840915620327,0.991966987475096,5,0.887977749109268
135,0.97840915620327,0.998134954963243,5,0.887977749109268
150,0.97840915620327,0.996383527465169,5,0.887977749109268
161,0.97840915620327,0.971291198259252,5,0.887977749109268
170,0.97840915620327,0.964672170501201,5,0.887977749109268
175,0.97840915620327,0.987196291112402,5,0.887977749109268
2,0.99649543762207,0.733251377023985,5,0.887977749109268
21,0.99649543762207,0.559101625300402,5,0.887977749109268
44,0.99649543762207,0.94664768413896,5,0.887977749109268
48,0.99649543762207,0.979090384028086,5,0.887977749109268
51,0.99649543762207,0.0181300510679878,5,0.887977749109268
72,0.99649543762207,0.992660096802774,5,0.887977749109268
107,0.99649543762207,0.978470568994441,5,0.887977749109268
122,0.99649543762207,0.990292789704001,5,0.887977749109268
135,0.99649543762207,0.997712655802661,5,0.887977749109268
150,0.99649543762207,0.995677660215213,5,0.887977749109268
161,0.99649543762207,0.959605700406882,5,0.887977749109268
170,0.99649543762207,0.957211267297668,5,0.887977749109268
175,0.99649543762207,0.984484218001739,5,0.887977749109268
2,1.01458171904087,0.688997082603301,5,0.887977749109268
21,1.01458171904087,0.496713862882614,5,0.887977749109268
44,1.01458171904087,0.937684622230874,5,0.887977749109268
48,1.01458171904087,0.975205019851719,5,0.887977749109268
51,1.01458171904087,0.00958967791541865,5,0.887977749109268
72,1.01458171904087,0.99121119245119,5,0.887977749109268
107,1.01458171904087,0.974859393107292,5,0.887977749109268
122,1.01458171904087,0.988583089980385,5,0.887977749109268
135,1.01458171904087,0.997327542181129,5,0.887977749109268
150,1.01458171904087,0.994401690134765,5,0.887977749109268
161,1.01458171904087,0.950748138486965,5,0.887977749109268
170,1.01458171904087,0.949649048600788,5,0.887977749109268
175,1.01458171904087,0.979784357907451,5,0.887977749109268
2,1.03266800045967,0.646144449098654,5,0.887977749109268
21,1.03266800045967,0.441607978797921,5,0.887977749109268
44,1.03266800045967,0.928475393801516,5,0.887977749109268
48,1.03266800045967,0.971160052424912,5,0.887977749109268
51,1.03266800045967,0.0054333688363073,5,0.887977749109268
72,1.03266800045967,0.989825965889472,5,0.887977749109268
107,1.03266800045967,0.971479947441342,5,0.887977749109268
122,1.03266800045967,0.986836778885431,5,0.887977749109268
135,1.03266800045967,0.996857300672216,5,0.887977749109268
150,1.03266800045967,0.993628158853759,5,0.887977749109268
161,1.03266800045967,0.949150409371856,5,0.887977749109268
170,1.03266800045967,0.941999897343681,5,0.887977749109268
175,1.03266800045967,0.977261715740661,5,0.887977749109268
2,1.05075428187847,0.602740712313258,5,0.887977749109268
21,1.05075428187847,0.390591469556678,5,0.887977749109268
44,1.05075428187847,0.918782070522503,5,0.887977749109268
48,1.05075428187847,0.967038256840748,5,0.887977749109268
51,1.05075428187847,0.00335239074351634,5,0.887977749109268
72,1.05075428187847,0.988222329955661,5,0.887977749109268
107,1.05075428187847,0.967637335131003,5,0.887977749109268
122,1.05075428187847,0.985052707901381,5,0.887977749109268
135,1.05075428187847,0.996412414365032,5,0.887977749109268
150,1.05075428187847,0.992835079677448,5,0.887977749109268
161,1.05075428187847,0.937048595743123,5,0.887977749109268
170,1.05075428187847,0.934278239030823,5,0.887977749109268
175,1.05075428187847,0.974494269873189,5,0.887977749109268
2,1.06884056329727,0.560071456284171,5,0.887977749109268
21,1.06884056329727,0.343717447440733,5,0.887977749109268
44,1.06884056329727,0.906350307369818,5,0.887977749109268
48,1.06884056329727,0.962837890354049,5,0.887977749109268
51,1.06884056329727,0.00223907310873572,5,0.887977749109268
72,1.06884056329727,0.986532464423785,5,0.887977749109268
107,1.06884056329727,0.963807242849948,5,0.887977749109268
122,1.06884056329727,0.983117068605253,5,0.887977749109268
135,1.06884056329727,0.996005482095165,5,0.887977749109268
150,1.06884056329727,0.99202482209921,5,0.887977749109268
161,1.06884056329727,0.930177435629299,5,0.887977749109268
170,1.06884056329727,0.926498132297228,5,0.887977749109268
175,1.06884056329727,0.971669871138232,5,0.887977749109268
2,1.08692684471607,0.518330924630541,5,0.887977749109268
21,1.08692684471607,0.30097474078892,5,0.887977749109268
44,1.08692684471607,0.896273691491055,5,0.887977749109268
48,1.08692684471607,0.958557276037261,5,0.887977749109268
51,1.08692684471607,0.0015825327929484,5,0.887977749109268
72,1.08692684471607,0.984751465213814,5,0.887977749109268
107,1.08692684471607,0.959204342181906,5,0.887977749109268
122,1.08692684471607,0.981251650944564,5,0.887977749109268
135,1.08692684471607,0.995591781458665,5,0.887977749109268
150,1.08692684471607,0.991196785709,5,0.887977749109268
161,1.08692684471607,0.923258754296292,5,0.887977749109268
170,1.08692684471607,0.918672852161641,5,0.887977749109268
175,1.08692684471607,0.96878681136688,5,0.887977749109268
2,1.10501312613487,0.477708343488063,5,0.887977749109268
21,1.10501312613487,0.262290803576276,5,0.887977749109268
44,1.10501312613487,0.885933123170159,5,0.887977749109268
48,1.10501312613487,0.954194816901014,5,0.887977749109268
51,1.10501312613487,0.00115058105332666,5,0.887977749109268
72,1.10501312613487,0.982874183429751,5,0.887977749109268
107,1.10501312613487,0.953933193918107,5,0.887977749109268
122,1.10501312613487,0.979610662040764,5,0.887977749109268
135,1.10501312613487,0.995122867848419,5,0.887977749109268
150,1.10501312613487,0.990350346013264,5,0.887977749109268
161,1.10501312613487,0.916291931689546,5,0.887977749109268
170,1.10501312613487,0.910814494361569,5,0.887977749109268
175,1.10501312613487,0.965843334998389,5,0.887977749109268
2,1.12309940755367,0.438384188345579,5,0.887977749109268
21,1.12309940755367,0.227536903123838,5,0.887977749109268
44,1.12309940755367,0.876639219320647,5,0.887977749109268
48,1.12309940755367,0.949749010891523,5,0.887977749109268
51,1.12309940755367,0.0008382576026712,5,0.887977749109268
72,1.12309940755367,0.980895222262146,5,0.887977749109268
107,1.12309940755367,0.949809901838981,5,0.887977749109268
122,1.12309940755367,0.977269939283533,5,0.887977749109268
135,1.12309940755367,0.994693647911083,5,0.887977749109268
150,1.12309940755367,0.989484853518097,5,0.887977749109268
161,1.12309940755367,0.909276378520179,5,0.887977749109268
170,1.12309940755367,0.902933632603418,5,0.887977749109268
175,1.12309940755367,0.962837638990979,5,0.887977749109268
2,1.14118568897247,0.400526462071758,5,0.887977749109268
21,1.14118568897247,0.195686369329618,5,0.887977749109268
44,1.14118568897247,0.865136393903622,5,0.887977749109268
48,1.14118568897247,0.946109828483642,5,0.887977749109268
51,1.14118568897247,0.000606595369733842,5,0.887977749109268
72,1.14118568897247,0.978808935815556,5,0.887977749109268
107,1.14118568897247,0.945600520324622,5,0.887977749109268
122,1.14118568897247,0.975275795002513,5,0.887977749109268
135,1.14118568897247,0.99425693693408,5,0.887977749109268
150,1.14118568897247,0.988599632775053,5,0.887977749109268
161,1.14118568897247,0.902211539599464,5,0.887977749109268
170,1.14118568897247,0.895039061010917,5,0.887977749109268
175,1.14118568897247,0.959767872853853,5,0.887977749109268
2,1.15927197039127,0.364287137439767,5,0.887977749109268
21,1.15927197039127,0.168316316482955,5,0.887977749109268
44,1.15927197039127,0.853999707838415,5,0.887977749109268
48,1.15927197039127,0.941510456868991,5,0.887977749109268
51,1.15927197039127,0.000432369740071659,5,0.887977749109268
72,1.15927197039127,0.976609430285543,5,0.887977749109268
107,1.15927197039127,0.941302749634615,5,0.887977749109268
122,1.15927197039127,0.973236264281768,5,0.887977749109268
135,1.15927197039127,0.993812485161172,5,0.887977749109268
150,1.15927197039127,0.987693981390461,5,0.887977749109268
161,1.15927197039127,0.895096897188327,5,0.887977749109268
170,1.15927197039127,0.887137650550152,5,0.887977749109268
175,1.15927197039127,0.956632138821745,5,0.887977749109268
2,1.17735825181007,0.329798923194451,5,0.887977749109268
21,1.17735825181007,0.142879040952461,5,0.887977749109268
44,1.17735825181007,0.842589887139878,5,0.887977749109268
48,1.17735825181007,0.936823880402257,5,0.887977749109268
51,1.17735825181007,0.000304812630490536,5,0.887977749109268
72,1.17735825181007,0.974290567963821,5,0.887977749109268
107,1.17735825181007,0.93691424983901,5,0.887977749109268
122,1.17735825181007,0.971149905133836,5,0.887977749109268
135,1.17735825181007,0.993360033507134,5,0.887977749109268
150,1.17735825181007,0.986495524699343,5,0.887977749109268
161,1.17735825181007,0.887060015301717,5,0.887977749109268
170,1.17735825181007,0.879234340156732,5,0.887977749109268
175,1.17735825181007,0.953674397530583,5,0.887977749109268
2,1.19544453322887,0.296666164258341,5,0.887977749109268
21,1.19544453322887,0.120996890376709,5,0.887977749109268
44,1.19544453322887,0.826611684774372,5,0.887977749109268
48,1.19544453322887,0.931469004031423,5,0.887977749109268
51,1.19544453322887,0.000209758414000505,5,0.887977749109268
72,1.19544453322887,0.971845974610854,5,0.887977749109268
107,1.19544453322887,0.932432643275926,5,0.887977749109268
122,1.19544453322887,0.969015229570822,5,0.887977749109268
135,1.19544453322887,0.992899313207365,5,0.887977749109268
150,1.19544453322887,0.985540067023702,5,0.887977749109268
161,1.19544453322887,0.879831750645957,5,0.887977749109268
170,1.19544453322887,0.871332270783828,5,0.887977749109268
175,1.19544453322887,0.949029718850878,5,0.887977749109268
2,1.21353081464767,0.266023477664037,5,0.887977749109268
21,1.21353081464767,0.102940881789239,5,0.887977749109268
44,1.21353081464767,0.814305238640844,5,0.887977749109268
48,1.21353081464767,0.926596242833986,5,0.887977749109268
51,1.21353081464767,0.000140486628721681,5,0.887977749109268
72,1.21353081464767,0.969269050786979,5,0.887977749109268
107,1.21353081464767,0.927855517393687,5,0.887977749109268
122,1.21353081464767,0.967080188098145,5,0.887977749109268
135,1.21353081464767,0.992392545176373,5,0.887977749109268
150,1.21353081464767,0.984349542756823,5,0.887977749109268
161,1.21353081464767,0.872552510468653,5,0.887977749109268
170,1.21353081464767,0.863433054624472,5,0.887977749109268
175,1.21353081464767,0.945660343972541,5,0.887977749109268
2,1.23161709606647,0.237390048871495,5,0.887977749109268
21,1.23161709606647,0.0873209400745072,5,0.887977749109268
44,1.23161709606647,0.801974222781922,5,0.887977749109268
48,1.23161709606647,0.921634013884052,5,0.887977749109268
51,1.23161709606647,9.13385104756026e-05,5,0.887977749109268
72,1.23161709606647,0.966552987792096,5,0.887977749109268
107,1.23161709606647,0.922498947017379,5,0.887977749109268
122,1.23161709606647,0.964848507605336,5,0.887977749109268
135,1.23161709606647,0.991853866183536,5,0.887977749109268
150,1.23161709606647,0.983342972949256,5,0.887977749109268
161,1.23161709606647,0.86240104260196,5,0.887977749109268
170,1.23161709606647,0.85553715435116,5,0.887977749109268
175,1.23161709606647,0.941616125652788,5,0.887977749109268
2,1.24970337748528,0.209931194035911,5,0.887977749109268
21,1.24970337748528,0.0738225825673708,5,0.887977749109268
44,1.24970337748528,0.789374467310866,5,0.887977749109268
48,1.24970337748528,0.916581930853499,5,0.887977749109268
51,1.24970337748528,5.75010585065483e-05,5,0.887977749109268
72,1.24970337748528,0.96369078890966,5,0.887977749109268
107,1.24970337748528,0.917706971958587,5,0.887977749109268
122,1.24970337748528,0.962563753147335,5,0.887977749109268
135,1.24970337748528,0.991364372673928,5,0.887977749109268
150,1.24970337748528,0.982311851984939,5,0.887977749109268
161,1.24970337748528,0.860523645583978,5,0.887977749109268
170,1.24970337748528,0.847644331241787,5,0.887977749109268
175,1.24970337748528,0.938084911994417,5,0.887977749109268
2,1.26778965890408,0.185470241503538,5,0.887977749109268
21,1.26778965890408,0.0622967523557927,5,0.887977749109268
44,1.26778965890408,0.776509221707907,5,0.887977749109268
48,1.26778965890408,0.91239450713463,5,0.887977749109268
51,1.26778965890408,3.49589280422835e-05,5,0.887977749109268
72,1.26778965890408,0.9606752966882,5,0.887977749109268
107,1.26778965890408,0.912650779629278,5,0.887977749109268
122,1.26778965890408,0.960692634253012,5,0.887977749109268
135,1.26778965890408,0.990846868567672,5,0.887977749109268
150,1.26778965890408,0.981255290594737,5,0.887977749109268
161,1.26778965890408,0.853558101724445,5,0.887977749109268
170,1.26778965890408,0.839754109805419,5,0.887977749109268
175,1.26778965890408,0.934475199587087,5,0.887977749109268
2,1.28587594032288,0.163041895096289,5,0.887977749109268
21,1.28587594032288,0.0524507912603586,5,0.887977749109268
44,1.28587594032288,0.764715161086474,5,0.887977749109268
48,1.28587594032288,0.907179234713186,5,0.887977749109268
51,1.28587594032288,2.04682403383005e-05,5,0.887977749109268
72,1.28587594032288,0.95749922701732,5,0.887977749109268
107,1.28587594032288,0.907646799092373,5,0.887977749109268
122,1.28587594032288,0.958307453207811,5,0.887977749109268
135,1.28587594032288,0.990337720622531,5,0.887977749109268
150,1.28587594032288,0.980010560586063,5,0.887977749109268
161,1.28587594032288,0.846113653069796,5,0.887977749109268
170,1.28587594032288,0.831866202954441,5,0.887977749109268
175,1.28587594032288,0.930696076210042,5,0.887977749109268
2,1.30396222174168,0.142605745934904,5,0.887977749109268
21,1.30396222174168,0.0440668476793403,5,0.887977749109268
44,1.30396222174168,0.751347419498941,5,0.887977749109268
48,1.30396222174168,0.901868962559028,5,0.887977749109268
51,1.30396222174168,1.13845748328512e-05,5,0.887977749109268
72,1.30396222174168,0.954155210749685,5,0.887977749109268
107,1.30396222174168,0.902879455178661,5,0.887977749109268
122,1.30396222174168,0.955864150000175,5,0.887977749109268
135,1.30396222174168,0.989853134962158,5,0.887977749109268
150,1.30396222174168,0.978897232117991,5,0.887977749109268
161,1.30396222174168,0.838599991773443,5,0.887977749109268
170,1.30396222174168,0.823980847601931,5,0.887977749109268
175,1.30396222174168,0.926921324728711,5,0.887977749109268
2,1.32204850316048,0.12410056623783,5,0.887977749109268
21,1.32204850316048,0.0369467992449697,5,0.887977749109268
44,1.32204850316048,0.737729545490857,5,0.887977749109268
48,1.32204850316048,0.896469377440155,5,0.887977749109268
51,1.32204850316048,6.12075967787451e-06,5,0.887977749109268
72,1.32204850316048,0.950635843590429,5,0.887977749109268
107,1.32204850316048,0.896235725986537,5,0.887977749109268
122,1.32204850316048,0.95336089738347,5,0.887977749109268
135,1.32204850316048,0.98932394817186,5,0.887977749109268
150,1.32204850316048,0.977755561870027,5,0.887977749109268
161,1.32204850316048,0.82848148185163,5,0.887977749109268
170,1.32204850316048,0.816099015506221,5,0.887977749109268
175,1.32204850316048,0.923061390865357,5,0.887977749109268
2,1.34013478457928,0.107447158816515,5,0.887977749109268
21,1.34013478457928,0.0307916674121425,5,0.887977749109268
44,1.34013478457928,0.723869417040369,5,0.887977749109268
48,1.34013478457928,0.890128624218097,5,0.887977749109268
51,1.34013478457928,3.13781360994358e-06,5,0.887977749109268
72,1.34013478457928,0.946933744895331,5,0.887977749109268
107,1.34013478457928,0.890881284166791,5,0.887977749109268
122,1.34013478457928,0.950641771244992,5,0.887977749109268
135,1.34013478457928,0.98878390465908,5,0.887977749109268
150,1.34013478457928,0.976584513975226,5,0.887977749109268
161,1.34013478457928,0.818582204369209,5,0.887977749109268
170,1.34013478457928,0.808222485583077,5,0.887977749109268
175,1.34013478457928,0.91911397893429,5,0.887977749109268
2,1.35822106599808,0.0925515404660532,5,0.887977749109268
21,1.35822106599808,0.0257035829964622,5,0.887977749109268
44,1.35822106599808,0.709594905551282,5,0.887977749109268
48,1.35822106599808,0.884544950157981,5,0.887977749109268
51,1.35822106599808,1.5279195819673e-06,5,0.887977749109268
72,1.35822106599808,0.943041625892169,5,0.887977749109268
107,1.35822106599808,0.885411225898992,5,0.887977749109268
122,1.35822106599808,0.948009947646625,5,0.887977749109268
135,1.35822106599808,0.988232628954893,5,0.887977749109268
150,1.35822106599808,0.975383012632709,5,0.887977749109268
161,1.35822106599808,0.810877297742371,5,0.887977749109268
170,1.35822106599808,0.80035378714805,5,0.887977749109268
175,1.35822106599808,0.914911030979492,5,0.887977749109268
2,1.37630734741688,0.0793082976019235,5,0.887977749109268
21,1.37630734741688,0.0214028070435848,5,0.887977749109268
44,1.37630734741688,0.695278404316589,5,0.887977749109268
48,1.37630734741688,0.878875611391301,5,0.887977749109268
51,1.37630734741688,7.03719076344811e-07,5,0.887977749109268
72,1.37630734741688,0.938952367642318,5,0.887977749109268
107,1.37630734741688,0.87982307030619,5,0.887977749109268
122,1.37630734741688,0.94531238113047,5,0.887977749109268
135,1.37630734741688,0.987487028389136,5,0.887977749109268
150,1.37630734741688,0.974173831004491,5,0.887977749109268
161,1.37630734741688,0.8021475370908,5,0.887977749109268
170,1.37630734741688,0.792496043243915,5,0.887977749109268
175,1.37630734741688,0.910781137882792,5,0.887977749109268
2,1.39439362883568,0.0676039555486401,5,0.887977749109268
21,1.39439362883568,0.0177700508787515,5,0.887977749109268
44,1.39439362883568,0.676444962118899,5,0.887977749109268
48,1.39439362883568,0.874117876360059,5,0.887977749109268
51,1.39439362883568,3.00704444899935e-07,5,0.887977749109268
72,1.39439362883568,0.934659108784777,5,0.887977749109268
107,1.39439362883568,0.874014208553456,5,0.887977749109268
122,1.39439362883568,0.942547051165993,5,0.887977749109268
135,1.39439362883568,0.986909218656012,5,0.887977749109268
150,1.39439362883568,0.972908421739025,5,0.887977749109268
161,1.39439362883568,0.801624213123551,5,0.887977749109268
170,1.39439362883568,0.784652754845397,5,0.887977749109268
175,1.39439362883568,0.9065568251432,5,0.887977749109268
2,1.41247991025448,0.0573202155664344,5,0.887977749109268
21,1.41247991025448,0.0145824743115962,5,0.887977749109268
44,1.41247991025448,0.661686644383084,5,0.887977749109268
48,1.41247991025448,0.868293315087348,5,0.887977749109268
51,1.41247991025448,1.2209038080524e-07,5,0.887977749109268
72,1.41247991025448,0.930155342741124,5,0.887977749109268
107,1.41247991025448,0.868181422349643,5,0.887977749109268
122,1.41247991025448,0.939711890512859,5,0.887977749109268
135,1.41247991025448,0.986318956342872,5,0.887977749109268
150,1.41247991025448,0.971283113237992,5,0.887977749109268
161,1.41247991025448,0.797387847545538,5,0.887977749109268
170,1.41247991025448,0.776827568273916,5,0.887977749109268
175,1.41247991025448,0.90231793087319,5,0.887977749109268
2,1.43056619167328,0.0483369344316606,5,0.887977749109268
21,1.43056619167328,0.01201418229427,5,0.887977749109268
44,1.43056619167328,0.646750230603679,5,0.887977749109268
48,1.43056619167328,0.862590886025742,5,0.887977749109268
51,1.43056619167328,4.61908942206435e-08,5,0.887977749109268
72,1.43056619167328,0.925435023591104,5,0.887977749109268
107,1.43056619167328,0.861444647958957,5,0.887977749109268
122,1.43056619167328,0.936804786436885,5,0.887977749109268
135,1.43056619167328,0.985715806221047,5,0.887977749109268
150,1.43056619167328,0.969942177366519,5,0.887977749109268
161,1.43056619167328,0.790733459023282,5,0.887977749109268
170,1.43056619167328,0.769024060791658,5,0.887977749109268
175,1.43056619167328,0.896144240127497,5,0.887977749109268
